mother_id,height_cm,current_week,current_weight_kg,current_waist_cm,target_week,target_weight_kg,target_waist_cm
M001,170.1,12,63.4,71.9,14,63.6,74.2
M001,170.1,12,63.4,71.9,16,64.4,76.0
M001,170.1,12,63.4,71.9,18,64.6,78.0
M001,170.1,12,63.4,71.9,20,65.0,80.1
M001,170.1,12,63.4,71.9,22,65.5,81.8
M001,170.1,12,63.4,71.9,24,66.1,84.5
M001,170.1,12,63.4,71.9,26,66.5,86.1
M001,170.1,12,63.4,71.9,28,67.5,88.8
M001,170.1,12,63.4,71.9,30,68.0,90.6
M001,170.1,12,63.4,71.9,32,68.5,92.2
M001,170.1,12,63.4,71.9,34,69.3,94.8
M001,170.1,12,63.4,71.9,36,69.5,96.9
M001,170.1,12,63.4,71.9,38,70.3,99.0
M001,170.1,12,63.4,71.9,40,71.3,101.1
M001,170.1,14,63.6,74.2,16,64.4,76.0
M001,170.1,14,63.6,74.2,18,64.6,78.0
M001,170.1,14,63.6,74.2,20,65.0,80.1
M001,170.1,14,63.6,74.2,22,65.5,81.8
M001,170.1,14,63.6,74.2,24,66.1,84.5
M001,170.1,14,63.6,74.2,26,66.5,86.1
M001,170.1,14,63.6,74.2,28,67.5,88.8
M001,170.1,14,63.6,74.2,30,68.0,90.6
M001,170.1,14,63.6,74.2,32,68.5,92.2
M001,170.1,14,63.6,74.2,34,69.3,94.8
M001,170.1,14,63.6,74.2,36,69.5,96.9
M001,170.1,14,63.6,74.2,38,70.3,99.0
M001,170.1,14,63.6,74.2,40,71.3,101.1
M001,170.1,16,64.4,76.0,18,64.6,78.0
M001,170.1,16,64.4,76.0,20,65.0,80.1
M001,170.1,16,64.4,76.0,22,65.5,81.8
M001,170.1,16,64.4,76.0,24,66.1,84.5
M001,170.1,16,64.4,76.0,26,66.5,86.1
M001,170.1,16,64.4,76.0,28,67.5,88.8
M001,170.1,16,64.4,76.0,30,68.0,90.6
M001,170.1,16,64.4,76.0,32,68.5,92.2
M001,170.1,16,64.4,76.0,34,69.3,94.8
M001,170.1,16,64.4,76.0,36,69.5,96.9
M001,170.1,16,64.4,76.0,38,70.3,99.0
M001,170.1,16,64.4,76.0,40,71.3,101.1
M001,170.1,18,64.6,78.0,20,65.0,80.1
M001,170.1,18,64.6,78.0,22,65.5,81.8
M001,170.1,18,64.6,78.0,24,66.1,84.5
M001,170.1,18,64.6,78.0,26,66.5,86.1
M001,170.1,18,64.6,78.0,28,67.5,88.8
M001,170.1,18,64.6,78.0,30,68.0,90.6
M001,170.1,18,64.6,78.0,32,68.5,92.2
M001,170.1,18,64.6,78.0,34,69.3,94.8
M001,170.1,18,64.6,78.0,36,69.5,96.9
M001,170.1,18,64.6,78.0,38,70.3,99.0
M001,170.1,18,64.6,78.0,40,71.3,101.1
M001,170.1,20,65.0,80.1,22,65.5,81.8
M001,170.1,20,65.0,80.1,24,66.1,84.5
M001,170.1,20,65.0,80.1,26,66.5,86.1
M001,170.1,20,65.0,80.1,28,67.5,88.8
M001,170.1,20,65.0,80.1,30,68.0,90.6
M001,170.1,20,65.0,80.1,32,68.5,92.2
M001,170.1,20,65.0,80.1,34,69.3,94.8
M001,170.1,20,65.0,80.1,36,69.5,96.9
M001,170.1,20,65.0,80.1,38,70.3,99.0
M001,170.1,20,65.0,80.1,40,71.3,101.1
M001,170.1,22,65.5,81.8,24,66.1,84.5
M001,170.1,22,65.5,81.8,26,66.5,86.1
M001,170.1,22,65.5,81.8,28,67.5,88.8
M001,170.1,22,65.5,81.8,30,68.0,90.6
M001,170.1,22,65.5,81.8,32,68.5,92.2
M001,170.1,22,65.5,81.8,34,69.3,94.8
M001,170.1,22,65.5,81.8,36,69.5,96.9
M001,170.1,22,65.5,81.8,38,70.3,99.0
M001,170.1,22,65.5,81.8,40,71.3,101.1
M001,170.1,24,66.1,84.5,26,66.5,86.1
M001,170.1,24,66.1,84.5,28,67.5,88.8
M001,170.1,24,66.1,84.5,30,68.0,90.6
M001,170.1,24,66.1,84.5,32,68.5,92.2
M001,170.1,24,66.1,84.5,34,69.3,94.8
M001,170.1,24,66.1,84.5,36,69.5,96.9
M001,170.1,24,66.1,84.5,38,70.3,99.0
M001,170.1,24,66.1,84.5,40,71.3,101.1
M001,170.1,26,66.5,86.1,28,67.5,88.8
M001,170.1,26,66.5,86.1,30,68.0,90.6
M001,170.1,26,66.5,86.1,32,68.5,92.2
M001,170.1,26,66.5,86.1,34,69.3,94.8
M001,170.1,26,66.5,86.1,36,69.5,96.9
M001,170.1,26,66.5,86.1,38,70.3,99.0
M001,170.1,26,66.5,86.1,40,71.3,101.1
M001,170.1,28,67.5,88.8,30,68.0,90.6
M001,170.1,28,67.5,88.8,32,68.5,92.2
M001,170.1,28,67.5,88.8,34,69.3,94.8
M001,170.1,28,67.5,88.8,36,69.5,96.9
M001,170.1,28,67.5,88.8,38,70.3,99.0
M001,170.1,28,67.5,88.8,40,71.3,101.1
M001,170.1,30,68.0,90.6,32,68.5,92.2
M001,170.1,30,68.0,90.6,34,69.3,94.8
M001,170.1,30,68.0,90.6,36,69.5,96.9
M001,170.1,30,68.0,90.6,38,70.3,99.0
M001,170.1,30,68.0,90.6,40,71.3,101.1
M001,170.1,32,68.5,92.2,34,69.3,94.8
M001,170.1,32,68.5,92.2,36,69.5,96.9
M001,170.1,32,68.5,92.2,38,70.3,99.0
M001,170.1,32,68.5,92.2,40,71.3,101.1
M001,170.1,34,69.3,94.8,36,69.5,96.9
M001,170.1,34,69.3,94.8,38,70.3,99.0
M001,170.1,34,69.3,94.8,40,71.3,101.1
M001,170.1,36,69.5,96.9,38,70.3,99.0
M001,170.1,36,69.5,96.9,40,71.3,101.1
M001,170.1,38,70.3,99.0,40,71.3,101.1
M002,168.3,12,63.9,76.4,14,63.8,77.0
M002,168.3,12,63.9,76.4,16,65.3,77.9
M002,168.3,12,63.9,76.4,18,65.7,79.2
M002,168.3,12,63.9,76.4,20,66.5,79.0
M002,168.3,12,63.9,76.4,22,67.1,80.5
M002,168.3,12,63.9,76.4,24,68.0,81.3
M002,168.3,12,63.9,76.4,26,68.8,82.1
M002,168.3,12,63.9,76.4,28,69.8,82.8
M002,168.3,12,63.9,76.4,30,70.7,83.7
M002,168.3,12,63.9,76.4,32,71.6,83.9
M002,168.3,12,63.9,76.4,34,72.3,85.6
M002,168.3,12,63.9,76.4,36,73.4,86.6
M002,168.3,12,63.9,76.4,38,74.0,87.7
M002,168.3,12,63.9,76.4,40,74.8,87.9
M002,168.3,14,63.8,77.0,16,65.3,77.9
M002,168.3,14,63.8,77.0,18,65.7,79.2
M002,168.3,14,63.8,77.0,20,66.5,79.0
M002,168.3,14,63.8,77.0,22,67.1,80.5
M002,168.3,14,63.8,77.0,24,68.0,81.3
M002,168.3,14,63.8,77.0,26,68.8,82.1
M002,168.3,14,63.8,77.0,28,69.8,82.8
M002,168.3,14,63.8,77.0,30,70.7,83.7
M002,168.3,14,63.8,77.0,32,71.6,83.9
M002,168.3,14,63.8,77.0,34,72.3,85.6
M002,168.3,14,63.8,77.0,36,73.4,86.6
M002,168.3,14,63.8,77.0,38,74.0,87.7
M002,168.3,14,63.8,77.0,40,74.8,87.9
M002,168.3,16,65.3,77.9,18,65.7,79.2
M002,168.3,16,65.3,77.9,20,66.5,79.0
M002,168.3,16,65.3,77.9,22,67.1,80.5
M002,168.3,16,65.3,77.9,24,68.0,81.3
M002,168.3,16,65.3,77.9,26,68.8,82.1
M002,168.3,16,65.3,77.9,28,69.8,82.8
M002,168.3,16,65.3,77.9,30,70.7,83.7
M002,168.3,16,65.3,77.9,32,71.6,83.9
M002,168.3,16,65.3,77.9,34,72.3,85.6
M002,168.3,16,65.3,77.9,36,73.4,86.6
M002,168.3,16,65.3,77.9,38,74.0,87.7
M002,168.3,16,65.3,77.9,40,74.8,87.9
M002,168.3,18,65.7,79.2,20,66.5,79.0
M002,168.3,18,65.7,79.2,22,67.1,80.5
M002,168.3,18,65.7,79.2,24,68.0,81.3
M002,168.3,18,65.7,79.2,26,68.8,82.1
M002,168.3,18,65.7,79.2,28,69.8,82.8
M002,168.3,18,65.7,79.2,30,70.7,83.7
M002,168.3,18,65.7,79.2,32,71.6,83.9
M002,168.3,18,65.7,79.2,34,72.3,85.6
M002,168.3,18,65.7,79.2,36,73.4,86.6
M002,168.3,18,65.7,79.2,38,74.0,87.7
M002,168.3,18,65.7,79.2,40,74.8,87.9
M002,168.3,20,66.5,79.0,22,67.1,80.5
M002,168.3,20,66.5,79.0,24,68.0,81.3
M002,168.3,20,66.5,79.0,26,68.8,82.1
M002,168.3,20,66.5,79.0,28,69.8,82.8
M002,168.3,20,66.5,79.0,30,70.7,83.7
M002,168.3,20,66.5,79.0,32,71.6,83.9
M002,168.3,20,66.5,79.0,34,72.3,85.6
M002,168.3,20,66.5,79.0,36,73.4,86.6
M002,168.3,20,66.5,79.0,38,74.0,87.7
M002,168.3,20,66.5,79.0,40,74.8,87.9
M002,168.3,22,67.1,80.5,24,68.0,81.3
M002,168.3,22,67.1,80.5,26,68.8,82.1
M002,168.3,22,67.1,80.5,28,69.8,82.8
M002,168.3,22,67.1,80.5,30,70.7,83.7
M002,168.3,22,67.1,80.5,32,71.6,83.9
M002,168.3,22,67.1,80.5,34,72.3,85.6
M002,168.3,22,67.1,80.5,36,73.4,86.6
M002,168.3,22,67.1,80.5,38,74.0,87.7
M002,168.3,22,67.1,80.5,40,74.8,87.9
M002,168.3,24,68.0,81.3,26,68.8,82.1
M002,168.3,24,68.0,81.3,28,69.8,82.8
M002,168.3,24,68.0,81.3,30,70.7,83.7
M002,168.3,24,68.0,81.3,32,71.6,83.9
M002,168.3,24,68.0,81.3,34,72.3,85.6
M002,168.3,24,68.0,81.3,36,73.4,86.6
M002,168.3,24,68.0,81.3,38,74.0,87.7
M002,168.3,24,68.0,81.3,40,74.8,87.9
M002,168.3,26,68.8,82.1,28,69.8,82.8
M002,168.3,26,68.8,82.1,30,70.7,83.7
M002,168.3,26,68.8,82.1,32,71.6,83.9
M002,168.3,26,68.8,82.1,34,72.3,85.6
M002,168.3,26,68.8,82.1,36,73.4,86.6
M002,168.3,26,68.8,82.1,38,74.0,87.7
M002,168.3,26,68.8,82.1,40,74.8,87.9
M002,168.3,28,69.8,82.8,30,70.7,83.7
M002,168.3,28,69.8,82.8,32,71.6,83.9
M002,168.3,28,69.8,82.8,34,72.3,85.6
M002,168.3,28,69.8,82.8,36,73.4,86.6
M002,168.3,28,69.8,82.8,38,74.0,87.7
M002,168.3,28,69.8,82.8,40,74.8,87.9
M002,168.3,30,70.7,83.7,32,71.6,83.9
M002,168.3,30,70.7,83.7,34,72.3,85.6
M002,168.3,30,70.7,83.7,36,73.4,86.6
M002,168.3,30,70.7,83.7,38,74.0,87.7
M002,168.3,30,70.7,83.7,40,74.8,87.9
M002,168.3,32,71.6,83.9,34,72.3,85.6
M002,168.3,32,71.6,83.9,36,73.4,86.6
M002,168.3,32,71.6,83.9,38,74.0,87.7
M002,168.3,32,71.6,83.9,40,74.8,87.9
M002,168.3,34,72.3,85.6,36,73.4,86.6
M002,168.3,34,72.3,85.6,38,74.0,87.7
M002,168.3,34,72.3,85.6,40,74.8,87.9
M002,168.3,36,73.4,86.6,38,74.0,87.7
M002,168.3,36,73.4,86.6,40,74.8,87.9
M002,168.3,38,74.0,87.7,40,74.8,87.9
M003,165.6,12,66.9,81.8,14,67.7,82.7
M003,165.6,12,66.9,81.8,16,68.8,83.5
M003,165.6,12,66.9,81.8,18,69.2,84.2
M003,165.6,12,66.9,81.8,20,69.8,84.7
M003,165.6,12,66.9,81.8,22,70.4,85.9
M003,165.6,12,66.9,81.8,24,71.3,86.4
M003,165.6,12,66.9,81.8,26,72.1,87.0
M003,165.6,12,66.9,81.8,28,73.1,87.6
M003,165.6,12,66.9,81.8,30,73.8,88.4
M003,165.6,12,66.9,81.8,32,74.7,88.5
M003,165.6,12,66.9,81.8,34,75.3,90.5
M003,165.6,12,66.9,81.8,36,76.1,91.0
M003,165.6,12,66.9,81.8,38,77.4,91.6
M003,165.6,12,66.9,81.8,40,78.2,92.0
M003,165.6,14,67.7,82.7,16,68.8,83.5
M003,165.6,14,67.7,82.7,18,69.2,84.2
M003,165.6,14,67.7,82.7,20,69.8,84.7
M003,165.6,14,67.7,82.7,22,70.4,85.9
M003,165.6,14,67.7,82.7,24,71.3,86.4
M003,165.6,14,67.7,82.7,26,72.1,87.0
M003,165.6,14,67.7,82.7,28,73.1,87.6
M003,165.6,14,67.7,82.7,30,73.8,88.4
M003,165.6,14,67.7,82.7,32,74.7,88.5
M003,165.6,14,67.7,82.7,34,75.3,90.5
M003,165.6,14,67.7,82.7,36,76.1,91.0
M003,165.6,14,67.7,82.7,38,77.4,91.6
M003,165.6,14,67.7,82.7,40,78.2,92.0
M003,165.6,16,68.8,83.5,18,69.2,84.2
M003,165.6,16,68.8,83.5,20,69.8,84.7
M003,165.6,16,68.8,83.5,22,70.4,85.9
M003,165.6,16,68.8,83.5,24,71.3,86.4
M003,165.6,16,68.8,83.5,26,72.1,87.0
M003,165.6,16,68.8,83.5,28,73.1,87.6
M003,165.6,16,68.8,83.5,30,73.8,88.4
M003,165.6,16,68.8,83.5,32,74.7,88.5
M003,165.6,16,68.8,83.5,34,75.3,90.5
M003,165.6,16,68.8,83.5,36,76.1,91.0
M003,165.6,16,68.8,83.5,38,77.4,91.6
M003,165.6,16,68.8,83.5,40,78.2,92.0
M003,165.6,18,69.2,84.2,20,69.8,84.7
M003,165.6,18,69.2,84.2,22,70.4,85.9
M003,165.6,18,69.2,84.2,24,71.3,86.4
M003,165.6,18,69.2,84.2,26,72.1,87.0
M003,165.6,18,69.2,84.2,28,73.1,87.6
M003,165.6,18,69.2,84.2,30,73.8,88.4
M003,165.6,18,69.2,84.2,32,74.7,88.5
M003,165.6,18,69.2,84.2,34,75.3,90.5
M003,165.6,18,69.2,84.2,36,76.1,91.0
M003,165.6,18,69.2,84.2,38,77.4,91.6
M003,165.6,18,69.2,84.2,40,78.2,92.0
M003,165.6,20,69.8,84.7,22,70.4,85.9
M003,165.6,20,69.8,84.7,24,71.3,86.4
M003,165.6,20,69.8,84.7,26,72.1,87.0
M003,165.6,20,69.8,84.7,28,73.1,87.6
M003,165.6,20,69.8,84.7,30,73.8,88.4
M003,165.6,20,69.8,84.7,32,74.7,88.5
M003,165.6,20,69.8,84.7,34,75.3,90.5
M003,165.6,20,69.8,84.7,36,76.1,91.0
M003,165.6,20,69.8,84.7,38,77.4,91.6
M003,165.6,20,69.8,84.7,40,78.2,92.0
M003,165.6,22,70.4,85.9,24,71.3,86.4
M003,165.6,22,70.4,85.9,26,72.1,87.0
M003,165.6,22,70.4,85.9,28,73.1,87.6
M003,165.6,22,70.4,85.9,30,73.8,88.4
M003,165.6,22,70.4,85.9,32,74.7,88.5
M003,165.6,22,70.4,85.9,34,75.3,90.5
M003,165.6,22,70.4,85.9,36,76.1,91.0
M003,165.6,22,70.4,85.9,38,77.4,91.6
M003,165.6,22,70.4,85.9,40,78.2,92.0
M003,165.6,24,71.3,86.4,26,72.1,87.0
M003,165.6,24,71.3,86.4,28,73.1,87.6
M003,165.6,24,71.3,86.4,30,73.8,88.4
M003,165.6,24,71.3,86.4,32,74.7,88.5
M003,165.6,24,71.3,86.4,34,75.3,90.5
M003,165.6,24,71.3,86.4,36,76.1,91.0
M003,165.6,24,71.3,86.4,38,77.4,91.6
M003,165.6,24,71.3,86.4,40,78.2,92.0
M003,165.6,26,72.1,87.0,28,73.1,87.6
M003,165.6,26,72.1,87.0,30,73.8,88.4
M003,165.6,26,72.1,87.0,32,74.7,88.5
M003,165.6,26,72.1,87.0,34,75.3,90.5
M003,165.6,26,72.1,87.0,36,76.1,91.0
M003,165.6,26,72.1,87.0,38,77.4,91.6
M003,165.6,26,72.1,87.0,40,78.2,92.0
M003,165.6,28,73.1,87.6,30,73.8,88.4
M003,165.6,28,73.1,87.6,32,74.7,88.5
M003,165.6,28,73.1,87.6,34,75.3,90.5
M003,165.6,28,73.1,87.6,36,76.1,91.0
M003,165.6,28,73.1,87.6,38,77.4,91.6
M003,165.6,28,73.1,87.6,40,78.2,92.0
M003,165.6,30,73.8,88.4,32,74.7,88.5
M003,165.6,30,73.8,88.4,34,75.3,90.5
M003,165.6,30,73.8,88.4,36,76.1,91.0
M003,165.6,30,73.8,88.4,38,77.4,91.6
M003,165.6,30,73.8,88.4,40,78.2,92.0
M003,165.6,32,74.7,88.5,34,75.3,90.5
M003,165.6,32,74.7,88.5,36,76.1,91.0
M003,165.6,32,74.7,88.5,38,77.4,91.6
M003,165.6,32,74.7,88.5,40,78.2,92.0
M003,165.6,34,75.3,90.5,36,76.1,91.0
M003,165.6,34,75.3,90.5,38,77.4,91.6
M003,165.6,34,75.3,90.5,40,78.2,92.0
M003,165.6,36,76.1,91.0,38,77.4,91.6
M003,165.6,36,76.1,91.0,40,78.2,92.0
M003,165.6,38,77.4,91.6,40,78.2,92.0
M004,162.9,12,67.2,86.9,14,67.4,87.8
M004,162.9,12,67.2,86.9,16,68.4,88.9
M004,162.9,12,67.2,86.9,18,69.0,91.2
M004,162.9,12,67.2,86.9,20,70.2,92.4
M004,162.9,12,67.2,86.9,22,71.0,94.9
M004,162.9,12,67.2,86.9,24,71.7,95.8
M004,162.9,12,67.2,86.9,26,72.9,98.3
M004,162.9,12,67.2,86.9,28,73.7,99.3
M004,162.9,12,67.2,86.9,30,74.8,101.9
M004,162.9,12,67.2,86.9,32,75.5,103.6
M004,162.9,12,67.2,86.9,34,76.6,105.1
M004,162.9,12,67.2,86.9,36,77.7,107.1
M004,162.9,12,67.2,86.9,38,78.6,109.1
M004,162.9,12,67.2,86.9,40,80.1,111.4
M004,162.9,14,67.4,87.8,16,68.4,88.9
M004,162.9,14,67.4,87.8,18,69.0,91.2
M004,162.9,14,67.4,87.8,20,70.2,92.4
M004,162.9,14,67.4,87.8,22,71.0,94.9
M004,162.9,14,67.4,87.8,24,71.7,95.8
M004,162.9,14,67.4,87.8,26,72.9,98.3
M004,162.9,14,67.4,87.8,28,73.7,99.3
M004,162.9,14,67.4,87.8,30,74.8,101.9
M004,162.9,14,67.4,87.8,32,75.5,103.6
M004,162.9,14,67.4,87.8,34,76.6,105.1
M004,162.9,14,67.4,87.8,36,77.7,107.1
M004,162.9,14,67.4,87.8,38,78.6,109.1
M004,162.9,14,67.4,87.8,40,80.1,111.4
M004,162.9,16,68.4,88.9,18,69.0,91.2
M004,162.9,16,68.4,88.9,20,70.2,92.4
M004,162.9,16,68.4,88.9,22,71.0,94.9
M004,162.9,16,68.4,88.9,24,71.7,95.8
M004,162.9,16,68.4,88.9,26,72.9,98.3
M004,162.9,16,68.4,88.9,28,73.7,99.3
M004,162.9,16,68.4,88.9,30,74.8,101.9
M004,162.9,16,68.4,88.9,32,75.5,103.6
M004,162.9,16,68.4,88.9,34,76.6,105.1
M004,162.9,16,68.4,88.9,36,77.7,107.1
M004,162.9,16,68.4,88.9,38,78.6,109.1
M004,162.9,16,68.4,88.9,40,80.1,111.4
M004,162.9,18,69.0,91.2,20,70.2,92.4
M004,162.9,18,69.0,91.2,22,71.0,94.9
M004,162.9,18,69.0,91.2,24,71.7,95.8
M004,162.9,18,69.0,91.2,26,72.9,98.3
M004,162.9,18,69.0,91.2,28,73.7,99.3
M004,162.9,18,69.0,91.2,30,74.8,101.9
M004,162.9,18,69.0,91.2,32,75.5,103.6
M004,162.9,18,69.0,91.2,34,76.6,105.1
M004,162.9,18,69.0,91.2,36,77.7,107.1
M004,162.9,18,69.0,91.2,38,78.6,109.1
M004,162.9,18,69.0,91.2,40,80.1,111.4
M004,162.9,20,70.2,92.4,22,71.0,94.9
M004,162.9,20,70.2,92.4,24,71.7,95.8
M004,162.9,20,70.2,92.4,26,72.9,98.3
M004,162.9,20,70.2,92.4,28,73.7,99.3
M004,162.9,20,70.2,92.4,30,74.8,101.9
M004,162.9,20,70.2,92.4,32,75.5,103.6
M004,162.9,20,70.2,92.4,34,76.6,105.1
M004,162.9,20,70.2,92.4,36,77.7,107.1
M004,162.9,20,70.2,92.4,38,78.6,109.1
M004,162.9,20,70.2,92.4,40,80.1,111.4
M004,162.9,22,71.0,94.9,24,71.7,95.8
M004,162.9,22,71.0,94.9,26,72.9,98.3
M004,162.9,22,71.0,94.9,28,73.7,99.3
M004,162.9,22,71.0,94.9,30,74.8,101.9
M004,162.9,22,71.0,94.9,32,75.5,103.6
M004,162.9,22,71.0,94.9,34,76.6,105.1
M004,162.9,22,71.0,94.9,36,77.7,107.1
M004,162.9,22,71.0,94.9,38,78.6,109.1
M004,162.9,22,71.0,94.9,40,80.1,111.4
M004,162.9,24,71.7,95.8,26,72.9,98.3
M004,162.9,24,71.7,95.8,28,73.7,99.3
M004,162.9,24,71.7,95.8,30,74.8,101.9
M004,162.9,24,71.7,95.8,32,75.5,103.6
M004,162.9,24,71.7,95.8,34,76.6,105.1
M004,162.9,24,71.7,95.8,36,77.7,107.1
M004,162.9,24,71.7,95.8,38,78.6,109.1
M004,162.9,24,71.7,95.8,40,80.1,111.4
M004,162.9,26,72.9,98.3,28,73.7,99.3
M004,162.9,26,72.9,98.3,30,74.8,101.9
M004,162.9,26,72.9,98.3,32,75.5,103.6
M004,162.9,26,72.9,98.3,34,76.6,105.1
M004,162.9,26,72.9,98.3,36,77.7,107.1
M004,162.9,26,72.9,98.3,38,78.6,109.1
M004,162.9,26,72.9,98.3,40,80.1,111.4
M004,162.9,28,73.7,99.3,30,74.8,101.9
M004,162.9,28,73.7,99.3,32,75.5,103.6
M004,162.9,28,73.7,99.3,34,76.6,105.1
M004,162.9,28,73.7,99.3,36,77.7,107.1
M004,162.9,28,73.7,99.3,38,78.6,109.1
M004,162.9,28,73.7,99.3,40,80.1,111.4
M004,162.9,30,74.8,101.9,32,75.5,103.6
M004,162.9,30,74.8,101.9,34,76.6,105.1
M004,162.9,30,74.8,101.9,36,77.7,107.1
M004,162.9,30,74.8,101.9,38,78.6,109.1
M004,162.9,30,74.8,101.9,40,80.1,111.4
M004,162.9,32,75.5,103.6,34,76.6,105.1
M004,162.9,32,75.5,103.6,36,77.7,107.1
M004,162.9,32,75.5,103.6,38,78.6,109.1
M004,162.9,32,75.5,103.6,40,80.1,111.4
M004,162.9,34,76.6,105.1,36,77.7,107.1
M004,162.9,34,76.6,105.1,38,78.6,109.1
M004,162.9,34,76.6,105.1,40,80.1,111.4
M004,162.9,36,77.7,107.1,38,78.6,109.1
M004,162.9,36,77.7,107.1,40,80.1,111.4
M004,162.9,38,78.6,109.1,40,80.1,111.4
M005,163.4,12,58.2,76.7,14,58.6,78.2
M005,163.4,12,58.2,76.7,16,59.4,79.0
M005,163.4,12,58.2,76.7,18,60.5,80.4
M005,163.4,12,58.2,76.7,20,61.2,82.5
M005,163.4,12,58.2,76.7,22,62.1,84.0
M005,163.4,12,58.2,76.7,24,62.8,85.7
M005,163.4,12,58.2,76.7,26,63.8,87.5
M005,163.4,12,58.2,76.7,28,64.5,89.1
M005,163.4,12,58.2,76.7,30,65.4,90.7
M005,163.4,12,58.2,76.7,32,66.3,92.6
M005,163.4,12,58.2,76.7,34,67.2,93.5
M005,163.4,12,58.2,76.7,36,68.4,96.2
M005,163.4,12,58.2,76.7,38,69.3,97.8
M005,163.4,12,58.2,76.7,40,70.3,98.8
M005,163.4,14,58.6,78.2,16,59.4,79.0
M005,163.4,14,58.6,78.2,18,60.5,80.4
M005,163.4,14,58.6,78.2,20,61.2,82.5
M005,163.4,14,58.6,78.2,22,62.1,84.0
M005,163.4,14,58.6,78.2,24,62.8,85.7
M005,163.4,14,58.6,78.2,26,63.8,87.5
M005,163.4,14,58.6,78.2,28,64.5,89.1
M005,163.4,14,58.6,78.2,30,65.4,90.7
M005,163.4,14,58.6,78.2,32,66.3,92.6
M005,163.4,14,58.6,78.2,34,67.2,93.5
M005,163.4,14,58.6,78.2,36,68.4,96.2
M005,163.4,14,58.6,78.2,38,69.3,97.8
M005,163.4,14,58.6,78.2,40,70.3,98.8
M005,163.4,16,59.4,79.0,18,60.5,80.4
M005,163.4,16,59.4,79.0,20,61.2,82.5
M005,163.4,16,59.4,79.0,22,62.1,84.0
M005,163.4,16,59.4,79.0,24,62.8,85.7
M005,163.4,16,59.4,79.0,26,63.8,87.5
M005,163.4,16,59.4,79.0,28,64.5,89.1
M005,163.4,16,59.4,79.0,30,65.4,90.7
M005,163.4,16,59.4,79.0,32,66.3,92.6
M005,163.4,16,59.4,79.0,34,67.2,93.5
M005,163.4,16,59.4,79.0,36,68.4,96.2
M005,163.4,16,59.4,79.0,38,69.3,97.8
M005,163.4,16,59.4,79.0,40,70.3,98.8
M005,163.4,18,60.5,80.4,20,61.2,82.5
M005,163.4,18,60.5,80.4,22,62.1,84.0
M005,163.4,18,60.5,80.4,24,62.8,85.7
M005,163.4,18,60.5,80.4,26,63.8,87.5
M005,163.4,18,60.5,80.4,28,64.5,89.1
M005,163.4,18,60.5,80.4,30,65.4,90.7
M005,163.4,18,60.5,80.4,32,66.3,92.6
M005,163.4,18,60.5,80.4,34,67.2,93.5
M005,163.4,18,60.5,80.4,36,68.4,96.2
M005,163.4,18,60.5,80.4,38,69.3,97.8
M005,163.4,18,60.5,80.4,40,70.3,98.8
M005,163.4,20,61.2,82.5,22,62.1,84.0
M005,163.4,20,61.2,82.5,24,62.8,85.7
M005,163.4,20,61.2,82.5,26,63.8,87.5
M005,163.4,20,61.2,82.5,28,64.5,89.1
M005,163.4,20,61.2,82.5,30,65.4,90.7
M005,163.4,20,61.2,82.5,32,66.3,92.6
M005,163.4,20,61.2,82.5,34,67.2,93.5
M005,163.4,20,61.2,82.5,36,68.4,96.2
M005,163.4,20,61.2,82.5,38,69.3,97.8
M005,163.4,20,61.2,82.5,40,70.3,98.8
M005,163.4,22,62.1,84.0,24,62.8,85.7
M005,163.4,22,62.1,84.0,26,63.8,87.5
M005,163.4,22,62.1,84.0,28,64.5,89.1
M005,163.4,22,62.1,84.0,30,65.4,90.7
M005,163.4,22,62.1,84.0,32,66.3,92.6
M005,163.4,22,62.1,84.0,34,67.2,93.5
M005,163.4,22,62.1,84.0,36,68.4,96.2
M005,163.4,22,62.1,84.0,38,69.3,97.8
M005,163.4,22,62.1,84.0,40,70.3,98.8
M005,163.4,24,62.8,85.7,26,63.8,87.5
M005,163.4,24,62.8,85.7,28,64.5,89.1
M005,163.4,24,62.8,85.7,30,65.4,90.7
M005,163.4,24,62.8,85.7,32,66.3,92.6
M005,163.4,24,62.8,85.7,34,67.2,93.5
M005,163.4,24,62.8,85.7,36,68.4,96.2
M005,163.4,24,62.8,85.7,38,69.3,97.8
M005,163.4,24,62.8,85.7,40,70.3,98.8
M005,163.4,26,63.8,87.5,28,64.5,89.1
M005,163.4,26,63.8,87.5,30,65.4,90.7
M005,163.4,26,63.8,87.5,32,66.3,92.6
M005,163.4,26,63.8,87.5,34,67.2,93.5
M005,163.4,26,63.8,87.5,36,68.4,96.2
M005,163.4,26,63.8,87.5,38,69.3,97.8
M005,163.4,26,63.8,87.5,40,70.3,98.8
M005,163.4,28,64.5,89.1,30,65.4,90.7
M005,163.4,28,64.5,89.1,32,66.3,92.6
M005,163.4,28,64.5,89.1,34,67.2,93.5
M005,163.4,28,64.5,89.1,36,68.4,96.2
M005,163.4,28,64.5,89.1,38,69.3,97.8
M005,163.4,28,64.5,89.1,40,70.3,98.8
M005,163.4,30,65.4,90.7,32,66.3,92.6
M005,163.4,30,65.4,90.7,34,67.2,93.5
M005,163.4,30,65.4,90.7,36,68.4,96.2
M005,163.4,30,65.4,90.7,38,69.3,97.8
M005,163.4,30,65.4,90.7,40,70.3,98.8
M005,163.4,32,66.3,92.6,34,67.2,93.5
M005,163.4,32,66.3,92.6,36,68.4,96.2
M005,163.4,32,66.3,92.6,38,69.3,97.8
M005,163.4,32,66.3,92.6,40,70.3,98.8
M005,163.4,34,67.2,93.5,36,68.4,96.2
M005,163.4,34,67.2,93.5,38,69.3,97.8
M005,163.4,34,67.2,93.5,40,70.3,98.8
M005,163.4,36,68.4,96.2,38,69.3,97.8
M005,163.4,36,68.4,96.2,40,70.3,98.8
M005,163.4,38,69.3,97.8,40,70.3,98.8
M006,172.5,12,49.7,68.3,14,50.0,69.5
M006,172.5,12,49.7,68.3,16,50.9,71.5
M006,172.5,12,49.7,68.3,18,51.9,72.6
M006,172.5,12,49.7,68.3,20,53.1,74.6
M006,172.5,12,49.7,68.3,22,53.3,76.6
M006,172.5,12,49.7,68.3,24,54.6,78.5
M006,172.5,12,49.7,68.3,26,55.4,79.9
M006,172.5,12,49.7,68.3,28,56.5,81.8
M006,172.5,12,49.7,68.3,30,57.2,83.0
M006,172.5,12,49.7,68.3,32,58.2,85.4
M006,172.5,12,49.7,68.3,34,59.4,87.2
M006,172.5,12,49.7,68.3,36,60.5,89.0
M006,172.5,12,49.7,68.3,38,61.5,90.6
M006,172.5,12,49.7,68.3,40,62.3,93.2
M006,172.5,14,50.0,69.5,16,50.9,71.5
M006,172.5,14,50.0,69.5,18,51.9,72.6
M006,172.5,14,50.0,69.5,20,53.1,74.6
M006,172.5,14,50.0,69.5,22,53.3,76.6
M006,172.5,14,50.0,69.5,24,54.6,78.5
M006,172.5,14,50.0,69.5,26,55.4,79.9
M006,172.5,14,50.0,69.5,28,56.5,81.8
M006,172.5,14,50.0,69.5,30,57.2,83.0
M006,172.5,14,50.0,69.5,32,58.2,85.4
M006,172.5,14,50.0,69.5,34,59.4,87.2
M006,172.5,14,50.0,69.5,36,60.5,89.0
M006,172.5,14,50.0,69.5,38,61.5,90.6
M006,172.5,14,50.0,69.5,40,62.3,93.2
M006,172.5,16,50.9,71.5,18,51.9,72.6
M006,172.5,16,50.9,71.5,20,53.1,74.6
M006,172.5,16,50.9,71.5,22,53.3,76.6
M006,172.5,16,50.9,71.5,24,54.6,78.5
M006,172.5,16,50.9,71.5,26,55.4,79.9
M006,172.5,16,50.9,71.5,28,56.5,81.8
M006,172.5,16,50.9,71.5,30,57.2,83.0
M006,172.5,16,50.9,71.5,32,58.2,85.4
M006,172.5,16,50.9,71.5,34,59.4,87.2
M006,172.5,16,50.9,71.5,36,60.5,89.0
M006,172.5,16,50.9,71.5,38,61.5,90.6
M006,172.5,16,50.9,71.5,40,62.3,93.2
M006,172.5,18,51.9,72.6,20,53.1,74.6
M006,172.5,18,51.9,72.6,22,53.3,76.6
M006,172.5,18,51.9,72.6,24,54.6,78.5
M006,172.5,18,51.9,72.6,26,55.4,79.9
M006,172.5,18,51.9,72.6,28,56.5,81.8
M006,172.5,18,51.9,72.6,30,57.2,83.0
M006,172.5,18,51.9,72.6,32,58.2,85.4
M006,172.5,18,51.9,72.6,34,59.4,87.2
M006,172.5,18,51.9,72.6,36,60.5,89.0
M006,172.5,18,51.9,72.6,38,61.5,90.6
M006,172.5,18,51.9,72.6,40,62.3,93.2
M006,172.5,20,53.1,74.6,22,53.3,76.6
M006,172.5,20,53.1,74.6,24,54.6,78.5
M006,172.5,20,53.1,74.6,26,55.4,79.9
M006,172.5,20,53.1,74.6,28,56.5,81.8
M006,172.5,20,53.1,74.6,30,57.2,83.0
M006,172.5,20,53.1,74.6,32,58.2,85.4
M006,172.5,20,53.1,74.6,34,59.4,87.2
M006,172.5,20,53.1,74.6,36,60.5,89.0
M006,172.5,20,53.1,74.6,38,61.5,90.6
M006,172.5,20,53.1,74.6,40,62.3,93.2
M006,172.5,22,53.3,76.6,24,54.6,78.5
M006,172.5,22,53.3,76.6,26,55.4,79.9
M006,172.5,22,53.3,76.6,28,56.5,81.8
M006,172.5,22,53.3,76.6,30,57.2,83.0
M006,172.5,22,53.3,76.6,32,58.2,85.4
M006,172.5,22,53.3,76.6,34,59.4,87.2
M006,172.5,22,53.3,76.6,36,60.5,89.0
M006,172.5,22,53.3,76.6,38,61.5,90.6
M006,172.5,22,53.3,76.6,40,62.3,93.2
M006,172.5,24,54.6,78.5,26,55.4,79.9
M006,172.5,24,54.6,78.5,28,56.5,81.8
M006,172.5,24,54.6,78.5,30,57.2,83.0
M006,172.5,24,54.6,78.5,32,58.2,85.4
M006,172.5,24,54.6,78.5,34,59.4,87.2
M006,172.5,24,54.6,78.5,36,60.5,89.0
M006,172.5,24,54.6,78.5,38,61.5,90.6
M006,172.5,24,54.6,78.5,40,62.3,93.2
M006,172.5,26,55.4,79.9,28,56.5,81.8
M006,172.5,26,55.4,79.9,30,57.2,83.0
M006,172.5,26,55.4,79.9,32,58.2,85.4
M006,172.5,26,55.4,79.9,34,59.4,87.2
M006,172.5,26,55.4,79.9,36,60.5,89.0
M006,172.5,26,55.4,79.9,38,61.5,90.6
M006,172.5,26,55.4,79.9,40,62.3,93.2
M006,172.5,28,56.5,81.8,30,57.2,83.0
M006,172.5,28,56.5,81.8,32,58.2,85.4
M006,172.5,28,56.5,81.8,34,59.4,87.2
M006,172.5,28,56.5,81.8,36,60.5,89.0
M006,172.5,28,56.5,81.8,38,61.5,90.6
M006,172.5,28,56.5,81.8,40,62.3,93.2
M006,172.5,30,57.2,83.0,32,58.2,85.4
M006,172.5,30,57.2,83.0,34,59.4,87.2
M006,172.5,30,57.2,83.0,36,60.5,89.0
M006,172.5,30,57.2,83.0,38,61.5,90.6
M006,172.5,30,57.2,83.0,40,62.3,93.2
M006,172.5,32,58.2,85.4,34,59.4,87.2
M006,172.5,32,58.2,85.4,36,60.5,89.0
M006,172.5,32,58.2,85.4,38,61.5,90.6
M006,172.5,32,58.2,85.4,40,62.3,93.2
M006,172.5,34,59.4,87.2,36,60.5,89.0
M006,172.5,34,59.4,87.2,38,61.5,90.6
M006,172.5,34,59.4,87.2,40,62.3,93.2
M006,172.5,36,60.5,89.0,38,61.5,90.6
M006,172.5,36,60.5,89.0,40,62.3,93.2
M006,172.5,38,61.5,90.6,40,62.3,93.2
M007,160.8,12,50.7,81.8,14,51.4,82.3
M007,160.8,12,50.7,81.8,16,52.1,83.0
M007,160.8,12,50.7,81.8,18,53.4,83.4
M007,160.8,12,50.7,81.8,20,54.1,84.2
M007,160.8,12,50.7,81.8,22,55.0,84.9
M007,160.8,12,50.7,81.8,24,56.0,85.7
M007,160.8,12,50.7,81.8,26,57.1,86.7
M007,160.8,12,50.7,81.8,28,58.2,87.5
M007,160.8,12,50.7,81.8,30,59.3,87.5
M007,160.8,12,50.7,81.8,32,60.7,88.2
M007,160.8,12,50.7,81.8,34,61.4,89.4
M007,160.8,12,50.7,81.8,36,62.8,90.4
M007,160.8,12,50.7,81.8,38,63.9,91.1
M007,160.8,12,50.7,81.8,40,65.0,91.2
M007,160.8,14,51.4,82.3,16,52.1,83.0
M007,160.8,14,51.4,82.3,18,53.4,83.4
M007,160.8,14,51.4,82.3,20,54.1,84.2
M007,160.8,14,51.4,82.3,22,55.0,84.9
M007,160.8,14,51.4,82.3,24,56.0,85.7
M007,160.8,14,51.4,82.3,26,57.1,86.7
M007,160.8,14,51.4,82.3,28,58.2,87.5
M007,160.8,14,51.4,82.3,30,59.3,87.5
M007,160.8,14,51.4,82.3,32,60.7,88.2
M007,160.8,14,51.4,82.3,34,61.4,89.4
M007,160.8,14,51.4,82.3,36,62.8,90.4
M007,160.8,14,51.4,82.3,38,63.9,91.1
M007,160.8,14,51.4,82.3,40,65.0,91.2
M007,160.8,16,52.1,83.0,18,53.4,83.4
M007,160.8,16,52.1,83.0,20,54.1,84.2
M007,160.8,16,52.1,83.0,22,55.0,84.9
M007,160.8,16,52.1,83.0,24,56.0,85.7
M007,160.8,16,52.1,83.0,26,57.1,86.7
M007,160.8,16,52.1,83.0,28,58.2,87.5
M007,160.8,16,52.1,83.0,30,59.3,87.5
M007,160.8,16,52.1,83.0,32,60.7,88.2
M007,160.8,16,52.1,83.0,34,61.4,89.4
M007,160.8,16,52.1,83.0,36,62.8,90.4
M007,160.8,16,52.1,83.0,38,63.9,91.1
M007,160.8,16,52.1,83.0,40,65.0,91.2
M007,160.8,18,53.4,83.4,20,54.1,84.2
M007,160.8,18,53.4,83.4,22,55.0,84.9
M007,160.8,18,53.4,83.4,24,56.0,85.7
M007,160.8,18,53.4,83.4,26,57.1,86.7
M007,160.8,18,53.4,83.4,28,58.2,87.5
M007,160.8,18,53.4,83.4,30,59.3,87.5
M007,160.8,18,53.4,83.4,32,60.7,88.2
M007,160.8,18,53.4,83.4,34,61.4,89.4
M007,160.8,18,53.4,83.4,36,62.8,90.4
M007,160.8,18,53.4,83.4,38,63.9,91.1
M007,160.8,18,53.4,83.4,40,65.0,91.2
M007,160.8,20,54.1,84.2,22,55.0,84.9
M007,160.8,20,54.1,84.2,24,56.0,85.7
M007,160.8,20,54.1,84.2,26,57.1,86.7
M007,160.8,20,54.1,84.2,28,58.2,87.5
M007,160.8,20,54.1,84.2,30,59.3,87.5
M007,160.8,20,54.1,84.2,32,60.7,88.2
M007,160.8,20,54.1,84.2,34,61.4,89.4
M007,160.8,20,54.1,84.2,36,62.8,90.4
M007,160.8,20,54.1,84.2,38,63.9,91.1
M007,160.8,20,54.1,84.2,40,65.0,91.2
M007,160.8,22,55.0,84.9,24,56.0,85.7
M007,160.8,22,55.0,84.9,26,57.1,86.7
M007,160.8,22,55.0,84.9,28,58.2,87.5
M007,160.8,22,55.0,84.9,30,59.3,87.5
M007,160.8,22,55.0,84.9,32,60.7,88.2
M007,160.8,22,55.0,84.9,34,61.4,89.4
M007,160.8,22,55.0,84.9,36,62.8,90.4
M007,160.8,22,55.0,84.9,38,63.9,91.1
M007,160.8,22,55.0,84.9,40,65.0,91.2
M007,160.8,24,56.0,85.7,26,57.1,86.7
M007,160.8,24,56.0,85.7,28,58.2,87.5
M007,160.8,24,56.0,85.7,30,59.3,87.5
M007,160.8,24,56.0,85.7,32,60.7,88.2
M007,160.8,24,56.0,85.7,34,61.4,89.4
M007,160.8,24,56.0,85.7,36,62.8,90.4
M007,160.8,24,56.0,85.7,38,63.9,91.1
M007,160.8,24,56.0,85.7,40,65.0,91.2
M007,160.8,26,57.1,86.7,28,58.2,87.5
M007,160.8,26,57.1,86.7,30,59.3,87.5
M007,160.8,26,57.1,86.7,32,60.7,88.2
M007,160.8,26,57.1,86.7,34,61.4,89.4
M007,160.8,26,57.1,86.7,36,62.8,90.4
M007,160.8,26,57.1,86.7,38,63.9,91.1
M007,160.8,26,57.1,86.7,40,65.0,91.2
M007,160.8,28,58.2,87.5,30,59.3,87.5
M007,160.8,28,58.2,87.5,32,60.7,88.2
M007,160.8,28,58.2,87.5,34,61.4,89.4
M007,160.8,28,58.2,87.5,36,62.8,90.4
M007,160.8,28,58.2,87.5,38,63.9,91.1
M007,160.8,28,58.2,87.5,40,65.0,91.2
M007,160.8,30,59.3,87.5,32,60.7,88.2
M007,160.8,30,59.3,87.5,34,61.4,89.4
M007,160.8,30,59.3,87.5,36,62.8,90.4
M007,160.8,30,59.3,87.5,38,63.9,91.1
M007,160.8,30,59.3,87.5,40,65.0,91.2
M007,160.8,32,60.7,88.2,34,61.4,89.4
M007,160.8,32,60.7,88.2,36,62.8,90.4
M007,160.8,32,60.7,88.2,38,63.9,91.1
M007,160.8,32,60.7,88.2,40,65.0,91.2
M007,160.8,34,61.4,89.4,36,62.8,90.4
M007,160.8,34,61.4,89.4,38,63.9,91.1
M007,160.8,34,61.4,89.4,40,65.0,91.2
M007,160.8,36,62.8,90.4,38,63.9,91.1
M007,160.8,36,62.8,90.4,40,65.0,91.2
M007,160.8,38,63.9,91.1,40,65.0,91.2
M008,158.4,12,50.4,81.3,14,50.8,82.5
M008,158.4,12,50.4,81.3,16,51.3,84.6
M008,158.4,12,50.4,81.3,18,51.5,87.6
M008,158.4,12,50.4,81.3,20,52.4,89.0
M008,158.4,12,50.4,81.3,22,52.7,91.0
M008,158.4,12,50.4,81.3,24,53.7,94.0
M008,158.4,12,50.4,81.3,26,54.3,95.8
M008,158.4,12,50.4,81.3,28,55.1,97.8
M008,158.4,12,50.4,81.3,30,55.9,100.4
M008,158.4,12,50.4,81.3,32,56.8,103.5
M008,158.4,12,50.4,81.3,34,57.2,104.5
M008,158.4,12,50.4,81.3,36,57.6,107.2
M008,158.4,12,50.4,81.3,38,58.8,109.8
M008,158.4,12,50.4,81.3,40,59.6,111.7
M008,158.4,14,50.8,82.5,16,51.3,84.6
M008,158.4,14,50.8,82.5,18,51.5,87.6
M008,158.4,14,50.8,82.5,20,52.4,89.0
M008,158.4,14,50.8,82.5,22,52.7,91.0
M008,158.4,14,50.8,82.5,24,53.7,94.0
M008,158.4,14,50.8,82.5,26,54.3,95.8
M008,158.4,14,50.8,82.5,28,55.1,97.8
M008,158.4,14,50.8,82.5,30,55.9,100.4
M008,158.4,14,50.8,82.5,32,56.8,103.5
M008,158.4,14,50.8,82.5,34,57.2,104.5
M008,158.4,14,50.8,82.5,36,57.6,107.2
M008,158.4,14,50.8,82.5,38,58.8,109.8
M008,158.4,14,50.8,82.5,40,59.6,111.7
M008,158.4,16,51.3,84.6,18,51.5,87.6
M008,158.4,16,51.3,84.6,20,52.4,89.0
M008,158.4,16,51.3,84.6,22,52.7,91.0
M008,158.4,16,51.3,84.6,24,53.7,94.0
M008,158.4,16,51.3,84.6,26,54.3,95.8
M008,158.4,16,51.3,84.6,28,55.1,97.8
M008,158.4,16,51.3,84.6,30,55.9,100.4
M008,158.4,16,51.3,84.6,32,56.8,103.5
M008,158.4,16,51.3,84.6,34,57.2,104.5
M008,158.4,16,51.3,84.6,36,57.6,107.2
M008,158.4,16,51.3,84.6,38,58.8,109.8
M008,158.4,16,51.3,84.6,40,59.6,111.7
M008,158.4,18,51.5,87.6,20,52.4,89.0
M008,158.4,18,51.5,87.6,22,52.7,91.0
M008,158.4,18,51.5,87.6,24,53.7,94.0
M008,158.4,18,51.5,87.6,26,54.3,95.8
M008,158.4,18,51.5,87.6,28,55.1,97.8
M008,158.4,18,51.5,87.6,30,55.9,100.4
M008,158.4,18,51.5,87.6,32,56.8,103.5
M008,158.4,18,51.5,87.6,34,57.2,104.5
M008,158.4,18,51.5,87.6,36,57.6,107.2
M008,158.4,18,51.5,87.6,38,58.8,109.8
M008,158.4,18,51.5,87.6,40,59.6,111.7
M008,158.4,20,52.4,89.0,22,52.7,91.0
M008,158.4,20,52.4,89.0,24,53.7,94.0
M008,158.4,20,52.4,89.0,26,54.3,95.8
M008,158.4,20,52.4,89.0,28,55.1,97.8
M008,158.4,20,52.4,89.0,30,55.9,100.4
M008,158.4,20,52.4,89.0,32,56.8,103.5
M008,158.4,20,52.4,89.0,34,57.2,104.5
M008,158.4,20,52.4,89.0,36,57.6,107.2
M008,158.4,20,52.4,89.0,38,58.8,109.8
M008,158.4,20,52.4,89.0,40,59.6,111.7
M008,158.4,22,52.7,91.0,24,53.7,94.0
M008,158.4,22,52.7,91.0,26,54.3,95.8
M008,158.4,22,52.7,91.0,28,55.1,97.8
M008,158.4,22,52.7,91.0,30,55.9,100.4
M008,158.4,22,52.7,91.0,32,56.8,103.5
M008,158.4,22,52.7,91.0,34,57.2,104.5
M008,158.4,22,52.7,91.0,36,57.6,107.2
M008,158.4,22,52.7,91.0,38,58.8,109.8
M008,158.4,22,52.7,91.0,40,59.6,111.7
M008,158.4,24,53.7,94.0,26,54.3,95.8
M008,158.4,24,53.7,94.0,28,55.1,97.8
M008,158.4,24,53.7,94.0,30,55.9,100.4
M008,158.4,24,53.7,94.0,32,56.8,103.5
M008,158.4,24,53.7,94.0,34,57.2,104.5
M008,158.4,24,53.7,94.0,36,57.6,107.2
M008,158.4,24,53.7,94.0,38,58.8,109.8
M008,158.4,24,53.7,94.0,40,59.6,111.7
M008,158.4,26,54.3,95.8,28,55.1,97.8
M008,158.4,26,54.3,95.8,30,55.9,100.4
M008,158.4,26,54.3,95.8,32,56.8,103.5
M008,158.4,26,54.3,95.8,34,57.2,104.5
M008,158.4,26,54.3,95.8,36,57.6,107.2
M008,158.4,26,54.3,95.8,38,58.8,109.8
M008,158.4,26,54.3,95.8,40,59.6,111.7
M008,158.4,28,55.1,97.8,30,55.9,100.4
M008,158.4,28,55.1,97.8,32,56.8,103.5
M008,158.4,28,55.1,97.8,34,57.2,104.5
M008,158.4,28,55.1,97.8,36,57.6,107.2
M008,158.4,28,55.1,97.8,38,58.8,109.8
M008,158.4,28,55.1,97.8,40,59.6,111.7
M008,158.4,30,55.9,100.4,32,56.8,103.5
M008,158.4,30,55.9,100.4,34,57.2,104.5
M008,158.4,30,55.9,100.4,36,57.6,107.2
M008,158.4,30,55.9,100.4,38,58.8,109.8
M008,158.4,30,55.9,100.4,40,59.6,111.7
M008,158.4,32,56.8,103.5,34,57.2,104.5
M008,158.4,32,56.8,103.5,36,57.6,107.2
M008,158.4,32,56.8,103.5,38,58.8,109.8
M008,158.4,32,56.8,103.5,40,59.6,111.7
M008,158.4,34,57.2,104.5,36,57.6,107.2
M008,158.4,34,57.2,104.5,38,58.8,109.8
M008,158.4,34,57.2,104.5,40,59.6,111.7
M008,158.4,36,57.6,107.2,38,58.8,109.8
M008,158.4,36,57.6,107.2,40,59.6,111.7
M008,158.4,38,58.8,109.8,40,59.6,111.7
M009,168.0,12,54.7,75.3,14,54.8,76.3
M009,168.0,12,54.7,75.3,16,55.7,76.6
M009,168.0,12,54.7,75.3,18,56.3,78.6
M009,168.0,12,54.7,75.3,20,57.1,79.4
M009,168.0,12,54.7,75.3,22,57.6,81.1
M009,168.0,12,54.7,75.3,24,58.2,83.0
M009,168.0,12,54.7,75.3,26,59.0,83.7
M009,168.0,12,54.7,75.3,28,59.7,85.5
M009,168.0,12,54.7,75.3,30,60.6,85.8
M009,168.0,12,54.7,75.3,32,61.5,88.6
M009,168.0,12,54.7,75.3,34,62.0,89.1
M009,168.0,12,54.7,75.3,36,62.9,91.3
M009,168.0,12,54.7,75.3,38,63.6,92.5
M009,168.0,12,54.7,75.3,40,64.7,93.4
M009,168.0,14,54.8,76.3,16,55.7,76.6
M009,168.0,14,54.8,76.3,18,56.3,78.6
M009,168.0,14,54.8,76.3,20,57.1,79.4
M009,168.0,14,54.8,76.3,22,57.6,81.1
M009,168.0,14,54.8,76.3,24,58.2,83.0
M009,168.0,14,54.8,76.3,26,59.0,83.7
M009,168.0,14,54.8,76.3,28,59.7,85.5
M009,168.0,14,54.8,76.3,30,60.6,85.8
M009,168.0,14,54.8,76.3,32,61.5,88.6
M009,168.0,14,54.8,76.3,34,62.0,89.1
M009,168.0,14,54.8,76.3,36,62.9,91.3
M009,168.0,14,54.8,76.3,38,63.6,92.5
M009,168.0,14,54.8,76.3,40,64.7,93.4
M009,168.0,16,55.7,76.6,18,56.3,78.6
M009,168.0,16,55.7,76.6,20,57.1,79.4
M009,168.0,16,55.7,76.6,22,57.6,81.1
M009,168.0,16,55.7,76.6,24,58.2,83.0
M009,168.0,16,55.7,76.6,26,59.0,83.7
M009,168.0,16,55.7,76.6,28,59.7,85.5
M009,168.0,16,55.7,76.6,30,60.6,85.8
M009,168.0,16,55.7,76.6,32,61.5,88.6
M009,168.0,16,55.7,76.6,34,62.0,89.1
M009,168.0,16,55.7,76.6,36,62.9,91.3
M009,168.0,16,55.7,76.6,38,63.6,92.5
M009,168.0,16,55.7,76.6,40,64.7,93.4
M009,168.0,18,56.3,78.6,20,57.1,79.4
M009,168.0,18,56.3,78.6,22,57.6,81.1
M009,168.0,18,56.3,78.6,24,58.2,83.0
M009,168.0,18,56.3,78.6,26,59.0,83.7
M009,168.0,18,56.3,78.6,28,59.7,85.5
M009,168.0,18,56.3,78.6,30,60.6,85.8
M009,168.0,18,56.3,78.6,32,61.5,88.6
M009,168.0,18,56.3,78.6,34,62.0,89.1
M009,168.0,18,56.3,78.6,36,62.9,91.3
M009,168.0,18,56.3,78.6,38,63.6,92.5
M009,168.0,18,56.3,78.6,40,64.7,93.4
M009,168.0,20,57.1,79.4,22,57.6,81.1
M009,168.0,20,57.1,79.4,24,58.2,83.0
M009,168.0,20,57.1,79.4,26,59.0,83.7
M009,168.0,20,57.1,79.4,28,59.7,85.5
M009,168.0,20,57.1,79.4,30,60.6,85.8
M009,168.0,20,57.1,79.4,32,61.5,88.6
M009,168.0,20,57.1,79.4,34,62.0,89.1
M009,168.0,20,57.1,79.4,36,62.9,91.3
M009,168.0,20,57.1,79.4,38,63.6,92.5
M009,168.0,20,57.1,79.4,40,64.7,93.4
M009,168.0,22,57.6,81.1,24,58.2,83.0
M009,168.0,22,57.6,81.1,26,59.0,83.7
M009,168.0,22,57.6,81.1,28,59.7,85.5
M009,168.0,22,57.6,81.1,30,60.6,85.8
M009,168.0,22,57.6,81.1,32,61.5,88.6
M009,168.0,22,57.6,81.1,34,62.0,89.1
M009,168.0,22,57.6,81.1,36,62.9,91.3
M009,168.0,22,57.6,81.1,38,63.6,92.5
M009,168.0,22,57.6,81.1,40,64.7,93.4
M009,168.0,24,58.2,83.0,26,59.0,83.7
M009,168.0,24,58.2,83.0,28,59.7,85.5
M009,168.0,24,58.2,83.0,30,60.6,85.8
M009,168.0,24,58.2,83.0,32,61.5,88.6
M009,168.0,24,58.2,83.0,34,62.0,89.1
M009,168.0,24,58.2,83.0,36,62.9,91.3
M009,168.0,24,58.2,83.0,38,63.6,92.5
M009,168.0,24,58.2,83.0,40,64.7,93.4
M009,168.0,26,59.0,83.7,28,59.7,85.5
M009,168.0,26,59.0,83.7,30,60.6,85.8
M009,168.0,26,59.0,83.7,32,61.5,88.6
M009,168.0,26,59.0,83.7,34,62.0,89.1
M009,168.0,26,59.0,83.7,36,62.9,91.3
M009,168.0,26,59.0,83.7,38,63.6,92.5
M009,168.0,26,59.0,83.7,40,64.7,93.4
M009,168.0,28,59.7,85.5,30,60.6,85.8
M009,168.0,28,59.7,85.5,32,61.5,88.6
M009,168.0,28,59.7,85.5,34,62.0,89.1
M009,168.0,28,59.7,85.5,36,62.9,91.3
M009,168.0,28,59.7,85.5,38,63.6,92.5
M009,168.0,28,59.7,85.5,40,64.7,93.4
M009,168.0,30,60.6,85.8,32,61.5,88.6
M009,168.0,30,60.6,85.8,34,62.0,89.1
M009,168.0,30,60.6,85.8,36,62.9,91.3
M009,168.0,30,60.6,85.8,38,63.6,92.5
M009,168.0,30,60.6,85.8,40,64.7,93.4
M009,168.0,32,61.5,88.6,34,62.0,89.1
M009,168.0,32,61.5,88.6,36,62.9,91.3
M009,168.0,32,61.5,88.6,38,63.6,92.5
M009,168.0,32,61.5,88.6,40,64.7,93.4
M009,168.0,34,62.0,89.1,36,62.9,91.3
M009,168.0,34,62.0,89.1,38,63.6,92.5
M009,168.0,34,62.0,89.1,40,64.7,93.4
M009,168.0,36,62.9,91.3,38,63.6,92.5
M009,168.0,36,62.9,91.3,40,64.7,93.4
M009,168.0,38,63.6,92.5,40,64.7,93.4
M010,154.2,12,48.4,68.2,14,48.9,70.0
M010,154.2,12,48.4,68.2,16,49.3,71.9
M010,154.2,12,48.4,68.2,18,49.7,74.4
M010,154.2,12,48.4,68.2,20,50.1,76.8
M010,154.2,12,48.4,68.2,22,50.6,78.4
M010,154.2,12,48.4,68.2,24,51.7,80.9
M010,154.2,12,48.4,68.2,26,51.8,83.6
M010,154.2,12,48.4,68.2,28,52.6,85.5
M010,154.2,12,48.4,68.2,30,53.3,87.6
M010,154.2,12,48.4,68.2,32,54.0,90.4
M010,154.2,12,48.4,68.2,34,54.5,92.1
M010,154.2,12,48.4,68.2,36,55.6,94.3
M010,154.2,12,48.4,68.2,38,56.1,97.2
M010,154.2,12,48.4,68.2,40,56.8,99.3
M010,154.2,14,48.9,70.0,16,49.3,71.9
M010,154.2,14,48.9,70.0,18,49.7,74.4
M010,154.2,14,48.9,70.0,20,50.1,76.8
M010,154.2,14,48.9,70.0,22,50.6,78.4
M010,154.2,14,48.9,70.0,24,51.7,80.9
M010,154.2,14,48.9,70.0,26,51.8,83.6
M010,154.2,14,48.9,70.0,28,52.6,85.5
M010,154.2,14,48.9,70.0,30,53.3,87.6
M010,154.2,14,48.9,70.0,32,54.0,90.4
M010,154.2,14,48.9,70.0,34,54.5,92.1
M010,154.2,14,48.9,70.0,36,55.6,94.3
M010,154.2,14,48.9,70.0,38,56.1,97.2
M010,154.2,14,48.9,70.0,40,56.8,99.3
M010,154.2,16,49.3,71.9,18,49.7,74.4
M010,154.2,16,49.3,71.9,20,50.1,76.8
M010,154.2,16,49.3,71.9,22,50.6,78.4
M010,154.2,16,49.3,71.9,24,51.7,80.9
M010,154.2,16,49.3,71.9,26,51.8,83.6
M010,154.2,16,49.3,71.9,28,52.6,85.5
M010,154.2,16,49.3,71.9,30,53.3,87.6
M010,154.2,16,49.3,71.9,32,54.0,90.4
M010,154.2,16,49.3,71.9,34,54.5,92.1
M010,154.2,16,49.3,71.9,36,55.6,94.3
M010,154.2,16,49.3,71.9,38,56.1,97.2
M010,154.2,16,49.3,71.9,40,56.8,99.3
M010,154.2,18,49.7,74.4,20,50.1,76.8
M010,154.2,18,49.7,74.4,22,50.6,78.4
M010,154.2,18,49.7,74.4,24,51.7,80.9
M010,154.2,18,49.7,74.4,26,51.8,83.6
M010,154.2,18,49.7,74.4,28,52.6,85.5
M010,154.2,18,49.7,74.4,30,53.3,87.6
M010,154.2,18,49.7,74.4,32,54.0,90.4
M010,154.2,18,49.7,74.4,34,54.5,92.1
M010,154.2,18,49.7,74.4,36,55.6,94.3
M010,154.2,18,49.7,74.4,38,56.1,97.2
M010,154.2,18,49.7,74.4,40,56.8,99.3
M010,154.2,20,50.1,76.8,22,50.6,78.4
M010,154.2,20,50.1,76.8,24,51.7,80.9
M010,154.2,20,50.1,76.8,26,51.8,83.6
M010,154.2,20,50.1,76.8,28,52.6,85.5
M010,154.2,20,50.1,76.8,30,53.3,87.6
M010,154.2,20,50.1,76.8,32,54.0,90.4
M010,154.2,20,50.1,76.8,34,54.5,92.1
M010,154.2,20,50.1,76.8,36,55.6,94.3
M010,154.2,20,50.1,76.8,38,56.1,97.2
M010,154.2,20,50.1,76.8,40,56.8,99.3
M010,154.2,22,50.6,78.4,24,51.7,80.9
M010,154.2,22,50.6,78.4,26,51.8,83.6
M010,154.2,22,50.6,78.4,28,52.6,85.5
M010,154.2,22,50.6,78.4,30,53.3,87.6
M010,154.2,22,50.6,78.4,32,54.0,90.4
M010,154.2,22,50.6,78.4,34,54.5,92.1
M010,154.2,22,50.6,78.4,36,55.6,94.3
M010,154.2,22,50.6,78.4,38,56.1,97.2
M010,154.2,22,50.6,78.4,40,56.8,99.3
M010,154.2,24,51.7,80.9,26,51.8,83.6
M010,154.2,24,51.7,80.9,28,52.6,85.5
M010,154.2,24,51.7,80.9,30,53.3,87.6
M010,154.2,24,51.7,80.9,32,54.0,90.4
M010,154.2,24,51.7,80.9,34,54.5,92.1
M010,154.2,24,51.7,80.9,36,55.6,94.3
M010,154.2,24,51.7,80.9,38,56.1,97.2
M010,154.2,24,51.7,80.9,40,56.8,99.3
M010,154.2,26,51.8,83.6,28,52.6,85.5
M010,154.2,26,51.8,83.6,30,53.3,87.6
M010,154.2,26,51.8,83.6,32,54.0,90.4
M010,154.2,26,51.8,83.6,34,54.5,92.1
M010,154.2,26,51.8,83.6,36,55.6,94.3
M010,154.2,26,51.8,83.6,38,56.1,97.2
M010,154.2,26,51.8,83.6,40,56.8,99.3
M010,154.2,28,52.6,85.5,30,53.3,87.6
M010,154.2,28,52.6,85.5,32,54.0,90.4
M010,154.2,28,52.6,85.5,34,54.5,92.1
M010,154.2,28,52.6,85.5,36,55.6,94.3
M010,154.2,28,52.6,85.5,38,56.1,97.2
M010,154.2,28,52.6,85.5,40,56.8,99.3
M010,154.2,30,53.3,87.6,32,54.0,90.4
M010,154.2,30,53.3,87.6,34,54.5,92.1
M010,154.2,30,53.3,87.6,36,55.6,94.3
M010,154.2,30,53.3,87.6,38,56.1,97.2
M010,154.2,30,53.3,87.6,40,56.8,99.3
M010,154.2,32,54.0,90.4,34,54.5,92.1
M010,154.2,32,54.0,90.4,36,55.6,94.3
M010,154.2,32,54.0,90.4,38,56.1,97.2
M010,154.2,32,54.0,90.4,40,56.8,99.3
M010,154.2,34,54.5,92.1,36,55.6,94.3
M010,154.2,34,54.5,92.1,38,56.1,97.2
M010,154.2,34,54.5,92.1,40,56.8,99.3
M010,154.2,36,55.6,94.3,38,56.1,97.2
M010,154.2,36,55.6,94.3,40,56.8,99.3
M010,154.2,38,56.1,97.2,40,56.8,99.3
M011,165.5,12,64.6,82.4,14,65.2,83.8
M011,165.5,12,64.6,82.4,16,66.1,85.2
M011,165.5,12,64.6,82.4,18,66.1,85.8
M011,165.5,12,64.6,82.4,20,66.8,87.5
M011,165.5,12,64.6,82.4,22,67.0,89.4
M011,165.5,12,64.6,82.4,24,68.1,90.4
M011,165.5,12,64.6,82.4,26,68.3,91.7
M011,165.5,12,64.6,82.4,28,68.5,92.9
M011,165.5,12,64.6,82.4,30,69.5,94.6
M011,165.5,12,64.6,82.4,32,69.5,96.0
M011,165.5,12,64.6,82.4,34,70.3,97.5
M011,165.5,12,64.6,82.4,36,71.0,98.9
M011,165.5,12,64.6,82.4,38,71.5,100.8
M011,165.5,12,64.6,82.4,40,72.2,102.1
M011,165.5,14,65.2,83.8,16,66.1,85.2
M011,165.5,14,65.2,83.8,18,66.1,85.8
M011,165.5,14,65.2,83.8,20,66.8,87.5
M011,165.5,14,65.2,83.8,22,67.0,89.4
M011,165.5,14,65.2,83.8,24,68.1,90.4
M011,165.5,14,65.2,83.8,26,68.3,91.7
M011,165.5,14,65.2,83.8,28,68.5,92.9
M011,165.5,14,65.2,83.8,30,69.5,94.6
M011,165.5,14,65.2,83.8,32,69.5,96.0
M011,165.5,14,65.2,83.8,34,70.3,97.5
M011,165.5,14,65.2,83.8,36,71.0,98.9
M011,165.5,14,65.2,83.8,38,71.5,100.8
M011,165.5,14,65.2,83.8,40,72.2,102.1
M011,165.5,16,66.1,85.2,18,66.1,85.8
M011,165.5,16,66.1,85.2,20,66.8,87.5
M011,165.5,16,66.1,85.2,22,67.0,89.4
M011,165.5,16,66.1,85.2,24,68.1,90.4
M011,165.5,16,66.1,85.2,26,68.3,91.7
M011,165.5,16,66.1,85.2,28,68.5,92.9
M011,165.5,16,66.1,85.2,30,69.5,94.6
M011,165.5,16,66.1,85.2,32,69.5,96.0
M011,165.5,16,66.1,85.2,34,70.3,97.5
M011,165.5,16,66.1,85.2,36,71.0,98.9
M011,165.5,16,66.1,85.2,38,71.5,100.8
M011,165.5,16,66.1,85.2,40,72.2,102.1
M011,165.5,18,66.1,85.8,20,66.8,87.5
M011,165.5,18,66.1,85.8,22,67.0,89.4
M011,165.5,18,66.1,85.8,24,68.1,90.4
M011,165.5,18,66.1,85.8,26,68.3,91.7
M011,165.5,18,66.1,85.8,28,68.5,92.9
M011,165.5,18,66.1,85.8,30,69.5,94.6
M011,165.5,18,66.1,85.8,32,69.5,96.0
M011,165.5,18,66.1,85.8,34,70.3,97.5
M011,165.5,18,66.1,85.8,36,71.0,98.9
M011,165.5,18,66.1,85.8,38,71.5,100.8
M011,165.5,18,66.1,85.8,40,72.2,102.1
M011,165.5,20,66.8,87.5,22,67.0,89.4
M011,165.5,20,66.8,87.5,24,68.1,90.4
M011,165.5,20,66.8,87.5,26,68.3,91.7
M011,165.5,20,66.8,87.5,28,68.5,92.9
M011,165.5,20,66.8,87.5,30,69.5,94.6
M011,165.5,20,66.8,87.5,32,69.5,96.0
M011,165.5,20,66.8,87.5,34,70.3,97.5
M011,165.5,20,66.8,87.5,36,71.0,98.9
M011,165.5,20,66.8,87.5,38,71.5,100.8
M011,165.5,20,66.8,87.5,40,72.2,102.1
M011,165.5,22,67.0,89.4,24,68.1,90.4
M011,165.5,22,67.0,89.4,26,68.3,91.7
M011,165.5,22,67.0,89.4,28,68.5,92.9
M011,165.5,22,67.0,89.4,30,69.5,94.6
M011,165.5,22,67.0,89.4,32,69.5,96.0
M011,165.5,22,67.0,89.4,34,70.3,97.5
M011,165.5,22,67.0,89.4,36,71.0,98.9
M011,165.5,22,67.0,89.4,38,71.5,100.8
M011,165.5,22,67.0,89.4,40,72.2,102.1
M011,165.5,24,68.1,90.4,26,68.3,91.7
M011,165.5,24,68.1,90.4,28,68.5,92.9
M011,165.5,24,68.1,90.4,30,69.5,94.6
M011,165.5,24,68.1,90.4,32,69.5,96.0
M011,165.5,24,68.1,90.4,34,70.3,97.5
M011,165.5,24,68.1,90.4,36,71.0,98.9
M011,165.5,24,68.1,90.4,38,71.5,100.8
M011,165.5,24,68.1,90.4,40,72.2,102.1
M011,165.5,26,68.3,91.7,28,68.5,92.9
M011,165.5,26,68.3,91.7,30,69.5,94.6
M011,165.5,26,68.3,91.7,32,69.5,96.0
M011,165.5,26,68.3,91.7,34,70.3,97.5
M011,165.5,26,68.3,91.7,36,71.0,98.9
M011,165.5,26,68.3,91.7,38,71.5,100.8
M011,165.5,26,68.3,91.7,40,72.2,102.1
M011,165.5,28,68.5,92.9,30,69.5,94.6
M011,165.5,28,68.5,92.9,32,69.5,96.0
M011,165.5,28,68.5,92.9,34,70.3,97.5
M011,165.5,28,68.5,92.9,36,71.0,98.9
M011,165.5,28,68.5,92.9,38,71.5,100.8
M011,165.5,28,68.5,92.9,40,72.2,102.1
M011,165.5,30,69.5,94.6,32,69.5,96.0
M011,165.5,30,69.5,94.6,34,70.3,97.5
M011,165.5,30,69.5,94.6,36,71.0,98.9
M011,165.5,30,69.5,94.6,38,71.5,100.8
M011,165.5,30,69.5,94.6,40,72.2,102.1
M011,165.5,32,69.5,96.0,34,70.3,97.5
M011,165.5,32,69.5,96.0,36,71.0,98.9
M011,165.5,32,69.5,96.0,38,71.5,100.8
M011,165.5,32,69.5,96.0,40,72.2,102.1
M011,165.5,34,70.3,97.5,36,71.0,98.9
M011,165.5,34,70.3,97.5,38,71.5,100.8
M011,165.5,34,70.3,97.5,40,72.2,102.1
M011,165.5,36,71.0,98.9,38,71.5,100.8
M011,165.5,36,71.0,98.9,40,72.2,102.1
M011,165.5,38,71.5,100.8,40,72.2,102.1
M012,155.2,12,44.7,75.6,14,45.5,76.9
M012,155.2,12,44.7,75.6,16,45.8,78.9
M012,155.2,12,44.7,75.6,18,46.5,80.8
M012,155.2,12,44.7,75.6,20,47.4,82.3
M012,155.2,12,44.7,75.6,22,47.8,84.2
M012,155.2,12,44.7,75.6,24,48.5,85.0
M012,155.2,12,44.7,75.6,26,49.2,87.3
M012,155.2,12,44.7,75.6,28,49.9,89.3
M012,155.2,12,44.7,75.6,30,50.6,91.5
M012,155.2,12,44.7,75.6,32,51.5,93.2
M012,155.2,12,44.7,75.6,34,52.4,95.6
M012,155.2,12,44.7,75.6,36,52.8,97.2
M012,155.2,12,44.7,75.6,38,53.8,99.4
M012,155.2,12,44.7,75.6,40,54.6,101.3
M012,155.2,14,45.5,76.9,16,45.8,78.9
M012,155.2,14,45.5,76.9,18,46.5,80.8
M012,155.2,14,45.5,76.9,20,47.4,82.3
M012,155.2,14,45.5,76.9,22,47.8,84.2
M012,155.2,14,45.5,76.9,24,48.5,85.0
M012,155.2,14,45.5,76.9,26,49.2,87.3
M012,155.2,14,45.5,76.9,28,49.9,89.3
M012,155.2,14,45.5,76.9,30,50.6,91.5
M012,155.2,14,45.5,76.9,32,51.5,93.2
M012,155.2,14,45.5,76.9,34,52.4,95.6
M012,155.2,14,45.5,76.9,36,52.8,97.2
M012,155.2,14,45.5,76.9,38,53.8,99.4
M012,155.2,14,45.5,76.9,40,54.6,101.3
M012,155.2,16,45.8,78.9,18,46.5,80.8
M012,155.2,16,45.8,78.9,20,47.4,82.3
M012,155.2,16,45.8,78.9,22,47.8,84.2
M012,155.2,16,45.8,78.9,24,48.5,85.0
M012,155.2,16,45.8,78.9,26,49.2,87.3
M012,155.2,16,45.8,78.9,28,49.9,89.3
M012,155.2,16,45.8,78.9,30,50.6,91.5
M012,155.2,16,45.8,78.9,32,51.5,93.2
M012,155.2,16,45.8,78.9,34,52.4,95.6
M012,155.2,16,45.8,78.9,36,52.8,97.2
M012,155.2,16,45.8,78.9,38,53.8,99.4
M012,155.2,16,45.8,78.9,40,54.6,101.3
M012,155.2,18,46.5,80.8,20,47.4,82.3
M012,155.2,18,46.5,80.8,22,47.8,84.2
M012,155.2,18,46.5,80.8,24,48.5,85.0
M012,155.2,18,46.5,80.8,26,49.2,87.3
M012,155.2,18,46.5,80.8,28,49.9,89.3
M012,155.2,18,46.5,80.8,30,50.6,91.5
M012,155.2,18,46.5,80.8,32,51.5,93.2
M012,155.2,18,46.5,80.8,34,52.4,95.6
M012,155.2,18,46.5,80.8,36,52.8,97.2
M012,155.2,18,46.5,80.8,38,53.8,99.4
M012,155.2,18,46.5,80.8,40,54.6,101.3
M012,155.2,20,47.4,82.3,22,47.8,84.2
M012,155.2,20,47.4,82.3,24,48.5,85.0
M012,155.2,20,47.4,82.3,26,49.2,87.3
M012,155.2,20,47.4,82.3,28,49.9,89.3
M012,155.2,20,47.4,82.3,30,50.6,91.5
M012,155.2,20,47.4,82.3,32,51.5,93.2
M012,155.2,20,47.4,82.3,34,52.4,95.6
M012,155.2,20,47.4,82.3,36,52.8,97.2
M012,155.2,20,47.4,82.3,38,53.8,99.4
M012,155.2,20,47.4,82.3,40,54.6,101.3
M012,155.2,22,47.8,84.2,24,48.5,85.0
M012,155.2,22,47.8,84.2,26,49.2,87.3
M012,155.2,22,47.8,84.2,28,49.9,89.3
M012,155.2,22,47.8,84.2,30,50.6,91.5
M012,155.2,22,47.8,84.2,32,51.5,93.2
M012,155.2,22,47.8,84.2,34,52.4,95.6
M012,155.2,22,47.8,84.2,36,52.8,97.2
M012,155.2,22,47.8,84.2,38,53.8,99.4
M012,155.2,22,47.8,84.2,40,54.6,101.3
M012,155.2,24,48.5,85.0,26,49.2,87.3
M012,155.2,24,48.5,85.0,28,49.9,89.3
M012,155.2,24,48.5,85.0,30,50.6,91.5
M012,155.2,24,48.5,85.0,32,51.5,93.2
M012,155.2,24,48.5,85.0,34,52.4,95.6
M012,155.2,24,48.5,85.0,36,52.8,97.2
M012,155.2,24,48.5,85.0,38,53.8,99.4
M012,155.2,24,48.5,85.0,40,54.6,101.3
M012,155.2,26,49.2,87.3,28,49.9,89.3
M012,155.2,26,49.2,87.3,30,50.6,91.5
M012,155.2,26,49.2,87.3,32,51.5,93.2
M012,155.2,26,49.2,87.3,34,52.4,95.6
M012,155.2,26,49.2,87.3,36,52.8,97.2
M012,155.2,26,49.2,87.3,38,53.8,99.4
M012,155.2,26,49.2,87.3,40,54.6,101.3
M012,155.2,28,49.9,89.3,30,50.6,91.5
M012,155.2,28,49.9,89.3,32,51.5,93.2
M012,155.2,28,49.9,89.3,34,52.4,95.6
M012,155.2,28,49.9,89.3,36,52.8,97.2
M012,155.2,28,49.9,89.3,38,53.8,99.4
M012,155.2,28,49.9,89.3,40,54.6,101.3
M012,155.2,30,50.6,91.5,32,51.5,93.2
M012,155.2,30,50.6,91.5,34,52.4,95.6
M012,155.2,30,50.6,91.5,36,52.8,97.2
M012,155.2,30,50.6,91.5,38,53.8,99.4
M012,155.2,30,50.6,91.5,40,54.6,101.3
M012,155.2,32,51.5,93.2,34,52.4,95.6
M012,155.2,32,51.5,93.2,36,52.8,97.2
M012,155.2,32,51.5,93.2,38,53.8,99.4
M012,155.2,32,51.5,93.2,40,54.6,101.3
M012,155.2,34,52.4,95.6,36,52.8,97.2
M012,155.2,34,52.4,95.6,38,53.8,99.4
M012,155.2,34,52.4,95.6,40,54.6,101.3
M012,155.2,36,52.8,97.2,38,53.8,99.4
M012,155.2,36,52.8,97.2,40,54.6,101.3
M012,155.2,38,53.8,99.4,40,54.6,101.3
M013,156.3,12,47.4,76.1,14,47.8,76.5
M013,156.3,12,47.4,76.1,16,48.6,78.3
M013,156.3,12,47.4,76.1,18,49.3,78.4
M013,156.3,12,47.4,76.1,20,49.9,80.2
M013,156.3,12,47.4,76.1,22,50.3,80.7
M013,156.3,12,47.4,76.1,24,50.9,81.9
M013,156.3,12,47.4,76.1,26,51.6,82.7
M013,156.3,12,47.4,76.1,28,52.7,83.5
M013,156.3,12,47.4,76.1,30,53.6,85.1
M013,156.3,12,47.4,76.1,32,54.1,85.3
M013,156.3,12,47.4,76.1,34,54.8,87.0
M013,156.3,12,47.4,76.1,36,55.2,87.8
M013,156.3,12,47.4,76.1,38,56.4,88.0
M013,156.3,12,47.4,76.1,40,57.0,89.7
M013,156.3,14,47.8,76.5,16,48.6,78.3
M013,156.3,14,47.8,76.5,18,49.3,78.4
M013,156.3,14,47.8,76.5,20,49.9,80.2
M013,156.3,14,47.8,76.5,22,50.3,80.7
M013,156.3,14,47.8,76.5,24,50.9,81.9
M013,156.3,14,47.8,76.5,26,51.6,82.7
M013,156.3,14,47.8,76.5,28,52.7,83.5
M013,156.3,14,47.8,76.5,30,53.6,85.1
M013,156.3,14,47.8,76.5,32,54.1,85.3
M013,156.3,14,47.8,76.5,34,54.8,87.0
M013,156.3,14,47.8,76.5,36,55.2,87.8
M013,156.3,14,47.8,76.5,38,56.4,88.0
M013,156.3,14,47.8,76.5,40,57.0,89.7
M013,156.3,16,48.6,78.3,18,49.3,78.4
M013,156.3,16,48.6,78.3,20,49.9,80.2
M013,156.3,16,48.6,78.3,22,50.3,80.7
M013,156.3,16,48.6,78.3,24,50.9,81.9
M013,156.3,16,48.6,78.3,26,51.6,82.7
M013,156.3,16,48.6,78.3,28,52.7,83.5
M013,156.3,16,48.6,78.3,30,53.6,85.1
M013,156.3,16,48.6,78.3,32,54.1,85.3
M013,156.3,16,48.6,78.3,34,54.8,87.0
M013,156.3,16,48.6,78.3,36,55.2,87.8
M013,156.3,16,48.6,78.3,38,56.4,88.0
M013,156.3,16,48.6,78.3,40,57.0,89.7
M013,156.3,18,49.3,78.4,20,49.9,80.2
M013,156.3,18,49.3,78.4,22,50.3,80.7
M013,156.3,18,49.3,78.4,24,50.9,81.9
M013,156.3,18,49.3,78.4,26,51.6,82.7
M013,156.3,18,49.3,78.4,28,52.7,83.5
M013,156.3,18,49.3,78.4,30,53.6,85.1
M013,156.3,18,49.3,78.4,32,54.1,85.3
M013,156.3,18,49.3,78.4,34,54.8,87.0
M013,156.3,18,49.3,78.4,36,55.2,87.8
M013,156.3,18,49.3,78.4,38,56.4,88.0
M013,156.3,18,49.3,78.4,40,57.0,89.7
M013,156.3,20,49.9,80.2,22,50.3,80.7
M013,156.3,20,49.9,80.2,24,50.9,81.9
M013,156.3,20,49.9,80.2,26,51.6,82.7
M013,156.3,20,49.9,80.2,28,52.7,83.5
M013,156.3,20,49.9,80.2,30,53.6,85.1
M013,156.3,20,49.9,80.2,32,54.1,85.3
M013,156.3,20,49.9,80.2,34,54.8,87.0
M013,156.3,20,49.9,80.2,36,55.2,87.8
M013,156.3,20,49.9,80.2,38,56.4,88.0
M013,156.3,20,49.9,80.2,40,57.0,89.7
M013,156.3,22,50.3,80.7,24,50.9,81.9
M013,156.3,22,50.3,80.7,26,51.6,82.7
M013,156.3,22,50.3,80.7,28,52.7,83.5
M013,156.3,22,50.3,80.7,30,53.6,85.1
M013,156.3,22,50.3,80.7,32,54.1,85.3
M013,156.3,22,50.3,80.7,34,54.8,87.0
M013,156.3,22,50.3,80.7,36,55.2,87.8
M013,156.3,22,50.3,80.7,38,56.4,88.0
M013,156.3,22,50.3,80.7,40,57.0,89.7
M013,156.3,24,50.9,81.9,26,51.6,82.7
M013,156.3,24,50.9,81.9,28,52.7,83.5
M013,156.3,24,50.9,81.9,30,53.6,85.1
M013,156.3,24,50.9,81.9,32,54.1,85.3
M013,156.3,24,50.9,81.9,34,54.8,87.0
M013,156.3,24,50.9,81.9,36,55.2,87.8
M013,156.3,24,50.9,81.9,38,56.4,88.0
M013,156.3,24,50.9,81.9,40,57.0,89.7
M013,156.3,26,51.6,82.7,28,52.7,83.5
M013,156.3,26,51.6,82.7,30,53.6,85.1
M013,156.3,26,51.6,82.7,32,54.1,85.3
M013,156.3,26,51.6,82.7,34,54.8,87.0
M013,156.3,26,51.6,82.7,36,55.2,87.8
M013,156.3,26,51.6,82.7,38,56.4,88.0
M013,156.3,26,51.6,82.7,40,57.0,89.7
M013,156.3,28,52.7,83.5,30,53.6,85.1
M013,156.3,28,52.7,83.5,32,54.1,85.3
M013,156.3,28,52.7,83.5,34,54.8,87.0
M013,156.3,28,52.7,83.5,36,55.2,87.8
M013,156.3,28,52.7,83.5,38,56.4,88.0
M013,156.3,28,52.7,83.5,40,57.0,89.7
M013,156.3,30,53.6,85.1,32,54.1,85.3
M013,156.3,30,53.6,85.1,34,54.8,87.0
M013,156.3,30,53.6,85.1,36,55.2,87.8
M013,156.3,30,53.6,85.1,38,56.4,88.0
M013,156.3,30,53.6,85.1,40,57.0,89.7
M013,156.3,32,54.1,85.3,34,54.8,87.0
M013,156.3,32,54.1,85.3,36,55.2,87.8
M013,156.3,32,54.1,85.3,38,56.4,88.0
M013,156.3,32,54.1,85.3,40,57.0,89.7
M013,156.3,34,54.8,87.0,36,55.2,87.8
M013,156.3,34,54.8,87.0,38,56.4,88.0
M013,156.3,34,54.8,87.0,40,57.0,89.7
M013,156.3,36,55.2,87.8,38,56.4,88.0
M013,156.3,36,55.2,87.8,40,57.0,89.7
M013,156.3,38,56.4,88.0,40,57.0,89.7
M014,158.4,12,54.8,80.1,14,55.0,81.1
M014,158.4,12,54.8,80.1,16,56.3,82.1
M014,158.4,12,54.8,80.1,18,56.7,83.4
M014,158.4,12,54.8,80.1,20,57.7,84.0
M014,158.4,12,54.8,80.1,22,58.2,85.2
M014,158.4,12,54.8,80.1,24,59.2,86.7
M014,158.4,12,54.8,80.1,26,60.6,87.3
M014,158.4,12,54.8,80.1,28,60.5,88.4
M014,158.4,12,54.8,80.1,30,61.7,89.6
M014,158.4,12,54.8,80.1,32,62.2,90.8
M014,158.4,12,54.8,80.1,34,63.7,92.4
M014,158.4,12,54.8,80.1,36,64.1,93.1
M014,158.4,12,54.8,80.1,38,65.4,93.9
M014,158.4,12,54.8,80.1,40,66.1,95.6
M014,158.4,14,55.0,81.1,16,56.3,82.1
M014,158.4,14,55.0,81.1,18,56.7,83.4
M014,158.4,14,55.0,81.1,20,57.7,84.0
M014,158.4,14,55.0,81.1,22,58.2,85.2
M014,158.4,14,55.0,81.1,24,59.2,86.7
M014,158.4,14,55.0,81.1,26,60.6,87.3
M014,158.4,14,55.0,81.1,28,60.5,88.4
M014,158.4,14,55.0,81.1,30,61.7,89.6
M014,158.4,14,55.0,81.1,32,62.2,90.8
M014,158.4,14,55.0,81.1,34,63.7,92.4
M014,158.4,14,55.0,81.1,36,64.1,93.1
M014,158.4,14,55.0,81.1,38,65.4,93.9
M014,158.4,14,55.0,81.1,40,66.1,95.6
M014,158.4,16,56.3,82.1,18,56.7,83.4
M014,158.4,16,56.3,82.1,20,57.7,84.0
M014,158.4,16,56.3,82.1,22,58.2,85.2
M014,158.4,16,56.3,82.1,24,59.2,86.7
M014,158.4,16,56.3,82.1,26,60.6,87.3
M014,158.4,16,56.3,82.1,28,60.5,88.4
M014,158.4,16,56.3,82.1,30,61.7,89.6
M014,158.4,16,56.3,82.1,32,62.2,90.8
M014,158.4,16,56.3,82.1,34,63.7,92.4
M014,158.4,16,56.3,82.1,36,64.1,93.1
M014,158.4,16,56.3,82.1,38,65.4,93.9
M014,158.4,16,56.3,82.1,40,66.1,95.6
M014,158.4,18,56.7,83.4,20,57.7,84.0
M014,158.4,18,56.7,83.4,22,58.2,85.2
M014,158.4,18,56.7,83.4,24,59.2,86.7
M014,158.4,18,56.7,83.4,26,60.6,87.3
M014,158.4,18,56.7,83.4,28,60.5,88.4
M014,158.4,18,56.7,83.4,30,61.7,89.6
M014,158.4,18,56.7,83.4,32,62.2,90.8
M014,158.4,18,56.7,83.4,34,63.7,92.4
M014,158.4,18,56.7,83.4,36,64.1,93.1
M014,158.4,18,56.7,83.4,38,65.4,93.9
M014,158.4,18,56.7,83.4,40,66.1,95.6
M014,158.4,20,57.7,84.0,22,58.2,85.2
M014,158.4,20,57.7,84.0,24,59.2,86.7
M014,158.4,20,57.7,84.0,26,60.6,87.3
M014,158.4,20,57.7,84.0,28,60.5,88.4
M014,158.4,20,57.7,84.0,30,61.7,89.6
M014,158.4,20,57.7,84.0,32,62.2,90.8
M014,158.4,20,57.7,84.0,34,63.7,92.4
M014,158.4,20,57.7,84.0,36,64.1,93.1
M014,158.4,20,57.7,84.0,38,65.4,93.9
M014,158.4,20,57.7,84.0,40,66.1,95.6
M014,158.4,22,58.2,85.2,24,59.2,86.7
M014,158.4,22,58.2,85.2,26,60.6,87.3
M014,158.4,22,58.2,85.2,28,60.5,88.4
M014,158.4,22,58.2,85.2,30,61.7,89.6
M014,158.4,22,58.2,85.2,32,62.2,90.8
M014,158.4,22,58.2,85.2,34,63.7,92.4
M014,158.4,22,58.2,85.2,36,64.1,93.1
M014,158.4,22,58.2,85.2,38,65.4,93.9
M014,158.4,22,58.2,85.2,40,66.1,95.6
M014,158.4,24,59.2,86.7,26,60.6,87.3
M014,158.4,24,59.2,86.7,28,60.5,88.4
M014,158.4,24,59.2,86.7,30,61.7,89.6
M014,158.4,24,59.2,86.7,32,62.2,90.8
M014,158.4,24,59.2,86.7,34,63.7,92.4
M014,158.4,24,59.2,86.7,36,64.1,93.1
M014,158.4,24,59.2,86.7,38,65.4,93.9
M014,158.4,24,59.2,86.7,40,66.1,95.6
M014,158.4,26,60.6,87.3,28,60.5,88.4
M014,158.4,26,60.6,87.3,30,61.7,89.6
M014,158.4,26,60.6,87.3,32,62.2,90.8
M014,158.4,26,60.6,87.3,34,63.7,92.4
M014,158.4,26,60.6,87.3,36,64.1,93.1
M014,158.4,26,60.6,87.3,38,65.4,93.9
M014,158.4,26,60.6,87.3,40,66.1,95.6
M014,158.4,28,60.5,88.4,30,61.7,89.6
M014,158.4,28,60.5,88.4,32,62.2,90.8
M014,158.4,28,60.5,88.4,34,63.7,92.4
M014,158.4,28,60.5,88.4,36,64.1,93.1
M014,158.4,28,60.5,88.4,38,65.4,93.9
M014,158.4,28,60.5,88.4,40,66.1,95.6
M014,158.4,30,61.7,89.6,32,62.2,90.8
M014,158.4,30,61.7,89.6,34,63.7,92.4
M014,158.4,30,61.7,89.6,36,64.1,93.1
M014,158.4,30,61.7,89.6,38,65.4,93.9
M014,158.4,30,61.7,89.6,40,66.1,95.6
M014,158.4,32,62.2,90.8,34,63.7,92.4
M014,158.4,32,62.2,90.8,36,64.1,93.1
M014,158.4,32,62.2,90.8,38,65.4,93.9
M014,158.4,32,62.2,90.8,40,66.1,95.6
M014,158.4,34,63.7,92.4,36,64.1,93.1
M014,158.4,34,63.7,92.4,38,65.4,93.9
M014,158.4,34,63.7,92.4,40,66.1,95.6
M014,158.4,36,64.1,93.1,38,65.4,93.9
M014,158.4,36,64.1,93.1,40,66.1,95.6
M014,158.4,38,65.4,93.9,40,66.1,95.6
M015,163.7,12,55.6,70.7,14,55.8,72.3
M015,163.7,12,55.6,70.7,16,56.2,73.8
M015,163.7,12,55.6,70.7,18,56.6,75.5
M015,163.7,12,55.6,70.7,20,57.0,77.9
M015,163.7,12,55.6,70.7,22,57.1,79.3
M015,163.7,12,55.6,70.7,24,57.7,80.2
M015,163.7,12,55.6,70.7,26,58.1,82.5
M015,163.7,12,55.6,70.7,28,58.5,84.4
M015,163.7,12,55.6,70.7,30,59.1,86.2
M015,163.7,12,55.6,70.7,32,59.2,88.2
M015,163.7,12,55.6,70.7,34,60.0,89.9
M015,163.7,12,55.6,70.7,36,60.6,92.5
M015,163.7,12,55.6,70.7,38,60.7,94.4
M015,163.7,12,55.6,70.7,40,61.5,95.8
M015,163.7,14,55.8,72.3,16,56.2,73.8
M015,163.7,14,55.8,72.3,18,56.6,75.5
M015,163.7,14,55.8,72.3,20,57.0,77.9
M015,163.7,14,55.8,72.3,22,57.1,79.3
M015,163.7,14,55.8,72.3,24,57.7,80.2
M015,163.7,14,55.8,72.3,26,58.1,82.5
M015,163.7,14,55.8,72.3,28,58.5,84.4
M015,163.7,14,55.8,72.3,30,59.1,86.2
M015,163.7,14,55.8,72.3,32,59.2,88.2
M015,163.7,14,55.8,72.3,34,60.0,89.9
M015,163.7,14,55.8,72.3,36,60.6,92.5
M015,163.7,14,55.8,72.3,38,60.7,94.4
M015,163.7,14,55.8,72.3,40,61.5,95.8
M015,163.7,16,56.2,73.8,18,56.6,75.5
M015,163.7,16,56.2,73.8,20,57.0,77.9
M015,163.7,16,56.2,73.8,22,57.1,79.3
M015,163.7,16,56.2,73.8,24,57.7,80.2
M015,163.7,16,56.2,73.8,26,58.1,82.5
M015,163.7,16,56.2,73.8,28,58.5,84.4
M015,163.7,16,56.2,73.8,30,59.1,86.2
M015,163.7,16,56.2,73.8,32,59.2,88.2
M015,163.7,16,56.2,73.8,34,60.0,89.9
M015,163.7,16,56.2,73.8,36,60.6,92.5
M015,163.7,16,56.2,73.8,38,60.7,94.4
M015,163.7,16,56.2,73.8,40,61.5,95.8
M015,163.7,18,56.6,75.5,20,57.0,77.9
M015,163.7,18,56.6,75.5,22,57.1,79.3
M015,163.7,18,56.6,75.5,24,57.7,80.2
M015,163.7,18,56.6,75.5,26,58.1,82.5
M015,163.7,18,56.6,75.5,28,58.5,84.4
M015,163.7,18,56.6,75.5,30,59.1,86.2
M015,163.7,18,56.6,75.5,32,59.2,88.2
M015,163.7,18,56.6,75.5,34,60.0,89.9
M015,163.7,18,56.6,75.5,36,60.6,92.5
M015,163.7,18,56.6,75.5,38,60.7,94.4
M015,163.7,18,56.6,75.5,40,61.5,95.8
M015,163.7,20,57.0,77.9,22,57.1,79.3
M015,163.7,20,57.0,77.9,24,57.7,80.2
M015,163.7,20,57.0,77.9,26,58.1,82.5
M015,163.7,20,57.0,77.9,28,58.5,84.4
M015,163.7,20,57.0,77.9,30,59.1,86.2
M015,163.7,20,57.0,77.9,32,59.2,88.2
M015,163.7,20,57.0,77.9,34,60.0,89.9
M015,163.7,20,57.0,77.9,36,60.6,92.5
M015,163.7,20,57.0,77.9,38,60.7,94.4
M015,163.7,20,57.0,77.9,40,61.5,95.8
M015,163.7,22,57.1,79.3,24,57.7,80.2
M015,163.7,22,57.1,79.3,26,58.1,82.5
M015,163.7,22,57.1,79.3,28,58.5,84.4
M015,163.7,22,57.1,79.3,30,59.1,86.2
M015,163.7,22,57.1,79.3,32,59.2,88.2
M015,163.7,22,57.1,79.3,34,60.0,89.9
M015,163.7,22,57.1,79.3,36,60.6,92.5
M015,163.7,22,57.1,79.3,38,60.7,94.4
M015,163.7,22,57.1,79.3,40,61.5,95.8
M015,163.7,24,57.7,80.2,26,58.1,82.5
M015,163.7,24,57.7,80.2,28,58.5,84.4
M015,163.7,24,57.7,80.2,30,59.1,86.2
M015,163.7,24,57.7,80.2,32,59.2,88.2
M015,163.7,24,57.7,80.2,34,60.0,89.9
M015,163.7,24,57.7,80.2,36,60.6,92.5
M015,163.7,24,57.7,80.2,38,60.7,94.4
M015,163.7,24,57.7,80.2,40,61.5,95.8
M015,163.7,26,58.1,82.5,28,58.5,84.4
M015,163.7,26,58.1,82.5,30,59.1,86.2
M015,163.7,26,58.1,82.5,32,59.2,88.2
M015,163.7,26,58.1,82.5,34,60.0,89.9
M015,163.7,26,58.1,82.5,36,60.6,92.5
M015,163.7,26,58.1,82.5,38,60.7,94.4
M015,163.7,26,58.1,82.5,40,61.5,95.8
M015,163.7,28,58.5,84.4,30,59.1,86.2
M015,163.7,28,58.5,84.4,32,59.2,88.2
M015,163.7,28,58.5,84.4,34,60.0,89.9
M015,163.7,28,58.5,84.4,36,60.6,92.5
M015,163.7,28,58.5,84.4,38,60.7,94.4
M015,163.7,28,58.5,84.4,40,61.5,95.8
M015,163.7,30,59.1,86.2,32,59.2,88.2
M015,163.7,30,59.1,86.2,34,60.0,89.9
M015,163.7,30,59.1,86.2,36,60.6,92.5
M015,163.7,30,59.1,86.2,38,60.7,94.4
M015,163.7,30,59.1,86.2,40,61.5,95.8
M015,163.7,32,59.2,88.2,34,60.0,89.9
M015,163.7,32,59.2,88.2,36,60.6,92.5
M015,163.7,32,59.2,88.2,38,60.7,94.4
M015,163.7,32,59.2,88.2,40,61.5,95.8
M015,163.7,34,60.0,89.9,36,60.6,92.5
M015,163.7,34,60.0,89.9,38,60.7,94.4
M015,163.7,34,60.0,89.9,40,61.5,95.8
M015,163.7,36,60.6,92.5,38,60.7,94.4
M015,163.7,36,60.6,92.5,40,61.5,95.8
M015,163.7,38,60.7,94.4,40,61.5,95.8
M016,163.3,12,51.9,68.2,14,52.2,68.7
M016,163.3,12,51.9,68.2,16,52.5,69.7
M016,163.3,12,51.9,68.2,18,52.9,70.7
M016,163.3,12,51.9,68.2,20,53.3,72.4
M016,163.3,12,51.9,68.2,22,54.1,73.3
M016,163.3,12,51.9,68.2,24,54.4,73.7
M016,163.3,12,51.9,68.2,26,54.8,74.8
M016,163.3,12,51.9,68.2,28,55.5,76.5
M016,163.3,12,51.9,68.2,30,56.1,76.9
M016,163.3,12,51.9,68.2,32,56.9,77.8
M016,163.3,12,51.9,68.2,34,57.4,79.5
M016,163.3,12,51.9,68.2,36,58.2,80.5
M016,163.3,12,51.9,68.2,38,58.8,82.0
M016,163.3,12,51.9,68.2,40,59.0,82.4
M016,163.3,14,52.2,68.7,16,52.5,69.7
M016,163.3,14,52.2,68.7,18,52.9,70.7
M016,163.3,14,52.2,68.7,20,53.3,72.4
M016,163.3,14,52.2,68.7,22,54.1,73.3
M016,163.3,14,52.2,68.7,24,54.4,73.7
M016,163.3,14,52.2,68.7,26,54.8,74.8
M016,163.3,14,52.2,68.7,28,55.5,76.5
M016,163.3,14,52.2,68.7,30,56.1,76.9
M016,163.3,14,52.2,68.7,32,56.9,77.8
M016,163.3,14,52.2,68.7,34,57.4,79.5
M016,163.3,14,52.2,68.7,36,58.2,80.5
M016,163.3,14,52.2,68.7,38,58.8,82.0
M016,163.3,14,52.2,68.7,40,59.0,82.4
M016,163.3,16,52.5,69.7,18,52.9,70.7
M016,163.3,16,52.5,69.7,20,53.3,72.4
M016,163.3,16,52.5,69.7,22,54.1,73.3
M016,163.3,16,52.5,69.7,24,54.4,73.7
M016,163.3,16,52.5,69.7,26,54.8,74.8
M016,163.3,16,52.5,69.7,28,55.5,76.5
M016,163.3,16,52.5,69.7,30,56.1,76.9
M016,163.3,16,52.5,69.7,32,56.9,77.8
M016,163.3,16,52.5,69.7,34,57.4,79.5
M016,163.3,16,52.5,69.7,36,58.2,80.5
M016,163.3,16,52.5,69.7,38,58.8,82.0
M016,163.3,16,52.5,69.7,40,59.0,82.4
M016,163.3,18,52.9,70.7,20,53.3,72.4
M016,163.3,18,52.9,70.7,22,54.1,73.3
M016,163.3,18,52.9,70.7,24,54.4,73.7
M016,163.3,18,52.9,70.7,26,54.8,74.8
M016,163.3,18,52.9,70.7,28,55.5,76.5
M016,163.3,18,52.9,70.7,30,56.1,76.9
M016,163.3,18,52.9,70.7,32,56.9,77.8
M016,163.3,18,52.9,70.7,34,57.4,79.5
M016,163.3,18,52.9,70.7,36,58.2,80.5
M016,163.3,18,52.9,70.7,38,58.8,82.0
M016,163.3,18,52.9,70.7,40,59.0,82.4
M016,163.3,20,53.3,72.4,22,54.1,73.3
M016,163.3,20,53.3,72.4,24,54.4,73.7
M016,163.3,20,53.3,72.4,26,54.8,74.8
M016,163.3,20,53.3,72.4,28,55.5,76.5
M016,163.3,20,53.3,72.4,30,56.1,76.9
M016,163.3,20,53.3,72.4,32,56.9,77.8
M016,163.3,20,53.3,72.4,34,57.4,79.5
M016,163.3,20,53.3,72.4,36,58.2,80.5
M016,163.3,20,53.3,72.4,38,58.8,82.0
M016,163.3,20,53.3,72.4,40,59.0,82.4
M016,163.3,22,54.1,73.3,24,54.4,73.7
M016,163.3,22,54.1,73.3,26,54.8,74.8
M016,163.3,22,54.1,73.3,28,55.5,76.5
M016,163.3,22,54.1,73.3,30,56.1,76.9
M016,163.3,22,54.1,73.3,32,56.9,77.8
M016,163.3,22,54.1,73.3,34,57.4,79.5
M016,163.3,22,54.1,73.3,36,58.2,80.5
M016,163.3,22,54.1,73.3,38,58.8,82.0
M016,163.3,22,54.1,73.3,40,59.0,82.4
M016,163.3,24,54.4,73.7,26,54.8,74.8
M016,163.3,24,54.4,73.7,28,55.5,76.5
M016,163.3,24,54.4,73.7,30,56.1,76.9
M016,163.3,24,54.4,73.7,32,56.9,77.8
M016,163.3,24,54.4,73.7,34,57.4,79.5
M016,163.3,24,54.4,73.7,36,58.2,80.5
M016,163.3,24,54.4,73.7,38,58.8,82.0
M016,163.3,24,54.4,73.7,40,59.0,82.4
M016,163.3,26,54.8,74.8,28,55.5,76.5
M016,163.3,26,54.8,74.8,30,56.1,76.9
M016,163.3,26,54.8,74.8,32,56.9,77.8
M016,163.3,26,54.8,74.8,34,57.4,79.5
M016,163.3,26,54.8,74.8,36,58.2,80.5
M016,163.3,26,54.8,74.8,38,58.8,82.0
M016,163.3,26,54.8,74.8,40,59.0,82.4
M016,163.3,28,55.5,76.5,30,56.1,76.9
M016,163.3,28,55.5,76.5,32,56.9,77.8
M016,163.3,28,55.5,76.5,34,57.4,79.5
M016,163.3,28,55.5,76.5,36,58.2,80.5
M016,163.3,28,55.5,76.5,38,58.8,82.0
M016,163.3,28,55.5,76.5,40,59.0,82.4
M016,163.3,30,56.1,76.9,32,56.9,77.8
M016,163.3,30,56.1,76.9,34,57.4,79.5
M016,163.3,30,56.1,76.9,36,58.2,80.5
M016,163.3,30,56.1,76.9,38,58.8,82.0
M016,163.3,30,56.1,76.9,40,59.0,82.4
M016,163.3,32,56.9,77.8,34,57.4,79.5
M016,163.3,32,56.9,77.8,36,58.2,80.5
M016,163.3,32,56.9,77.8,38,58.8,82.0
M016,163.3,32,56.9,77.8,40,59.0,82.4
M016,163.3,34,57.4,79.5,36,58.2,80.5
M016,163.3,34,57.4,79.5,38,58.8,82.0
M016,163.3,34,57.4,79.5,40,59.0,82.4
M016,163.3,36,58.2,80.5,38,58.8,82.0
M016,163.3,36,58.2,80.5,40,59.0,82.4
M016,163.3,38,58.8,82.0,40,59.0,82.4
M017,160.4,12,48.1,83.8,14,48.2,85.2
M017,160.4,12,48.1,83.8,16,49.0,85.7
M017,160.4,12,48.1,83.8,18,49.5,86.7
M017,160.4,12,48.1,83.8,20,49.8,88.3
M017,160.4,12,48.1,83.8,22,50.7,89.5
M017,160.4,12,48.1,83.8,24,51.0,89.8
M017,160.4,12,48.1,83.8,26,51.5,91.5
M017,160.4,12,48.1,83.8,28,52.6,92.9
M017,160.4,12,48.1,83.8,30,53.2,93.8
M017,160.4,12,48.1,83.8,32,53.5,95.4
M017,160.4,12,48.1,83.8,34,54.1,95.9
M017,160.4,12,48.1,83.8,36,54.7,96.8
M017,160.4,12,48.1,83.8,38,55.4,98.8
M017,160.4,12,48.1,83.8,40,56.1,99.6
M017,160.4,14,48.2,85.2,16,49.0,85.7
M017,160.4,14,48.2,85.2,18,49.5,86.7
M017,160.4,14,48.2,85.2,20,49.8,88.3
M017,160.4,14,48.2,85.2,22,50.7,89.5
M017,160.4,14,48.2,85.2,24,51.0,89.8
M017,160.4,14,48.2,85.2,26,51.5,91.5
M017,160.4,14,48.2,85.2,28,52.6,92.9
M017,160.4,14,48.2,85.2,30,53.2,93.8
M017,160.4,14,48.2,85.2,32,53.5,95.4
M017,160.4,14,48.2,85.2,34,54.1,95.9
M017,160.4,14,48.2,85.2,36,54.7,96.8
M017,160.4,14,48.2,85.2,38,55.4,98.8
M017,160.4,14,48.2,85.2,40,56.1,99.6
M017,160.4,16,49.0,85.7,18,49.5,86.7
M017,160.4,16,49.0,85.7,20,49.8,88.3
M017,160.4,16,49.0,85.7,22,50.7,89.5
M017,160.4,16,49.0,85.7,24,51.0,89.8
M017,160.4,16,49.0,85.7,26,51.5,91.5
M017,160.4,16,49.0,85.7,28,52.6,92.9
M017,160.4,16,49.0,85.7,30,53.2,93.8
M017,160.4,16,49.0,85.7,32,53.5,95.4
M017,160.4,16,49.0,85.7,34,54.1,95.9
M017,160.4,16,49.0,85.7,36,54.7,96.8
M017,160.4,16,49.0,85.7,38,55.4,98.8
M017,160.4,16,49.0,85.7,40,56.1,99.6
M017,160.4,18,49.5,86.7,20,49.8,88.3
M017,160.4,18,49.5,86.7,22,50.7,89.5
M017,160.4,18,49.5,86.7,24,51.0,89.8
M017,160.4,18,49.5,86.7,26,51.5,91.5
M017,160.4,18,49.5,86.7,28,52.6,92.9
M017,160.4,18,49.5,86.7,30,53.2,93.8
M017,160.4,18,49.5,86.7,32,53.5,95.4
M017,160.4,18,49.5,86.7,34,54.1,95.9
M017,160.4,18,49.5,86.7,36,54.7,96.8
M017,160.4,18,49.5,86.7,38,55.4,98.8
M017,160.4,18,49.5,86.7,40,56.1,99.6
M017,160.4,20,49.8,88.3,22,50.7,89.5
M017,160.4,20,49.8,88.3,24,51.0,89.8
M017,160.4,20,49.8,88.3,26,51.5,91.5
M017,160.4,20,49.8,88.3,28,52.6,92.9
M017,160.4,20,49.8,88.3,30,53.2,93.8
M017,160.4,20,49.8,88.3,32,53.5,95.4
M017,160.4,20,49.8,88.3,34,54.1,95.9
M017,160.4,20,49.8,88.3,36,54.7,96.8
M017,160.4,20,49.8,88.3,38,55.4,98.8
M017,160.4,20,49.8,88.3,40,56.1,99.6
M017,160.4,22,50.7,89.5,24,51.0,89.8
M017,160.4,22,50.7,89.5,26,51.5,91.5
M017,160.4,22,50.7,89.5,28,52.6,92.9
M017,160.4,22,50.7,89.5,30,53.2,93.8
M017,160.4,22,50.7,89.5,32,53.5,95.4
M017,160.4,22,50.7,89.5,34,54.1,95.9
M017,160.4,22,50.7,89.5,36,54.7,96.8
M017,160.4,22,50.7,89.5,38,55.4,98.8
M017,160.4,22,50.7,89.5,40,56.1,99.6
M017,160.4,24,51.0,89.8,26,51.5,91.5
M017,160.4,24,51.0,89.8,28,52.6,92.9
M017,160.4,24,51.0,89.8,30,53.2,93.8
M017,160.4,24,51.0,89.8,32,53.5,95.4
M017,160.4,24,51.0,89.8,34,54.1,95.9
M017,160.4,24,51.0,89.8,36,54.7,96.8
M017,160.4,24,51.0,89.8,38,55.4,98.8
M017,160.4,24,51.0,89.8,40,56.1,99.6
M017,160.4,26,51.5,91.5,28,52.6,92.9
M017,160.4,26,51.5,91.5,30,53.2,93.8
M017,160.4,26,51.5,91.5,32,53.5,95.4
M017,160.4,26,51.5,91.5,34,54.1,95.9
M017,160.4,26,51.5,91.5,36,54.7,96.8
M017,160.4,26,51.5,91.5,38,55.4,98.8
M017,160.4,26,51.5,91.5,40,56.1,99.6
M017,160.4,28,52.6,92.9,30,53.2,93.8
M017,160.4,28,52.6,92.9,32,53.5,95.4
M017,160.4,28,52.6,92.9,34,54.1,95.9
M017,160.4,28,52.6,92.9,36,54.7,96.8
M017,160.4,28,52.6,92.9,38,55.4,98.8
M017,160.4,28,52.6,92.9,40,56.1,99.6
M017,160.4,30,53.2,93.8,32,53.5,95.4
M017,160.4,30,53.2,93.8,34,54.1,95.9
M017,160.4,30,53.2,93.8,36,54.7,96.8
M017,160.4,30,53.2,93.8,38,55.4,98.8
M017,160.4,30,53.2,93.8,40,56.1,99.6
M017,160.4,32,53.5,95.4,34,54.1,95.9
M017,160.4,32,53.5,95.4,36,54.7,96.8
M017,160.4,32,53.5,95.4,38,55.4,98.8
M017,160.4,32,53.5,95.4,40,56.1,99.6
M017,160.4,34,54.1,95.9,36,54.7,96.8
M017,160.4,34,54.1,95.9,38,55.4,98.8
M017,160.4,34,54.1,95.9,40,56.1,99.6
M017,160.4,36,54.7,96.8,38,55.4,98.8
M017,160.4,36,54.7,96.8,40,56.1,99.6
M017,160.4,38,55.4,98.8,40,56.1,99.6
M018,159.1,12,57.8,79.7,14,58.2,80.7
M018,159.1,12,57.8,79.7,16,59.1,81.3
M018,159.1,12,57.8,79.7,18,59.5,82.4
M018,159.1,12,57.8,79.7,20,60.2,83.0
M018,159.1,12,57.8,79.7,22,60.7,83.5
M018,159.1,12,57.8,79.7,24,61.8,83.9
M018,159.1,12,57.8,79.7,26,62.3,85.4
M018,159.1,12,57.8,79.7,28,62.9,85.9
M018,159.1,12,57.8,79.7,30,63.9,87.2
M018,159.1,12,57.8,79.7,32,64.5,88.2
M018,159.1,12,57.8,79.7,34,65.3,89.8
M018,159.1,12,57.8,79.7,36,65.9,90.5
M018,159.1,12,57.8,79.7,38,66.9,91.0
M018,159.1,12,57.8,79.7,40,67.6,92.4
M018,159.1,14,58.2,80.7,16,59.1,81.3
M018,159.1,14,58.2,80.7,18,59.5,82.4
M018,159.1,14,58.2,80.7,20,60.2,83.0
M018,159.1,14,58.2,80.7,22,60.7,83.5
M018,159.1,14,58.2,80.7,24,61.8,83.9
M018,159.1,14,58.2,80.7,26,62.3,85.4
M018,159.1,14,58.2,80.7,28,62.9,85.9
M018,159.1,14,58.2,80.7,30,63.9,87.2
M018,159.1,14,58.2,80.7,32,64.5,88.2
M018,159.1,14,58.2,80.7,34,65.3,89.8
M018,159.1,14,58.2,80.7,36,65.9,90.5
M018,159.1,14,58.2,80.7,38,66.9,91.0
M018,159.1,14,58.2,80.7,40,67.6,92.4
M018,159.1,16,59.1,81.3,18,59.5,82.4
M018,159.1,16,59.1,81.3,20,60.2,83.0
M018,159.1,16,59.1,81.3,22,60.7,83.5
M018,159.1,16,59.1,81.3,24,61.8,83.9
M018,159.1,16,59.1,81.3,26,62.3,85.4
M018,159.1,16,59.1,81.3,28,62.9,85.9
M018,159.1,16,59.1,81.3,30,63.9,87.2
M018,159.1,16,59.1,81.3,32,64.5,88.2
M018,159.1,16,59.1,81.3,34,65.3,89.8
M018,159.1,16,59.1,81.3,36,65.9,90.5
M018,159.1,16,59.1,81.3,38,66.9,91.0
M018,159.1,16,59.1,81.3,40,67.6,92.4
M018,159.1,18,59.5,82.4,20,60.2,83.0
M018,159.1,18,59.5,82.4,22,60.7,83.5
M018,159.1,18,59.5,82.4,24,61.8,83.9
M018,159.1,18,59.5,82.4,26,62.3,85.4
M018,159.1,18,59.5,82.4,28,62.9,85.9
M018,159.1,18,59.5,82.4,30,63.9,87.2
M018,159.1,18,59.5,82.4,32,64.5,88.2
M018,159.1,18,59.5,82.4,34,65.3,89.8
M018,159.1,18,59.5,82.4,36,65.9,90.5
M018,159.1,18,59.5,82.4,38,66.9,91.0
M018,159.1,18,59.5,82.4,40,67.6,92.4
M018,159.1,20,60.2,83.0,22,60.7,83.5
M018,159.1,20,60.2,83.0,24,61.8,83.9
M018,159.1,20,60.2,83.0,26,62.3,85.4
M018,159.1,20,60.2,83.0,28,62.9,85.9
M018,159.1,20,60.2,83.0,30,63.9,87.2
M018,159.1,20,60.2,83.0,32,64.5,88.2
M018,159.1,20,60.2,83.0,34,65.3,89.8
M018,159.1,20,60.2,83.0,36,65.9,90.5
M018,159.1,20,60.2,83.0,38,66.9,91.0
M018,159.1,20,60.2,83.0,40,67.6,92.4
M018,159.1,22,60.7,83.5,24,61.8,83.9
M018,159.1,22,60.7,83.5,26,62.3,85.4
M018,159.1,22,60.7,83.5,28,62.9,85.9
M018,159.1,22,60.7,83.5,30,63.9,87.2
M018,159.1,22,60.7,83.5,32,64.5,88.2
M018,159.1,22,60.7,83.5,34,65.3,89.8
M018,159.1,22,60.7,83.5,36,65.9,90.5
M018,159.1,22,60.7,83.5,38,66.9,91.0
M018,159.1,22,60.7,83.5,40,67.6,92.4
M018,159.1,24,61.8,83.9,26,62.3,85.4
M018,159.1,24,61.8,83.9,28,62.9,85.9
M018,159.1,24,61.8,83.9,30,63.9,87.2
M018,159.1,24,61.8,83.9,32,64.5,88.2
M018,159.1,24,61.8,83.9,34,65.3,89.8
M018,159.1,24,61.8,83.9,36,65.9,90.5
M018,159.1,24,61.8,83.9,38,66.9,91.0
M018,159.1,24,61.8,83.9,40,67.6,92.4
M018,159.1,26,62.3,85.4,28,62.9,85.9
M018,159.1,26,62.3,85.4,30,63.9,87.2
M018,159.1,26,62.3,85.4,32,64.5,88.2
M018,159.1,26,62.3,85.4,34,65.3,89.8
M018,159.1,26,62.3,85.4,36,65.9,90.5
M018,159.1,26,62.3,85.4,38,66.9,91.0
M018,159.1,26,62.3,85.4,40,67.6,92.4
M018,159.1,28,62.9,85.9,30,63.9,87.2
M018,159.1,28,62.9,85.9,32,64.5,88.2
M018,159.1,28,62.9,85.9,34,65.3,89.8
M018,159.1,28,62.9,85.9,36,65.9,90.5
M018,159.1,28,62.9,85.9,38,66.9,91.0
M018,159.1,28,62.9,85.9,40,67.6,92.4
M018,159.1,30,63.9,87.2,32,64.5,88.2
M018,159.1,30,63.9,87.2,34,65.3,89.8
M018,159.1,30,63.9,87.2,36,65.9,90.5
M018,159.1,30,63.9,87.2,38,66.9,91.0
M018,159.1,30,63.9,87.2,40,67.6,92.4
M018,159.1,32,64.5,88.2,34,65.3,89.8
M018,159.1,32,64.5,88.2,36,65.9,90.5
M018,159.1,32,64.5,88.2,38,66.9,91.0
M018,159.1,32,64.5,88.2,40,67.6,92.4
M018,159.1,34,65.3,89.8,36,65.9,90.5
M018,159.1,34,65.3,89.8,38,66.9,91.0
M018,159.1,34,65.3,89.8,40,67.6,92.4
M018,159.1,36,65.9,90.5,38,66.9,91.0
M018,159.1,36,65.9,90.5,40,67.6,92.4
M018,159.1,38,66.9,91.0,40,67.6,92.4
M019,160.5,12,59.6,78.3,14,60.1,80.7
M019,160.5,12,59.6,78.3,16,60.7,82.1
M019,160.5,12,59.6,78.3,18,60.9,83.8
M019,160.5,12,59.6,78.3,20,61.7,86.7
M019,160.5,12,59.6,78.3,22,62.1,87.9
M019,160.5,12,59.6,78.3,24,63.0,90.1
M019,160.5,12,59.6,78.3,26,63.3,92.1
M019,160.5,12,59.6,78.3,28,63.8,94.7
M019,160.5,12,59.6,78.3,30,64.6,96.4
M019,160.5,12,59.6,78.3,32,64.7,98.5
M019,160.5,12,59.6,78.3,34,65.5,100.6
M019,160.5,12,59.6,78.3,36,66.0,102.9
M019,160.5,12,59.6,78.3,38,66.7,105.0
M019,160.5,12,59.6,78.3,40,67.4,106.7
M019,160.5,14,60.1,80.7,16,60.7,82.1
M019,160.5,14,60.1,80.7,18,60.9,83.8
M019,160.5,14,60.1,80.7,20,61.7,86.7
M019,160.5,14,60.1,80.7,22,62.1,87.9
M019,160.5,14,60.1,80.7,24,63.0,90.1
M019,160.5,14,60.1,80.7,26,63.3,92.1
M019,160.5,14,60.1,80.7,28,63.8,94.7
M019,160.5,14,60.1,80.7,30,64.6,96.4
M019,160.5,14,60.1,80.7,32,64.7,98.5
M019,160.5,14,60.1,80.7,34,65.5,100.6
M019,160.5,14,60.1,80.7,36,66.0,102.9
M019,160.5,14,60.1,80.7,38,66.7,105.0
M019,160.5,14,60.1,80.7,40,67.4,106.7
M019,160.5,16,60.7,82.1,18,60.9,83.8
M019,160.5,16,60.7,82.1,20,61.7,86.7
M019,160.5,16,60.7,82.1,22,62.1,87.9
M019,160.5,16,60.7,82.1,24,63.0,90.1
M019,160.5,16,60.7,82.1,26,63.3,92.1
M019,160.5,16,60.7,82.1,28,63.8,94.7
M019,160.5,16,60.7,82.1,30,64.6,96.4
M019,160.5,16,60.7,82.1,32,64.7,98.5
M019,160.5,16,60.7,82.1,34,65.5,100.6
M019,160.5,16,60.7,82.1,36,66.0,102.9
M019,160.5,16,60.7,82.1,38,66.7,105.0
M019,160.5,16,60.7,82.1,40,67.4,106.7
M019,160.5,18,60.9,83.8,20,61.7,86.7
M019,160.5,18,60.9,83.8,22,62.1,87.9
M019,160.5,18,60.9,83.8,24,63.0,90.1
M019,160.5,18,60.9,83.8,26,63.3,92.1
M019,160.5,18,60.9,83.8,28,63.8,94.7
M019,160.5,18,60.9,83.8,30,64.6,96.4
M019,160.5,18,60.9,83.8,32,64.7,98.5
M019,160.5,18,60.9,83.8,34,65.5,100.6
M019,160.5,18,60.9,83.8,36,66.0,102.9
M019,160.5,18,60.9,83.8,38,66.7,105.0
M019,160.5,18,60.9,83.8,40,67.4,106.7
M019,160.5,20,61.7,86.7,22,62.1,87.9
M019,160.5,20,61.7,86.7,24,63.0,90.1
M019,160.5,20,61.7,86.7,26,63.3,92.1
M019,160.5,20,61.7,86.7,28,63.8,94.7
M019,160.5,20,61.7,86.7,30,64.6,96.4
M019,160.5,20,61.7,86.7,32,64.7,98.5
M019,160.5,20,61.7,86.7,34,65.5,100.6
M019,160.5,20,61.7,86.7,36,66.0,102.9
M019,160.5,20,61.7,86.7,38,66.7,105.0
M019,160.5,20,61.7,86.7,40,67.4,106.7
M019,160.5,22,62.1,87.9,24,63.0,90.1
M019,160.5,22,62.1,87.9,26,63.3,92.1
M019,160.5,22,62.1,87.9,28,63.8,94.7
M019,160.5,22,62.1,87.9,30,64.6,96.4
M019,160.5,22,62.1,87.9,32,64.7,98.5
M019,160.5,22,62.1,87.9,34,65.5,100.6
M019,160.5,22,62.1,87.9,36,66.0,102.9
M019,160.5,22,62.1,87.9,38,66.7,105.0
M019,160.5,22,62.1,87.9,40,67.4,106.7
M019,160.5,24,63.0,90.1,26,63.3,92.1
M019,160.5,24,63.0,90.1,28,63.8,94.7
M019,160.5,24,63.0,90.1,30,64.6,96.4
M019,160.5,24,63.0,90.1,32,64.7,98.5
M019,160.5,24,63.0,90.1,34,65.5,100.6
M019,160.5,24,63.0,90.1,36,66.0,102.9
M019,160.5,24,63.0,90.1,38,66.7,105.0
M019,160.5,24,63.0,90.1,40,67.4,106.7
M019,160.5,26,63.3,92.1,28,63.8,94.7
M019,160.5,26,63.3,92.1,30,64.6,96.4
M019,160.5,26,63.3,92.1,32,64.7,98.5
M019,160.5,26,63.3,92.1,34,65.5,100.6
M019,160.5,26,63.3,92.1,36,66.0,102.9
M019,160.5,26,63.3,92.1,38,66.7,105.0
M019,160.5,26,63.3,92.1,40,67.4,106.7
M019,160.5,28,63.8,94.7,30,64.6,96.4
M019,160.5,28,63.8,94.7,32,64.7,98.5
M019,160.5,28,63.8,94.7,34,65.5,100.6
M019,160.5,28,63.8,94.7,36,66.0,102.9
M019,160.5,28,63.8,94.7,38,66.7,105.0
M019,160.5,28,63.8,94.7,40,67.4,106.7
M019,160.5,30,64.6,96.4,32,64.7,98.5
M019,160.5,30,64.6,96.4,34,65.5,100.6
M019,160.5,30,64.6,96.4,36,66.0,102.9
M019,160.5,30,64.6,96.4,38,66.7,105.0
M019,160.5,30,64.6,96.4,40,67.4,106.7
M019,160.5,32,64.7,98.5,34,65.5,100.6
M019,160.5,32,64.7,98.5,36,66.0,102.9
M019,160.5,32,64.7,98.5,38,66.7,105.0
M019,160.5,32,64.7,98.5,40,67.4,106.7
M019,160.5,34,65.5,100.6,36,66.0,102.9
M019,160.5,34,65.5,100.6,38,66.7,105.0
M019,160.5,34,65.5,100.6,40,67.4,106.7
M019,160.5,36,66.0,102.9,38,66.7,105.0
M019,160.5,36,66.0,102.9,40,67.4,106.7
M019,160.5,38,66.7,105.0,40,67.4,106.7
M020,173.7,12,62.1,75.6,14,62.2,76.3
M020,173.7,12,62.1,75.6,16,63.5,78.8
M020,173.7,12,62.1,75.6,18,63.5,80.8
M020,173.7,12,62.1,75.6,20,64.9,83.9
M020,173.7,12,62.1,75.6,22,65.3,85.9
M020,173.7,12,62.1,75.6,24,65.9,87.7
M020,173.7,12,62.1,75.6,26,66.7,90.9
M020,173.7,12,62.1,75.6,28,67.4,93.1
M020,173.7,12,62.1,75.6,30,68.1,95.4
M020,173.7,12,62.1,75.6,32,69.4,98.3
M020,173.7,12,62.1,75.6,34,69.6,99.3
M020,173.7,12,62.1,75.6,36,70.4,102.2
M020,173.7,12,62.1,75.6,38,71.5,104.4
M020,173.7,12,62.1,75.6,40,72.2,107.3
M020,173.7,14,62.2,76.3,16,63.5,78.8
M020,173.7,14,62.2,76.3,18,63.5,80.8
M020,173.7,14,62.2,76.3,20,64.9,83.9
M020,173.7,14,62.2,76.3,22,65.3,85.9
M020,173.7,14,62.2,76.3,24,65.9,87.7
M020,173.7,14,62.2,76.3,26,66.7,90.9
M020,173.7,14,62.2,76.3,28,67.4,93.1
M020,173.7,14,62.2,76.3,30,68.1,95.4
M020,173.7,14,62.2,76.3,32,69.4,98.3
M020,173.7,14,62.2,76.3,34,69.6,99.3
M020,173.7,14,62.2,76.3,36,70.4,102.2
M020,173.7,14,62.2,76.3,38,71.5,104.4
M020,173.7,14,62.2,76.3,40,72.2,107.3
M020,173.7,16,63.5,78.8,18,63.5,80.8
M020,173.7,16,63.5,78.8,20,64.9,83.9
M020,173.7,16,63.5,78.8,22,65.3,85.9
M020,173.7,16,63.5,78.8,24,65.9,87.7
M020,173.7,16,63.5,78.8,26,66.7,90.9
M020,173.7,16,63.5,78.8,28,67.4,93.1
M020,173.7,16,63.5,78.8,30,68.1,95.4
M020,173.7,16,63.5,78.8,32,69.4,98.3
M020,173.7,16,63.5,78.8,34,69.6,99.3
M020,173.7,16,63.5,78.8,36,70.4,102.2
M020,173.7,16,63.5,78.8,38,71.5,104.4
M020,173.7,16,63.5,78.8,40,72.2,107.3
M020,173.7,18,63.5,80.8,20,64.9,83.9
M020,173.7,18,63.5,80.8,22,65.3,85.9
M020,173.7,18,63.5,80.8,24,65.9,87.7
M020,173.7,18,63.5,80.8,26,66.7,90.9
M020,173.7,18,63.5,80.8,28,67.4,93.1
M020,173.7,18,63.5,80.8,30,68.1,95.4
M020,173.7,18,63.5,80.8,32,69.4,98.3
M020,173.7,18,63.5,80.8,34,69.6,99.3
M020,173.7,18,63.5,80.8,36,70.4,102.2
M020,173.7,18,63.5,80.8,38,71.5,104.4
M020,173.7,18,63.5,80.8,40,72.2,107.3
M020,173.7,20,64.9,83.9,22,65.3,85.9
M020,173.7,20,64.9,83.9,24,65.9,87.7
M020,173.7,20,64.9,83.9,26,66.7,90.9
M020,173.7,20,64.9,83.9,28,67.4,93.1
M020,173.7,20,64.9,83.9,30,68.1,95.4
M020,173.7,20,64.9,83.9,32,69.4,98.3
M020,173.7,20,64.9,83.9,34,69.6,99.3
M020,173.7,20,64.9,83.9,36,70.4,102.2
M020,173.7,20,64.9,83.9,38,71.5,104.4
M020,173.7,20,64.9,83.9,40,72.2,107.3
M020,173.7,22,65.3,85.9,24,65.9,87.7
M020,173.7,22,65.3,85.9,26,66.7,90.9
M020,173.7,22,65.3,85.9,28,67.4,93.1
M020,173.7,22,65.3,85.9,30,68.1,95.4
M020,173.7,22,65.3,85.9,32,69.4,98.3
M020,173.7,22,65.3,85.9,34,69.6,99.3
M020,173.7,22,65.3,85.9,36,70.4,102.2
M020,173.7,22,65.3,85.9,38,71.5,104.4
M020,173.7,22,65.3,85.9,40,72.2,107.3
M020,173.7,24,65.9,87.7,26,66.7,90.9
M020,173.7,24,65.9,87.7,28,67.4,93.1
M020,173.7,24,65.9,87.7,30,68.1,95.4
M020,173.7,24,65.9,87.7,32,69.4,98.3
M020,173.7,24,65.9,87.7,34,69.6,99.3
M020,173.7,24,65.9,87.7,36,70.4,102.2
M020,173.7,24,65.9,87.7,38,71.5,104.4
M020,173.7,24,65.9,87.7,40,72.2,107.3
M020,173.7,26,66.7,90.9,28,67.4,93.1
M020,173.7,26,66.7,90.9,30,68.1,95.4
M020,173.7,26,66.7,90.9,32,69.4,98.3
M020,173.7,26,66.7,90.9,34,69.6,99.3
M020,173.7,26,66.7,90.9,36,70.4,102.2
M020,173.7,26,66.7,90.9,38,71.5,104.4
M020,173.7,26,66.7,90.9,40,72.2,107.3
M020,173.7,28,67.4,93.1,30,68.1,95.4
M020,173.7,28,67.4,93.1,32,69.4,98.3
M020,173.7,28,67.4,93.1,34,69.6,99.3
M020,173.7,28,67.4,93.1,36,70.4,102.2
M020,173.7,28,67.4,93.1,38,71.5,104.4
M020,173.7,28,67.4,93.1,40,72.2,107.3
M020,173.7,30,68.1,95.4,32,69.4,98.3
M020,173.7,30,68.1,95.4,34,69.6,99.3
M020,173.7,30,68.1,95.4,36,70.4,102.2
M020,173.7,30,68.1,95.4,38,71.5,104.4
M020,173.7,30,68.1,95.4,40,72.2,107.3
M020,173.7,32,69.4,98.3,34,69.6,99.3
M020,173.7,32,69.4,98.3,36,70.4,102.2
M020,173.7,32,69.4,98.3,38,71.5,104.4
M020,173.7,32,69.4,98.3,40,72.2,107.3
M020,173.7,34,69.6,99.3,36,70.4,102.2
M020,173.7,34,69.6,99.3,38,71.5,104.4
M020,173.7,34,69.6,99.3,40,72.2,107.3
M020,173.7,36,70.4,102.2,38,71.5,104.4
M020,173.7,36,70.4,102.2,40,72.2,107.3
M020,173.7,38,71.5,104.4,40,72.2,107.3
M021,170.2,12,59.8,81.2,14,60.4,82.2
M021,170.2,12,59.8,81.2,16,60.9,84.0
M021,170.2,12,59.8,81.2,18,61.9,84.9
M021,170.2,12,59.8,81.2,20,63.0,86.3
M021,170.2,12,59.8,81.2,22,63.8,87.5
M021,170.2,12,59.8,81.2,24,64.4,88.9
M021,170.2,12,59.8,81.2,26,65.7,90.5
M021,170.2,12,59.8,81.2,28,66.5,91.9
M021,170.2,12,59.8,81.2,30,67.7,93.5
M021,170.2,12,59.8,81.2,32,68.6,94.8
M021,170.2,12,59.8,81.2,34,69.6,95.9
M021,170.2,12,59.8,81.2,36,70.3,97.4
M021,170.2,12,59.8,81.2,38,71.4,99.5
M021,170.2,12,59.8,81.2,40,72.4,100.4
M021,170.2,14,60.4,82.2,16,60.9,84.0
M021,170.2,14,60.4,82.2,18,61.9,84.9
M021,170.2,14,60.4,82.2,20,63.0,86.3
M021,170.2,14,60.4,82.2,22,63.8,87.5
M021,170.2,14,60.4,82.2,24,64.4,88.9
M021,170.2,14,60.4,82.2,26,65.7,90.5
M021,170.2,14,60.4,82.2,28,66.5,91.9
M021,170.2,14,60.4,82.2,30,67.7,93.5
M021,170.2,14,60.4,82.2,32,68.6,94.8
M021,170.2,14,60.4,82.2,34,69.6,95.9
M021,170.2,14,60.4,82.2,36,70.3,97.4
M021,170.2,14,60.4,82.2,38,71.4,99.5
M021,170.2,14,60.4,82.2,40,72.4,100.4
M021,170.2,16,60.9,84.0,18,61.9,84.9
M021,170.2,16,60.9,84.0,20,63.0,86.3
M021,170.2,16,60.9,84.0,22,63.8,87.5
M021,170.2,16,60.9,84.0,24,64.4,88.9
M021,170.2,16,60.9,84.0,26,65.7,90.5
M021,170.2,16,60.9,84.0,28,66.5,91.9
M021,170.2,16,60.9,84.0,30,67.7,93.5
M021,170.2,16,60.9,84.0,32,68.6,94.8
M021,170.2,16,60.9,84.0,34,69.6,95.9
M021,170.2,16,60.9,84.0,36,70.3,97.4
M021,170.2,16,60.9,84.0,38,71.4,99.5
M021,170.2,16,60.9,84.0,40,72.4,100.4
M021,170.2,18,61.9,84.9,20,63.0,86.3
M021,170.2,18,61.9,84.9,22,63.8,87.5
M021,170.2,18,61.9,84.9,24,64.4,88.9
M021,170.2,18,61.9,84.9,26,65.7,90.5
M021,170.2,18,61.9,84.9,28,66.5,91.9
M021,170.2,18,61.9,84.9,30,67.7,93.5
M021,170.2,18,61.9,84.9,32,68.6,94.8
M021,170.2,18,61.9,84.9,34,69.6,95.9
M021,170.2,18,61.9,84.9,36,70.3,97.4
M021,170.2,18,61.9,84.9,38,71.4,99.5
M021,170.2,18,61.9,84.9,40,72.4,100.4
M021,170.2,20,63.0,86.3,22,63.8,87.5
M021,170.2,20,63.0,86.3,24,64.4,88.9
M021,170.2,20,63.0,86.3,26,65.7,90.5
M021,170.2,20,63.0,86.3,28,66.5,91.9
M021,170.2,20,63.0,86.3,30,67.7,93.5
M021,170.2,20,63.0,86.3,32,68.6,94.8
M021,170.2,20,63.0,86.3,34,69.6,95.9
M021,170.2,20,63.0,86.3,36,70.3,97.4
M021,170.2,20,63.0,86.3,38,71.4,99.5
M021,170.2,20,63.0,86.3,40,72.4,100.4
M021,170.2,22,63.8,87.5,24,64.4,88.9
M021,170.2,22,63.8,87.5,26,65.7,90.5
M021,170.2,22,63.8,87.5,28,66.5,91.9
M021,170.2,22,63.8,87.5,30,67.7,93.5
M021,170.2,22,63.8,87.5,32,68.6,94.8
M021,170.2,22,63.8,87.5,34,69.6,95.9
M021,170.2,22,63.8,87.5,36,70.3,97.4
M021,170.2,22,63.8,87.5,38,71.4,99.5
M021,170.2,22,63.8,87.5,40,72.4,100.4
M021,170.2,24,64.4,88.9,26,65.7,90.5
M021,170.2,24,64.4,88.9,28,66.5,91.9
M021,170.2,24,64.4,88.9,30,67.7,93.5
M021,170.2,24,64.4,88.9,32,68.6,94.8
M021,170.2,24,64.4,88.9,34,69.6,95.9
M021,170.2,24,64.4,88.9,36,70.3,97.4
M021,170.2,24,64.4,88.9,38,71.4,99.5
M021,170.2,24,64.4,88.9,40,72.4,100.4
M021,170.2,26,65.7,90.5,28,66.5,91.9
M021,170.2,26,65.7,90.5,30,67.7,93.5
M021,170.2,26,65.7,90.5,32,68.6,94.8
M021,170.2,26,65.7,90.5,34,69.6,95.9
M021,170.2,26,65.7,90.5,36,70.3,97.4
M021,170.2,26,65.7,90.5,38,71.4,99.5
M021,170.2,26,65.7,90.5,40,72.4,100.4
M021,170.2,28,66.5,91.9,30,67.7,93.5
M021,170.2,28,66.5,91.9,32,68.6,94.8
M021,170.2,28,66.5,91.9,34,69.6,95.9
M021,170.2,28,66.5,91.9,36,70.3,97.4
M021,170.2,28,66.5,91.9,38,71.4,99.5
M021,170.2,28,66.5,91.9,40,72.4,100.4
M021,170.2,30,67.7,93.5,32,68.6,94.8
M021,170.2,30,67.7,93.5,34,69.6,95.9
M021,170.2,30,67.7,93.5,36,70.3,97.4
M021,170.2,30,67.7,93.5,38,71.4,99.5
M021,170.2,30,67.7,93.5,40,72.4,100.4
M021,170.2,32,68.6,94.8,34,69.6,95.9
M021,170.2,32,68.6,94.8,36,70.3,97.4
M021,170.2,32,68.6,94.8,38,71.4,99.5
M021,170.2,32,68.6,94.8,40,72.4,100.4
M021,170.2,34,69.6,95.9,36,70.3,97.4
M021,170.2,34,69.6,95.9,38,71.4,99.5
M021,170.2,34,69.6,95.9,40,72.4,100.4
M021,170.2,36,70.3,97.4,38,71.4,99.5
M021,170.2,36,70.3,97.4,40,72.4,100.4
M021,170.2,38,71.4,99.5,40,72.4,100.4
M022,170.3,12,53.3,80.7,14,54.2,81.6
M022,170.3,12,53.3,80.7,16,55.2,81.7
M022,170.3,12,53.3,80.7,18,55.8,82.9
M022,170.3,12,53.3,80.7,20,56.6,83.8
M022,170.3,12,53.3,80.7,22,57.6,84.9
M022,170.3,12,53.3,80.7,24,58.8,86.3
M022,170.3,12,53.3,80.7,26,59.7,86.2
M022,170.3,12,53.3,80.7,28,60.8,87.4
M022,170.3,12,53.3,80.7,30,61.5,88.5
M022,170.3,12,53.3,80.7,32,62.7,89.3
M022,170.3,12,53.3,80.7,34,64.0,90.5
M022,170.3,12,53.3,80.7,36,65.0,90.8
M022,170.3,12,53.3,80.7,38,66.3,91.8
M022,170.3,12,53.3,80.7,40,67.9,93.7
M022,170.3,14,54.2,81.6,16,55.2,81.7
M022,170.3,14,54.2,81.6,18,55.8,82.9
M022,170.3,14,54.2,81.6,20,56.6,83.8
M022,170.3,14,54.2,81.6,22,57.6,84.9
M022,170.3,14,54.2,81.6,24,58.8,86.3
M022,170.3,14,54.2,81.6,26,59.7,86.2
M022,170.3,14,54.2,81.6,28,60.8,87.4
M022,170.3,14,54.2,81.6,30,61.5,88.5
M022,170.3,14,54.2,81.6,32,62.7,89.3
M022,170.3,14,54.2,81.6,34,64.0,90.5
M022,170.3,14,54.2,81.6,36,65.0,90.8
M022,170.3,14,54.2,81.6,38,66.3,91.8
M022,170.3,14,54.2,81.6,40,67.9,93.7
M022,170.3,16,55.2,81.7,18,55.8,82.9
M022,170.3,16,55.2,81.7,20,56.6,83.8
M022,170.3,16,55.2,81.7,22,57.6,84.9
M022,170.3,16,55.2,81.7,24,58.8,86.3
M022,170.3,16,55.2,81.7,26,59.7,86.2
M022,170.3,16,55.2,81.7,28,60.8,87.4
M022,170.3,16,55.2,81.7,30,61.5,88.5
M022,170.3,16,55.2,81.7,32,62.7,89.3
M022,170.3,16,55.2,81.7,34,64.0,90.5
M022,170.3,16,55.2,81.7,36,65.0,90.8
M022,170.3,16,55.2,81.7,38,66.3,91.8
M022,170.3,16,55.2,81.7,40,67.9,93.7
M022,170.3,18,55.8,82.9,20,56.6,83.8
M022,170.3,18,55.8,82.9,22,57.6,84.9
M022,170.3,18,55.8,82.9,24,58.8,86.3
M022,170.3,18,55.8,82.9,26,59.7,86.2
M022,170.3,18,55.8,82.9,28,60.8,87.4
M022,170.3,18,55.8,82.9,30,61.5,88.5
M022,170.3,18,55.8,82.9,32,62.7,89.3
M022,170.3,18,55.8,82.9,34,64.0,90.5
M022,170.3,18,55.8,82.9,36,65.0,90.8
M022,170.3,18,55.8,82.9,38,66.3,91.8
M022,170.3,18,55.8,82.9,40,67.9,93.7
M022,170.3,20,56.6,83.8,22,57.6,84.9
M022,170.3,20,56.6,83.8,24,58.8,86.3
M022,170.3,20,56.6,83.8,26,59.7,86.2
M022,170.3,20,56.6,83.8,28,60.8,87.4
M022,170.3,20,56.6,83.8,30,61.5,88.5
M022,170.3,20,56.6,83.8,32,62.7,89.3
M022,170.3,20,56.6,83.8,34,64.0,90.5
M022,170.3,20,56.6,83.8,36,65.0,90.8
M022,170.3,20,56.6,83.8,38,66.3,91.8
M022,170.3,20,56.6,83.8,40,67.9,93.7
M022,170.3,22,57.6,84.9,24,58.8,86.3
M022,170.3,22,57.6,84.9,26,59.7,86.2
M022,170.3,22,57.6,84.9,28,60.8,87.4
M022,170.3,22,57.6,84.9,30,61.5,88.5
M022,170.3,22,57.6,84.9,32,62.7,89.3
M022,170.3,22,57.6,84.9,34,64.0,90.5
M022,170.3,22,57.6,84.9,36,65.0,90.8
M022,170.3,22,57.6,84.9,38,66.3,91.8
M022,170.3,22,57.6,84.9,40,67.9,93.7
M022,170.3,24,58.8,86.3,26,59.7,86.2
M022,170.3,24,58.8,86.3,28,60.8,87.4
M022,170.3,24,58.8,86.3,30,61.5,88.5
M022,170.3,24,58.8,86.3,32,62.7,89.3
M022,170.3,24,58.8,86.3,34,64.0,90.5
M022,170.3,24,58.8,86.3,36,65.0,90.8
M022,170.3,24,58.8,86.3,38,66.3,91.8
M022,170.3,24,58.8,86.3,40,67.9,93.7
M022,170.3,26,59.7,86.2,28,60.8,87.4
M022,170.3,26,59.7,86.2,30,61.5,88.5
M022,170.3,26,59.7,86.2,32,62.7,89.3
M022,170.3,26,59.7,86.2,34,64.0,90.5
M022,170.3,26,59.7,86.2,36,65.0,90.8
M022,170.3,26,59.7,86.2,38,66.3,91.8
M022,170.3,26,59.7,86.2,40,67.9,93.7
M022,170.3,28,60.8,87.4,30,61.5,88.5
M022,170.3,28,60.8,87.4,32,62.7,89.3
M022,170.3,28,60.8,87.4,34,64.0,90.5
M022,170.3,28,60.8,87.4,36,65.0,90.8
M022,170.3,28,60.8,87.4,38,66.3,91.8
M022,170.3,28,60.8,87.4,40,67.9,93.7
M022,170.3,30,61.5,88.5,32,62.7,89.3
M022,170.3,30,61.5,88.5,34,64.0,90.5
M022,170.3,30,61.5,88.5,36,65.0,90.8
M022,170.3,30,61.5,88.5,38,66.3,91.8
M022,170.3,30,61.5,88.5,40,67.9,93.7
M022,170.3,32,62.7,89.3,34,64.0,90.5
M022,170.3,32,62.7,89.3,36,65.0,90.8
M022,170.3,32,62.7,89.3,38,66.3,91.8
M022,170.3,32,62.7,89.3,40,67.9,93.7
M022,170.3,34,64.0,90.5,36,65.0,90.8
M022,170.3,34,64.0,90.5,38,66.3,91.8
M022,170.3,34,64.0,90.5,40,67.9,93.7
M022,170.3,36,65.0,90.8,38,66.3,91.8
M022,170.3,36,65.0,90.8,40,67.9,93.7
M022,170.3,38,66.3,91.8,40,67.9,93.7
M023,161.9,12,56.2,75.4,14,56.3,76.9
M023,161.9,12,56.2,75.4,16,57.1,77.5
M023,161.9,12,56.2,75.4,18,57.3,78.7
M023,161.9,12,56.2,75.4,20,57.9,80.7
M023,161.9,12,56.2,75.4,22,58.5,81.0
M023,161.9,12,56.2,75.4,24,58.8,83.3
M023,161.9,12,56.2,75.4,26,59.6,84.0
M023,161.9,12,56.2,75.4,28,60.2,85.5
M023,161.9,12,56.2,75.4,30,60.8,86.9
M023,161.9,12,56.2,75.4,32,61.5,88.0
M023,161.9,12,56.2,75.4,34,62.1,88.8
M023,161.9,12,56.2,75.4,36,62.6,90.8
M023,161.9,12,56.2,75.4,38,63.2,92.3
M023,161.9,12,56.2,75.4,40,63.5,92.6
M023,161.9,14,56.3,76.9,16,57.1,77.5
M023,161.9,14,56.3,76.9,18,57.3,78.7
M023,161.9,14,56.3,76.9,20,57.9,80.7
M023,161.9,14,56.3,76.9,22,58.5,81.0
M023,161.9,14,56.3,76.9,24,58.8,83.3
M023,161.9,14,56.3,76.9,26,59.6,84.0
M023,161.9,14,56.3,76.9,28,60.2,85.5
M023,161.9,14,56.3,76.9,30,60.8,86.9
M023,161.9,14,56.3,76.9,32,61.5,88.0
M023,161.9,14,56.3,76.9,34,62.1,88.8
M023,161.9,14,56.3,76.9,36,62.6,90.8
M023,161.9,14,56.3,76.9,38,63.2,92.3
M023,161.9,14,56.3,76.9,40,63.5,92.6
M023,161.9,16,57.1,77.5,18,57.3,78.7
M023,161.9,16,57.1,77.5,20,57.9,80.7
M023,161.9,16,57.1,77.5,22,58.5,81.0
M023,161.9,16,57.1,77.5,24,58.8,83.3
M023,161.9,16,57.1,77.5,26,59.6,84.0
M023,161.9,16,57.1,77.5,28,60.2,85.5
M023,161.9,16,57.1,77.5,30,60.8,86.9
M023,161.9,16,57.1,77.5,32,61.5,88.0
M023,161.9,16,57.1,77.5,34,62.1,88.8
M023,161.9,16,57.1,77.5,36,62.6,90.8
M023,161.9,16,57.1,77.5,38,63.2,92.3
M023,161.9,16,57.1,77.5,40,63.5,92.6
M023,161.9,18,57.3,78.7,20,57.9,80.7
M023,161.9,18,57.3,78.7,22,58.5,81.0
M023,161.9,18,57.3,78.7,24,58.8,83.3
M023,161.9,18,57.3,78.7,26,59.6,84.0
M023,161.9,18,57.3,78.7,28,60.2,85.5
M023,161.9,18,57.3,78.7,30,60.8,86.9
M023,161.9,18,57.3,78.7,32,61.5,88.0
M023,161.9,18,57.3,78.7,34,62.1,88.8
M023,161.9,18,57.3,78.7,36,62.6,90.8
M023,161.9,18,57.3,78.7,38,63.2,92.3
M023,161.9,18,57.3,78.7,40,63.5,92.6
M023,161.9,20,57.9,80.7,22,58.5,81.0
M023,161.9,20,57.9,80.7,24,58.8,83.3
M023,161.9,20,57.9,80.7,26,59.6,84.0
M023,161.9,20,57.9,80.7,28,60.2,85.5
M023,161.9,20,57.9,80.7,30,60.8,86.9
M023,161.9,20,57.9,80.7,32,61.5,88.0
M023,161.9,20,57.9,80.7,34,62.1,88.8
M023,161.9,20,57.9,80.7,36,62.6,90.8
M023,161.9,20,57.9,80.7,38,63.2,92.3
M023,161.9,20,57.9,80.7,40,63.5,92.6
M023,161.9,22,58.5,81.0,24,58.8,83.3
M023,161.9,22,58.5,81.0,26,59.6,84.0
M023,161.9,22,58.5,81.0,28,60.2,85.5
M023,161.9,22,58.5,81.0,30,60.8,86.9
M023,161.9,22,58.5,81.0,32,61.5,88.0
M023,161.9,22,58.5,81.0,34,62.1,88.8
M023,161.9,22,58.5,81.0,36,62.6,90.8
M023,161.9,22,58.5,81.0,38,63.2,92.3
M023,161.9,22,58.5,81.0,40,63.5,92.6
M023,161.9,24,58.8,83.3,26,59.6,84.0
M023,161.9,24,58.8,83.3,28,60.2,85.5
M023,161.9,24,58.8,83.3,30,60.8,86.9
M023,161.9,24,58.8,83.3,32,61.5,88.0
M023,161.9,24,58.8,83.3,34,62.1,88.8
M023,161.9,24,58.8,83.3,36,62.6,90.8
M023,161.9,24,58.8,83.3,38,63.2,92.3
M023,161.9,24,58.8,83.3,40,63.5,92.6
M023,161.9,26,59.6,84.0,28,60.2,85.5
M023,161.9,26,59.6,84.0,30,60.8,86.9
M023,161.9,26,59.6,84.0,32,61.5,88.0
M023,161.9,26,59.6,84.0,34,62.1,88.8
M023,161.9,26,59.6,84.0,36,62.6,90.8
M023,161.9,26,59.6,84.0,38,63.2,92.3
M023,161.9,26,59.6,84.0,40,63.5,92.6
M023,161.9,28,60.2,85.5,30,60.8,86.9
M023,161.9,28,60.2,85.5,32,61.5,88.0
M023,161.9,28,60.2,85.5,34,62.1,88.8
M023,161.9,28,60.2,85.5,36,62.6,90.8
M023,161.9,28,60.2,85.5,38,63.2,92.3
M023,161.9,28,60.2,85.5,40,63.5,92.6
M023,161.9,30,60.8,86.9,32,61.5,88.0
M023,161.9,30,60.8,86.9,34,62.1,88.8
M023,161.9,30,60.8,86.9,36,62.6,90.8
M023,161.9,30,60.8,86.9,38,63.2,92.3
M023,161.9,30,60.8,86.9,40,63.5,92.6
M023,161.9,32,61.5,88.0,34,62.1,88.8
M023,161.9,32,61.5,88.0,36,62.6,90.8
M023,161.9,32,61.5,88.0,38,63.2,92.3
M023,161.9,32,61.5,88.0,40,63.5,92.6
M023,161.9,34,62.1,88.8,36,62.6,90.8
M023,161.9,34,62.1,88.8,38,63.2,92.3
M023,161.9,34,62.1,88.8,40,63.5,92.6
M023,161.9,36,62.6,90.8,38,63.2,92.3
M023,161.9,36,62.6,90.8,40,63.5,92.6
M023,161.9,38,63.2,92.3,40,63.5,92.6
M024,174.9,12,51.9,74.4,14,52.2,76.4
M024,174.9,12,51.9,74.4,16,52.3,77.5
M024,174.9,12,51.9,74.4,18,52.7,79.4
M024,174.9,12,51.9,74.4,20,53.1,80.7
M024,174.9,12,51.9,74.4,22,53.4,82.7
M024,174.9,12,51.9,74.4,24,54.1,84.5
M024,174.9,12,51.9,74.4,26,54.5,86.3
M024,174.9,12,51.9,74.4,28,54.6,88.1
M024,174.9,12,51.9,74.4,30,55.4,89.9
M024,174.9,12,51.9,74.4,32,55.7,91.3
M024,174.9,12,51.9,74.4,34,56.3,93.3
M024,174.9,12,51.9,74.4,36,56.7,95.1
M024,174.9,12,51.9,74.4,38,56.8,97.0
M024,174.9,12,51.9,74.4,40,57.4,98.1
M024,174.9,14,52.2,76.4,16,52.3,77.5
M024,174.9,14,52.2,76.4,18,52.7,79.4
M024,174.9,14,52.2,76.4,20,53.1,80.7
M024,174.9,14,52.2,76.4,22,53.4,82.7
M024,174.9,14,52.2,76.4,24,54.1,84.5
M024,174.9,14,52.2,76.4,26,54.5,86.3
M024,174.9,14,52.2,76.4,28,54.6,88.1
M024,174.9,14,52.2,76.4,30,55.4,89.9
M024,174.9,14,52.2,76.4,32,55.7,91.3
M024,174.9,14,52.2,76.4,34,56.3,93.3
M024,174.9,14,52.2,76.4,36,56.7,95.1
M024,174.9,14,52.2,76.4,38,56.8,97.0
M024,174.9,14,52.2,76.4,40,57.4,98.1
M024,174.9,16,52.3,77.5,18,52.7,79.4
M024,174.9,16,52.3,77.5,20,53.1,80.7
M024,174.9,16,52.3,77.5,22,53.4,82.7
M024,174.9,16,52.3,77.5,24,54.1,84.5
M024,174.9,16,52.3,77.5,26,54.5,86.3
M024,174.9,16,52.3,77.5,28,54.6,88.1
M024,174.9,16,52.3,77.5,30,55.4,89.9
M024,174.9,16,52.3,77.5,32,55.7,91.3
M024,174.9,16,52.3,77.5,34,56.3,93.3
M024,174.9,16,52.3,77.5,36,56.7,95.1
M024,174.9,16,52.3,77.5,38,56.8,97.0
M024,174.9,16,52.3,77.5,40,57.4,98.1
M024,174.9,18,52.7,79.4,20,53.1,80.7
M024,174.9,18,52.7,79.4,22,53.4,82.7
M024,174.9,18,52.7,79.4,24,54.1,84.5
M024,174.9,18,52.7,79.4,26,54.5,86.3
M024,174.9,18,52.7,79.4,28,54.6,88.1
M024,174.9,18,52.7,79.4,30,55.4,89.9
M024,174.9,18,52.7,79.4,32,55.7,91.3
M024,174.9,18,52.7,79.4,34,56.3,93.3
M024,174.9,18,52.7,79.4,36,56.7,95.1
M024,174.9,18,52.7,79.4,38,56.8,97.0
M024,174.9,18,52.7,79.4,40,57.4,98.1
M024,174.9,20,53.1,80.7,22,53.4,82.7
M024,174.9,20,53.1,80.7,24,54.1,84.5
M024,174.9,20,53.1,80.7,26,54.5,86.3
M024,174.9,20,53.1,80.7,28,54.6,88.1
M024,174.9,20,53.1,80.7,30,55.4,89.9
M024,174.9,20,53.1,80.7,32,55.7,91.3
M024,174.9,20,53.1,80.7,34,56.3,93.3
M024,174.9,20,53.1,80.7,36,56.7,95.1
M024,174.9,20,53.1,80.7,38,56.8,97.0
M024,174.9,20,53.1,80.7,40,57.4,98.1
M024,174.9,22,53.4,82.7,24,54.1,84.5
M024,174.9,22,53.4,82.7,26,54.5,86.3
M024,174.9,22,53.4,82.7,28,54.6,88.1
M024,174.9,22,53.4,82.7,30,55.4,89.9
M024,174.9,22,53.4,82.7,32,55.7,91.3
M024,174.9,22,53.4,82.7,34,56.3,93.3
M024,174.9,22,53.4,82.7,36,56.7,95.1
M024,174.9,22,53.4,82.7,38,56.8,97.0
M024,174.9,22,53.4,82.7,40,57.4,98.1
M024,174.9,24,54.1,84.5,26,54.5,86.3
M024,174.9,24,54.1,84.5,28,54.6,88.1
M024,174.9,24,54.1,84.5,30,55.4,89.9
M024,174.9,24,54.1,84.5,32,55.7,91.3
M024,174.9,24,54.1,84.5,34,56.3,93.3
M024,174.9,24,54.1,84.5,36,56.7,95.1
M024,174.9,24,54.1,84.5,38,56.8,97.0
M024,174.9,24,54.1,84.5,40,57.4,98.1
M024,174.9,26,54.5,86.3,28,54.6,88.1
M024,174.9,26,54.5,86.3,30,55.4,89.9
M024,174.9,26,54.5,86.3,32,55.7,91.3
M024,174.9,26,54.5,86.3,34,56.3,93.3
M024,174.9,26,54.5,86.3,36,56.7,95.1
M024,174.9,26,54.5,86.3,38,56.8,97.0
M024,174.9,26,54.5,86.3,40,57.4,98.1
M024,174.9,28,54.6,88.1,30,55.4,89.9
M024,174.9,28,54.6,88.1,32,55.7,91.3
M024,174.9,28,54.6,88.1,34,56.3,93.3
M024,174.9,28,54.6,88.1,36,56.7,95.1
M024,174.9,28,54.6,88.1,38,56.8,97.0
M024,174.9,28,54.6,88.1,40,57.4,98.1
M024,174.9,30,55.4,89.9,32,55.7,91.3
M024,174.9,30,55.4,89.9,34,56.3,93.3
M024,174.9,30,55.4,89.9,36,56.7,95.1
M024,174.9,30,55.4,89.9,38,56.8,97.0
M024,174.9,30,55.4,89.9,40,57.4,98.1
M024,174.9,32,55.7,91.3,34,56.3,93.3
M024,174.9,32,55.7,91.3,36,56.7,95.1
M024,174.9,32,55.7,91.3,38,56.8,97.0
M024,174.9,32,55.7,91.3,40,57.4,98.1
M024,174.9,34,56.3,93.3,36,56.7,95.1
M024,174.9,34,56.3,93.3,38,56.8,97.0
M024,174.9,34,56.3,93.3,40,57.4,98.1
M024,174.9,36,56.7,95.1,38,56.8,97.0
M024,174.9,36,56.7,95.1,40,57.4,98.1
M024,174.9,38,56.8,97.0,40,57.4,98.1
M025,153.4,12,51.1,78.0,14,51.9,78.9
M025,153.4,12,51.1,78.0,16,52.4,80.0
M025,153.4,12,51.1,78.0,18,52.9,81.7
M025,153.4,12,51.1,78.0,20,53.7,83.3
M025,153.4,12,51.1,78.0,22,54.3,85.2
M025,153.4,12,51.1,78.0,24,54.8,86.2
M025,153.4,12,51.1,78.0,26,55.3,88.4
M025,153.4,12,51.1,78.0,28,56.5,89.8
M025,153.4,12,51.1,78.0,30,57.3,91.7
M025,153.4,12,51.1,78.0,32,57.5,93.9
M025,153.4,12,51.1,78.0,34,58.5,94.9
M025,153.4,12,51.1,78.0,36,59.4,97.0
M025,153.4,12,51.1,78.0,38,59.9,98.4
M025,153.4,12,51.1,78.0,40,60.9,99.8
M025,153.4,14,51.9,78.9,16,52.4,80.0
M025,153.4,14,51.9,78.9,18,52.9,81.7
M025,153.4,14,51.9,78.9,20,53.7,83.3
M025,153.4,14,51.9,78.9,22,54.3,85.2
M025,153.4,14,51.9,78.9,24,54.8,86.2
M025,153.4,14,51.9,78.9,26,55.3,88.4
M025,153.4,14,51.9,78.9,28,56.5,89.8
M025,153.4,14,51.9,78.9,30,57.3,91.7
M025,153.4,14,51.9,78.9,32,57.5,93.9
M025,153.4,14,51.9,78.9,34,58.5,94.9
M025,153.4,14,51.9,78.9,36,59.4,97.0
M025,153.4,14,51.9,78.9,38,59.9,98.4
M025,153.4,14,51.9,78.9,40,60.9,99.8
M025,153.4,16,52.4,80.0,18,52.9,81.7
M025,153.4,16,52.4,80.0,20,53.7,83.3
M025,153.4,16,52.4,80.0,22,54.3,85.2
M025,153.4,16,52.4,80.0,24,54.8,86.2
M025,153.4,16,52.4,80.0,26,55.3,88.4
M025,153.4,16,52.4,80.0,28,56.5,89.8
M025,153.4,16,52.4,80.0,30,57.3,91.7
M025,153.4,16,52.4,80.0,32,57.5,93.9
M025,153.4,16,52.4,80.0,34,58.5,94.9
M025,153.4,16,52.4,80.0,36,59.4,97.0
M025,153.4,16,52.4,80.0,38,59.9,98.4
M025,153.4,16,52.4,80.0,40,60.9,99.8
M025,153.4,18,52.9,81.7,20,53.7,83.3
M025,153.4,18,52.9,81.7,22,54.3,85.2
M025,153.4,18,52.9,81.7,24,54.8,86.2
M025,153.4,18,52.9,81.7,26,55.3,88.4
M025,153.4,18,52.9,81.7,28,56.5,89.8
M025,153.4,18,52.9,81.7,30,57.3,91.7
M025,153.4,18,52.9,81.7,32,57.5,93.9
M025,153.4,18,52.9,81.7,34,58.5,94.9
M025,153.4,18,52.9,81.7,36,59.4,97.0
M025,153.4,18,52.9,81.7,38,59.9,98.4
M025,153.4,18,52.9,81.7,40,60.9,99.8
M025,153.4,20,53.7,83.3,22,54.3,85.2
M025,153.4,20,53.7,83.3,24,54.8,86.2
M025,153.4,20,53.7,83.3,26,55.3,88.4
M025,153.4,20,53.7,83.3,28,56.5,89.8
M025,153.4,20,53.7,83.3,30,57.3,91.7
M025,153.4,20,53.7,83.3,32,57.5,93.9
M025,153.4,20,53.7,83.3,34,58.5,94.9
M025,153.4,20,53.7,83.3,36,59.4,97.0
M025,153.4,20,53.7,83.3,38,59.9,98.4
M025,153.4,20,53.7,83.3,40,60.9,99.8
M025,153.4,22,54.3,85.2,24,54.8,86.2
M025,153.4,22,54.3,85.2,26,55.3,88.4
M025,153.4,22,54.3,85.2,28,56.5,89.8
M025,153.4,22,54.3,85.2,30,57.3,91.7
M025,153.4,22,54.3,85.2,32,57.5,93.9
M025,153.4,22,54.3,85.2,34,58.5,94.9
M025,153.4,22,54.3,85.2,36,59.4,97.0
M025,153.4,22,54.3,85.2,38,59.9,98.4
M025,153.4,22,54.3,85.2,40,60.9,99.8
M025,153.4,24,54.8,86.2,26,55.3,88.4
M025,153.4,24,54.8,86.2,28,56.5,89.8
M025,153.4,24,54.8,86.2,30,57.3,91.7
M025,153.4,24,54.8,86.2,32,57.5,93.9
M025,153.4,24,54.8,86.2,34,58.5,94.9
M025,153.4,24,54.8,86.2,36,59.4,97.0
M025,153.4,24,54.8,86.2,38,59.9,98.4
M025,153.4,24,54.8,86.2,40,60.9,99.8
M025,153.4,26,55.3,88.4,28,56.5,89.8
M025,153.4,26,55.3,88.4,30,57.3,91.7
M025,153.4,26,55.3,88.4,32,57.5,93.9
M025,153.4,26,55.3,88.4,34,58.5,94.9
M025,153.4,26,55.3,88.4,36,59.4,97.0
M025,153.4,26,55.3,88.4,38,59.9,98.4
M025,153.4,26,55.3,88.4,40,60.9,99.8
M025,153.4,28,56.5,89.8,30,57.3,91.7
M025,153.4,28,56.5,89.8,32,57.5,93.9
M025,153.4,28,56.5,89.8,34,58.5,94.9
M025,153.4,28,56.5,89.8,36,59.4,97.0
M025,153.4,28,56.5,89.8,38,59.9,98.4
M025,153.4,28,56.5,89.8,40,60.9,99.8
M025,153.4,30,57.3,91.7,32,57.5,93.9
M025,153.4,30,57.3,91.7,34,58.5,94.9
M025,153.4,30,57.3,91.7,36,59.4,97.0
M025,153.4,30,57.3,91.7,38,59.9,98.4
M025,153.4,30,57.3,91.7,40,60.9,99.8
M025,153.4,32,57.5,93.9,34,58.5,94.9
M025,153.4,32,57.5,93.9,36,59.4,97.0
M025,153.4,32,57.5,93.9,38,59.9,98.4
M025,153.4,32,57.5,93.9,40,60.9,99.8
M025,153.4,34,58.5,94.9,36,59.4,97.0
M025,153.4,34,58.5,94.9,38,59.9,98.4
M025,153.4,34,58.5,94.9,40,60.9,99.8
M025,153.4,36,59.4,97.0,38,59.9,98.4
M025,153.4,36,59.4,97.0,40,60.9,99.8
M025,153.4,38,59.9,98.4,40,60.9,99.8
M026,161.0,12,49.1,72.3,14,50.1,74.5
M026,161.0,12,49.1,72.3,16,51.0,75.4
M026,161.0,12,49.1,72.3,18,51.7,76.7
M026,161.0,12,49.1,72.3,20,52.8,77.8
M026,161.0,12,49.1,72.3,22,53.6,80.1
M026,161.0,12,49.1,72.3,24,55.0,81.0
M026,161.0,12,49.1,72.3,26,56.3,81.9
M026,161.0,12,49.1,72.3,28,57.0,84.4
M026,161.0,12,49.1,72.3,30,58.2,86.3
M026,161.0,12,49.1,72.3,32,59.7,86.8
M026,161.0,12,49.1,72.3,34,60.9,88.4
M026,161.0,12,49.1,72.3,36,62.1,89.4
M026,161.0,12,49.1,72.3,38,63.3,91.6
M026,161.0,12,49.1,72.3,40,64.5,92.5
M026,161.0,14,50.1,74.5,16,51.0,75.4
M026,161.0,14,50.1,74.5,18,51.7,76.7
M026,161.0,14,50.1,74.5,20,52.8,77.8
M026,161.0,14,50.1,74.5,22,53.6,80.1
M026,161.0,14,50.1,74.5,24,55.0,81.0
M026,161.0,14,50.1,74.5,26,56.3,81.9
M026,161.0,14,50.1,74.5,28,57.0,84.4
M026,161.0,14,50.1,74.5,30,58.2,86.3
M026,161.0,14,50.1,74.5,32,59.7,86.8
M026,161.0,14,50.1,74.5,34,60.9,88.4
M026,161.0,14,50.1,74.5,36,62.1,89.4
M026,161.0,14,50.1,74.5,38,63.3,91.6
M026,161.0,14,50.1,74.5,40,64.5,92.5
M026,161.0,16,51.0,75.4,18,51.7,76.7
M026,161.0,16,51.0,75.4,20,52.8,77.8
M026,161.0,16,51.0,75.4,22,53.6,80.1
M026,161.0,16,51.0,75.4,24,55.0,81.0
M026,161.0,16,51.0,75.4,26,56.3,81.9
M026,161.0,16,51.0,75.4,28,57.0,84.4
M026,161.0,16,51.0,75.4,30,58.2,86.3
M026,161.0,16,51.0,75.4,32,59.7,86.8
M026,161.0,16,51.0,75.4,34,60.9,88.4
M026,161.0,16,51.0,75.4,36,62.1,89.4
M026,161.0,16,51.0,75.4,38,63.3,91.6
M026,161.0,16,51.0,75.4,40,64.5,92.5
M026,161.0,18,51.7,76.7,20,52.8,77.8
M026,161.0,18,51.7,76.7,22,53.6,80.1
M026,161.0,18,51.7,76.7,24,55.0,81.0
M026,161.0,18,51.7,76.7,26,56.3,81.9
M026,161.0,18,51.7,76.7,28,57.0,84.4
M026,161.0,18,51.7,76.7,30,58.2,86.3
M026,161.0,18,51.7,76.7,32,59.7,86.8
M026,161.0,18,51.7,76.7,34,60.9,88.4
M026,161.0,18,51.7,76.7,36,62.1,89.4
M026,161.0,18,51.7,76.7,38,63.3,91.6
M026,161.0,18,51.7,76.7,40,64.5,92.5
M026,161.0,20,52.8,77.8,22,53.6,80.1
M026,161.0,20,52.8,77.8,24,55.0,81.0
M026,161.0,20,52.8,77.8,26,56.3,81.9
M026,161.0,20,52.8,77.8,28,57.0,84.4
M026,161.0,20,52.8,77.8,30,58.2,86.3
M026,161.0,20,52.8,77.8,32,59.7,86.8
M026,161.0,20,52.8,77.8,34,60.9,88.4
M026,161.0,20,52.8,77.8,36,62.1,89.4
M026,161.0,20,52.8,77.8,38,63.3,91.6
M026,161.0,20,52.8,77.8,40,64.5,92.5
M026,161.0,22,53.6,80.1,24,55.0,81.0
M026,161.0,22,53.6,80.1,26,56.3,81.9
M026,161.0,22,53.6,80.1,28,57.0,84.4
M026,161.0,22,53.6,80.1,30,58.2,86.3
M026,161.0,22,53.6,80.1,32,59.7,86.8
M026,161.0,22,53.6,80.1,34,60.9,88.4
M026,161.0,22,53.6,80.1,36,62.1,89.4
M026,161.0,22,53.6,80.1,38,63.3,91.6
M026,161.0,22,53.6,80.1,40,64.5,92.5
M026,161.0,24,55.0,81.0,26,56.3,81.9
M026,161.0,24,55.0,81.0,28,57.0,84.4
M026,161.0,24,55.0,81.0,30,58.2,86.3
M026,161.0,24,55.0,81.0,32,59.7,86.8
M026,161.0,24,55.0,81.0,34,60.9,88.4
M026,161.0,24,55.0,81.0,36,62.1,89.4
M026,161.0,24,55.0,81.0,38,63.3,91.6
M026,161.0,24,55.0,81.0,40,64.5,92.5
M026,161.0,26,56.3,81.9,28,57.0,84.4
M026,161.0,26,56.3,81.9,30,58.2,86.3
M026,161.0,26,56.3,81.9,32,59.7,86.8
M026,161.0,26,56.3,81.9,34,60.9,88.4
M026,161.0,26,56.3,81.9,36,62.1,89.4
M026,161.0,26,56.3,81.9,38,63.3,91.6
M026,161.0,26,56.3,81.9,40,64.5,92.5
M026,161.0,28,57.0,84.4,30,58.2,86.3
M026,161.0,28,57.0,84.4,32,59.7,86.8
M026,161.0,28,57.0,84.4,34,60.9,88.4
M026,161.0,28,57.0,84.4,36,62.1,89.4
M026,161.0,28,57.0,84.4,38,63.3,91.6
M026,161.0,28,57.0,84.4,40,64.5,92.5
M026,161.0,30,58.2,86.3,32,59.7,86.8
M026,161.0,30,58.2,86.3,34,60.9,88.4
M026,161.0,30,58.2,86.3,36,62.1,89.4
M026,161.0,30,58.2,86.3,38,63.3,91.6
M026,161.0,30,58.2,86.3,40,64.5,92.5
M026,161.0,32,59.7,86.8,34,60.9,88.4
M026,161.0,32,59.7,86.8,36,62.1,89.4
M026,161.0,32,59.7,86.8,38,63.3,91.6
M026,161.0,32,59.7,86.8,40,64.5,92.5
M026,161.0,34,60.9,88.4,36,62.1,89.4
M026,161.0,34,60.9,88.4,38,63.3,91.6
M026,161.0,34,60.9,88.4,40,64.5,92.5
M026,161.0,36,62.1,89.4,38,63.3,91.6
M026,161.0,36,62.1,89.4,40,64.5,92.5
M026,161.0,38,63.3,91.6,40,64.5,92.5
M027,159.4,12,46.0,68.2,14,46.7,69.1
M027,159.4,12,46.0,68.2,16,48.1,70.3
M027,159.4,12,46.0,68.2,18,48.7,72.6
M027,159.4,12,46.0,68.2,20,50.3,73.3
M027,159.4,12,46.0,68.2,22,51.3,75.1
M027,159.4,12,46.0,68.2,24,52.6,76.2
M027,159.4,12,46.0,68.2,26,54.1,78.0
M027,159.4,12,46.0,68.2,28,55.6,79.3
M027,159.4,12,46.0,68.2,30,57.0,80.1
M027,159.4,12,46.0,68.2,32,58.2,82.4
M027,159.4,12,46.0,68.2,34,59.5,83.7
M027,159.4,12,46.0,68.2,36,61.1,84.9
M027,159.4,12,46.0,68.2,38,63.0,86.5
M027,159.4,12,46.0,68.2,40,63.9,87.9
M027,159.4,14,46.7,69.1,16,48.1,70.3
M027,159.4,14,46.7,69.1,18,48.7,72.6
M027,159.4,14,46.7,69.1,20,50.3,73.3
M027,159.4,14,46.7,69.1,22,51.3,75.1
M027,159.4,14,46.7,69.1,24,52.6,76.2
M027,159.4,14,46.7,69.1,26,54.1,78.0
M027,159.4,14,46.7,69.1,28,55.6,79.3
M027,159.4,14,46.7,69.1,30,57.0,80.1
M027,159.4,14,46.7,69.1,32,58.2,82.4
M027,159.4,14,46.7,69.1,34,59.5,83.7
M027,159.4,14,46.7,69.1,36,61.1,84.9
M027,159.4,14,46.7,69.1,38,63.0,86.5
M027,159.4,14,46.7,69.1,40,63.9,87.9
M027,159.4,16,48.1,70.3,18,48.7,72.6
M027,159.4,16,48.1,70.3,20,50.3,73.3
M027,159.4,16,48.1,70.3,22,51.3,75.1
M027,159.4,16,48.1,70.3,24,52.6,76.2
M027,159.4,16,48.1,70.3,26,54.1,78.0
M027,159.4,16,48.1,70.3,28,55.6,79.3
M027,159.4,16,48.1,70.3,30,57.0,80.1
M027,159.4,16,48.1,70.3,32,58.2,82.4
M027,159.4,16,48.1,70.3,34,59.5,83.7
M027,159.4,16,48.1,70.3,36,61.1,84.9
M027,159.4,16,48.1,70.3,38,63.0,86.5
M027,159.4,16,48.1,70.3,40,63.9,87.9
M027,159.4,18,48.7,72.6,20,50.3,73.3
M027,159.4,18,48.7,72.6,22,51.3,75.1
M027,159.4,18,48.7,72.6,24,52.6,76.2
M027,159.4,18,48.7,72.6,26,54.1,78.0
M027,159.4,18,48.7,72.6,28,55.6,79.3
M027,159.4,18,48.7,72.6,30,57.0,80.1
M027,159.4,18,48.7,72.6,32,58.2,82.4
M027,159.4,18,48.7,72.6,34,59.5,83.7
M027,159.4,18,48.7,72.6,36,61.1,84.9
M027,159.4,18,48.7,72.6,38,63.0,86.5
M027,159.4,18,48.7,72.6,40,63.9,87.9
M027,159.4,20,50.3,73.3,22,51.3,75.1
M027,159.4,20,50.3,73.3,24,52.6,76.2
M027,159.4,20,50.3,73.3,26,54.1,78.0
M027,159.4,20,50.3,73.3,28,55.6,79.3
M027,159.4,20,50.3,73.3,30,57.0,80.1
M027,159.4,20,50.3,73.3,32,58.2,82.4
M027,159.4,20,50.3,73.3,34,59.5,83.7
M027,159.4,20,50.3,73.3,36,61.1,84.9
M027,159.4,20,50.3,73.3,38,63.0,86.5
M027,159.4,20,50.3,73.3,40,63.9,87.9
M027,159.4,22,51.3,75.1,24,52.6,76.2
M027,159.4,22,51.3,75.1,26,54.1,78.0
M027,159.4,22,51.3,75.1,28,55.6,79.3
M027,159.4,22,51.3,75.1,30,57.0,80.1
M027,159.4,22,51.3,75.1,32,58.2,82.4
M027,159.4,22,51.3,75.1,34,59.5,83.7
M027,159.4,22,51.3,75.1,36,61.1,84.9
M027,159.4,22,51.3,75.1,38,63.0,86.5
M027,159.4,22,51.3,75.1,40,63.9,87.9
M027,159.4,24,52.6,76.2,26,54.1,78.0
M027,159.4,24,52.6,76.2,28,55.6,79.3
M027,159.4,24,52.6,76.2,30,57.0,80.1
M027,159.4,24,52.6,76.2,32,58.2,82.4
M027,159.4,24,52.6,76.2,34,59.5,83.7
M027,159.4,24,52.6,76.2,36,61.1,84.9
M027,159.4,24,52.6,76.2,38,63.0,86.5
M027,159.4,24,52.6,76.2,40,63.9,87.9
M027,159.4,26,54.1,78.0,28,55.6,79.3
M027,159.4,26,54.1,78.0,30,57.0,80.1
M027,159.4,26,54.1,78.0,32,58.2,82.4
M027,159.4,26,54.1,78.0,34,59.5,83.7
M027,159.4,26,54.1,78.0,36,61.1,84.9
M027,159.4,26,54.1,78.0,38,63.0,86.5
M027,159.4,26,54.1,78.0,40,63.9,87.9
M027,159.4,28,55.6,79.3,30,57.0,80.1
M027,159.4,28,55.6,79.3,32,58.2,82.4
M027,159.4,28,55.6,79.3,34,59.5,83.7
M027,159.4,28,55.6,79.3,36,61.1,84.9
M027,159.4,28,55.6,79.3,38,63.0,86.5
M027,159.4,28,55.6,79.3,40,63.9,87.9
M027,159.4,30,57.0,80.1,32,58.2,82.4
M027,159.4,30,57.0,80.1,34,59.5,83.7
M027,159.4,30,57.0,80.1,36,61.1,84.9
M027,159.4,30,57.0,80.1,38,63.0,86.5
M027,159.4,30,57.0,80.1,40,63.9,87.9
M027,159.4,32,58.2,82.4,34,59.5,83.7
M027,159.4,32,58.2,82.4,36,61.1,84.9
M027,159.4,32,58.2,82.4,38,63.0,86.5
M027,159.4,32,58.2,82.4,40,63.9,87.9
M027,159.4,34,59.5,83.7,36,61.1,84.9
M027,159.4,34,59.5,83.7,38,63.0,86.5
M027,159.4,34,59.5,83.7,40,63.9,87.9
M027,159.4,36,61.1,84.9,38,63.0,86.5
M027,159.4,36,61.1,84.9,40,63.9,87.9
M027,159.4,38,63.0,86.5,40,63.9,87.9
M028,162.2,12,57.8,74.4,14,58.1,75.0
M028,162.2,12,57.8,74.4,16,58.8,76.8
M028,162.2,12,57.8,74.4,18,59.2,77.5
M028,162.2,12,57.8,74.4,20,59.4,79.2
M028,162.2,12,57.8,74.4,22,60.2,81.4
M028,162.2,12,57.8,74.4,24,60.6,82.0
M028,162.2,12,57.8,74.4,26,61.2,84.0
M028,162.2,12,57.8,74.4,28,61.7,85.7
M028,162.2,12,57.8,74.4,30,62.0,87.2
M028,162.2,12,57.8,74.4,32,62.6,88.0
M028,162.2,12,57.8,74.4,34,63.1,89.7
M028,162.2,12,57.8,74.4,36,63.8,91.4
M028,162.2,12,57.8,74.4,38,64.2,92.5
M028,162.2,12,57.8,74.4,40,64.7,93.6
M028,162.2,14,58.1,75.0,16,58.8,76.8
M028,162.2,14,58.1,75.0,18,59.2,77.5
M028,162.2,14,58.1,75.0,20,59.4,79.2
M028,162.2,14,58.1,75.0,22,60.2,81.4
M028,162.2,14,58.1,75.0,24,60.6,82.0
M028,162.2,14,58.1,75.0,26,61.2,84.0
M028,162.2,14,58.1,75.0,28,61.7,85.7
M028,162.2,14,58.1,75.0,30,62.0,87.2
M028,162.2,14,58.1,75.0,32,62.6,88.0
M028,162.2,14,58.1,75.0,34,63.1,89.7
M028,162.2,14,58.1,75.0,36,63.8,91.4
M028,162.2,14,58.1,75.0,38,64.2,92.5
M028,162.2,14,58.1,75.0,40,64.7,93.6
M028,162.2,16,58.8,76.8,18,59.2,77.5
M028,162.2,16,58.8,76.8,20,59.4,79.2
M028,162.2,16,58.8,76.8,22,60.2,81.4
M028,162.2,16,58.8,76.8,24,60.6,82.0
M028,162.2,16,58.8,76.8,26,61.2,84.0
M028,162.2,16,58.8,76.8,28,61.7,85.7
M028,162.2,16,58.8,76.8,30,62.0,87.2
M028,162.2,16,58.8,76.8,32,62.6,88.0
M028,162.2,16,58.8,76.8,34,63.1,89.7
M028,162.2,16,58.8,76.8,36,63.8,91.4
M028,162.2,16,58.8,76.8,38,64.2,92.5
M028,162.2,16,58.8,76.8,40,64.7,93.6
M028,162.2,18,59.2,77.5,20,59.4,79.2
M028,162.2,18,59.2,77.5,22,60.2,81.4
M028,162.2,18,59.2,77.5,24,60.6,82.0
M028,162.2,18,59.2,77.5,26,61.2,84.0
M028,162.2,18,59.2,77.5,28,61.7,85.7
M028,162.2,18,59.2,77.5,30,62.0,87.2
M028,162.2,18,59.2,77.5,32,62.6,88.0
M028,162.2,18,59.2,77.5,34,63.1,89.7
M028,162.2,18,59.2,77.5,36,63.8,91.4
M028,162.2,18,59.2,77.5,38,64.2,92.5
M028,162.2,18,59.2,77.5,40,64.7,93.6
M028,162.2,20,59.4,79.2,22,60.2,81.4
M028,162.2,20,59.4,79.2,24,60.6,82.0
M028,162.2,20,59.4,79.2,26,61.2,84.0
M028,162.2,20,59.4,79.2,28,61.7,85.7
M028,162.2,20,59.4,79.2,30,62.0,87.2
M028,162.2,20,59.4,79.2,32,62.6,88.0
M028,162.2,20,59.4,79.2,34,63.1,89.7
M028,162.2,20,59.4,79.2,36,63.8,91.4
M028,162.2,20,59.4,79.2,38,64.2,92.5
M028,162.2,20,59.4,79.2,40,64.7,93.6
M028,162.2,22,60.2,81.4,24,60.6,82.0
M028,162.2,22,60.2,81.4,26,61.2,84.0
M028,162.2,22,60.2,81.4,28,61.7,85.7
M028,162.2,22,60.2,81.4,30,62.0,87.2
M028,162.2,22,60.2,81.4,32,62.6,88.0
M028,162.2,22,60.2,81.4,34,63.1,89.7
M028,162.2,22,60.2,81.4,36,63.8,91.4
M028,162.2,22,60.2,81.4,38,64.2,92.5
M028,162.2,22,60.2,81.4,40,64.7,93.6
M028,162.2,24,60.6,82.0,26,61.2,84.0
M028,162.2,24,60.6,82.0,28,61.7,85.7
M028,162.2,24,60.6,82.0,30,62.0,87.2
M028,162.2,24,60.6,82.0,32,62.6,88.0
M028,162.2,24,60.6,82.0,34,63.1,89.7
M028,162.2,24,60.6,82.0,36,63.8,91.4
M028,162.2,24,60.6,82.0,38,64.2,92.5
M028,162.2,24,60.6,82.0,40,64.7,93.6
M028,162.2,26,61.2,84.0,28,61.7,85.7
M028,162.2,26,61.2,84.0,30,62.0,87.2
M028,162.2,26,61.2,84.0,32,62.6,88.0
M028,162.2,26,61.2,84.0,34,63.1,89.7
M028,162.2,26,61.2,84.0,36,63.8,91.4
M028,162.2,26,61.2,84.0,38,64.2,92.5
M028,162.2,26,61.2,84.0,40,64.7,93.6
M028,162.2,28,61.7,85.7,30,62.0,87.2
M028,162.2,28,61.7,85.7,32,62.6,88.0
M028,162.2,28,61.7,85.7,34,63.1,89.7
M028,162.2,28,61.7,85.7,36,63.8,91.4
M028,162.2,28,61.7,85.7,38,64.2,92.5
M028,162.2,28,61.7,85.7,40,64.7,93.6
M028,162.2,30,62.0,87.2,32,62.6,88.0
M028,162.2,30,62.0,87.2,34,63.1,89.7
M028,162.2,30,62.0,87.2,36,63.8,91.4
M028,162.2,30,62.0,87.2,38,64.2,92.5
M028,162.2,30,62.0,87.2,40,64.7,93.6
M028,162.2,32,62.6,88.0,34,63.1,89.7
M028,162.2,32,62.6,88.0,36,63.8,91.4
M028,162.2,32,62.6,88.0,38,64.2,92.5
M028,162.2,32,62.6,88.0,40,64.7,93.6
M028,162.2,34,63.1,89.7,36,63.8,91.4
M028,162.2,34,63.1,89.7,38,64.2,92.5
M028,162.2,34,63.1,89.7,40,64.7,93.6
M028,162.2,36,63.8,91.4,38,64.2,92.5
M028,162.2,36,63.8,91.4,40,64.7,93.6
M028,162.2,38,64.2,92.5,40,64.7,93.6
M029,160.3,12,61.8,81.1,14,62.2,82.7
M029,160.3,12,61.8,81.1,16,62.9,83.3
M029,160.3,12,61.8,81.1,18,63.6,84.5
M029,160.3,12,61.8,81.1,20,63.7,86.1
M029,160.3,12,61.8,81.1,22,64.5,86.3
M029,160.3,12,61.8,81.1,24,65.0,87.3
M029,160.3,12,61.8,81.1,26,65.7,88.9
M029,160.3,12,61.8,81.1,28,66.2,89.8
M029,160.3,12,61.8,81.1,30,67.0,90.3
M029,160.3,12,61.8,81.1,32,68.0,91.4
M029,160.3,12,61.8,81.1,34,68.9,92.3
M029,160.3,12,61.8,81.1,36,68.9,92.5
M029,160.3,12,61.8,81.1,38,70.4,94.4
M029,160.3,12,61.8,81.1,40,70.8,96.4
M029,160.3,14,62.2,82.7,16,62.9,83.3
M029,160.3,14,62.2,82.7,18,63.6,84.5
M029,160.3,14,62.2,82.7,20,63.7,86.1
M029,160.3,14,62.2,82.7,22,64.5,86.3
M029,160.3,14,62.2,82.7,24,65.0,87.3
M029,160.3,14,62.2,82.7,26,65.7,88.9
M029,160.3,14,62.2,82.7,28,66.2,89.8
M029,160.3,14,62.2,82.7,30,67.0,90.3
M029,160.3,14,62.2,82.7,32,68.0,91.4
M029,160.3,14,62.2,82.7,34,68.9,92.3
M029,160.3,14,62.2,82.7,36,68.9,92.5
M029,160.3,14,62.2,82.7,38,70.4,94.4
M029,160.3,14,62.2,82.7,40,70.8,96.4
M029,160.3,16,62.9,83.3,18,63.6,84.5
M029,160.3,16,62.9,83.3,20,63.7,86.1
M029,160.3,16,62.9,83.3,22,64.5,86.3
M029,160.3,16,62.9,83.3,24,65.0,87.3
M029,160.3,16,62.9,83.3,26,65.7,88.9
M029,160.3,16,62.9,83.3,28,66.2,89.8
M029,160.3,16,62.9,83.3,30,67.0,90.3
M029,160.3,16,62.9,83.3,32,68.0,91.4
M029,160.3,16,62.9,83.3,34,68.9,92.3
M029,160.3,16,62.9,83.3,36,68.9,92.5
M029,160.3,16,62.9,83.3,38,70.4,94.4
M029,160.3,16,62.9,83.3,40,70.8,96.4
M029,160.3,18,63.6,84.5,20,63.7,86.1
M029,160.3,18,63.6,84.5,22,64.5,86.3
M029,160.3,18,63.6,84.5,24,65.0,87.3
M029,160.3,18,63.6,84.5,26,65.7,88.9
M029,160.3,18,63.6,84.5,28,66.2,89.8
M029,160.3,18,63.6,84.5,30,67.0,90.3
M029,160.3,18,63.6,84.5,32,68.0,91.4
M029,160.3,18,63.6,84.5,34,68.9,92.3
M029,160.3,18,63.6,84.5,36,68.9,92.5
M029,160.3,18,63.6,84.5,38,70.4,94.4
M029,160.3,18,63.6,84.5,40,70.8,96.4
M029,160.3,20,63.7,86.1,22,64.5,86.3
M029,160.3,20,63.7,86.1,24,65.0,87.3
M029,160.3,20,63.7,86.1,26,65.7,88.9
M029,160.3,20,63.7,86.1,28,66.2,89.8
M029,160.3,20,63.7,86.1,30,67.0,90.3
M029,160.3,20,63.7,86.1,32,68.0,91.4
M029,160.3,20,63.7,86.1,34,68.9,92.3
M029,160.3,20,63.7,86.1,36,68.9,92.5
M029,160.3,20,63.7,86.1,38,70.4,94.4
M029,160.3,20,63.7,86.1,40,70.8,96.4
M029,160.3,22,64.5,86.3,24,65.0,87.3
M029,160.3,22,64.5,86.3,26,65.7,88.9
M029,160.3,22,64.5,86.3,28,66.2,89.8
M029,160.3,22,64.5,86.3,30,67.0,90.3
M029,160.3,22,64.5,86.3,32,68.0,91.4
M029,160.3,22,64.5,86.3,34,68.9,92.3
M029,160.3,22,64.5,86.3,36,68.9,92.5
M029,160.3,22,64.5,86.3,38,70.4,94.4
M029,160.3,22,64.5,86.3,40,70.8,96.4
M029,160.3,24,65.0,87.3,26,65.7,88.9
M029,160.3,24,65.0,87.3,28,66.2,89.8
M029,160.3,24,65.0,87.3,30,67.0,90.3
M029,160.3,24,65.0,87.3,32,68.0,91.4
M029,160.3,24,65.0,87.3,34,68.9,92.3
M029,160.3,24,65.0,87.3,36,68.9,92.5
M029,160.3,24,65.0,87.3,38,70.4,94.4
M029,160.3,24,65.0,87.3,40,70.8,96.4
M029,160.3,26,65.7,88.9,28,66.2,89.8
M029,160.3,26,65.7,88.9,30,67.0,90.3
M029,160.3,26,65.7,88.9,32,68.0,91.4
M029,160.3,26,65.7,88.9,34,68.9,92.3
M029,160.3,26,65.7,88.9,36,68.9,92.5
M029,160.3,26,65.7,88.9,38,70.4,94.4
M029,160.3,26,65.7,88.9,40,70.8,96.4
M029,160.3,28,66.2,89.8,30,67.0,90.3
M029,160.3,28,66.2,89.8,32,68.0,91.4
M029,160.3,28,66.2,89.8,34,68.9,92.3
M029,160.3,28,66.2,89.8,36,68.9,92.5
M029,160.3,28,66.2,89.8,38,70.4,94.4
M029,160.3,28,66.2,89.8,40,70.8,96.4
M029,160.3,30,67.0,90.3,32,68.0,91.4
M029,160.3,30,67.0,90.3,34,68.9,92.3
M029,160.3,30,67.0,90.3,36,68.9,92.5
M029,160.3,30,67.0,90.3,38,70.4,94.4
M029,160.3,30,67.0,90.3,40,70.8,96.4
M029,160.3,32,68.0,91.4,34,68.9,92.3
M029,160.3,32,68.0,91.4,36,68.9,92.5
M029,160.3,32,68.0,91.4,38,70.4,94.4
M029,160.3,32,68.0,91.4,40,70.8,96.4
M029,160.3,34,68.9,92.3,36,68.9,92.5
M029,160.3,34,68.9,92.3,38,70.4,94.4
M029,160.3,34,68.9,92.3,40,70.8,96.4
M029,160.3,36,68.9,92.5,38,70.4,94.4
M029,160.3,36,68.9,92.5,40,70.8,96.4
M029,160.3,38,70.4,94.4,40,70.8,96.4
M030,166.1,12,48.0,74.1,14,48.6,76.0
M030,166.1,12,48.0,74.1,16,49.3,77.8
M030,166.1,12,48.0,74.1,18,50.0,79.6
M030,166.1,12,48.0,74.1,20,50.4,81.1
M030,166.1,12,48.0,74.1,22,51.3,83.1
M030,166.1,12,48.0,74.1,24,52.5,84.8
M030,166.1,12,48.0,74.1,26,53.4,86.6
M030,166.1,12,48.0,74.1,28,54.0,88.8
M030,166.1,12,48.0,74.1,30,54.8,90.3
M030,166.1,12,48.0,74.1,32,56.1,92.2
M030,166.1,12,48.0,74.1,34,56.5,94.4
M030,166.1,12,48.0,74.1,36,57.4,95.8
M030,166.1,12,48.0,74.1,38,58.5,98.5
M030,166.1,12,48.0,74.1,40,59.2,100.6
M030,166.1,14,48.6,76.0,16,49.3,77.8
M030,166.1,14,48.6,76.0,18,50.0,79.6
M030,166.1,14,48.6,76.0,20,50.4,81.1
M030,166.1,14,48.6,76.0,22,51.3,83.1
M030,166.1,14,48.6,76.0,24,52.5,84.8
M030,166.1,14,48.6,76.0,26,53.4,86.6
M030,166.1,14,48.6,76.0,28,54.0,88.8
M030,166.1,14,48.6,76.0,30,54.8,90.3
M030,166.1,14,48.6,76.0,32,56.1,92.2
M030,166.1,14,48.6,76.0,34,56.5,94.4
M030,166.1,14,48.6,76.0,36,57.4,95.8
M030,166.1,14,48.6,76.0,38,58.5,98.5
M030,166.1,14,48.6,76.0,40,59.2,100.6
M030,166.1,16,49.3,77.8,18,50.0,79.6
M030,166.1,16,49.3,77.8,20,50.4,81.1
M030,166.1,16,49.3,77.8,22,51.3,83.1
M030,166.1,16,49.3,77.8,24,52.5,84.8
M030,166.1,16,49.3,77.8,26,53.4,86.6
M030,166.1,16,49.3,77.8,28,54.0,88.8
M030,166.1,16,49.3,77.8,30,54.8,90.3
M030,166.1,16,49.3,77.8,32,56.1,92.2
M030,166.1,16,49.3,77.8,34,56.5,94.4
M030,166.1,16,49.3,77.8,36,57.4,95.8
M030,166.1,16,49.3,77.8,38,58.5,98.5
M030,166.1,16,49.3,77.8,40,59.2,100.6
M030,166.1,18,50.0,79.6,20,50.4,81.1
M030,166.1,18,50.0,79.6,22,51.3,83.1
M030,166.1,18,50.0,79.6,24,52.5,84.8
M030,166.1,18,50.0,79.6,26,53.4,86.6
M030,166.1,18,50.0,79.6,28,54.0,88.8
M030,166.1,18,50.0,79.6,30,54.8,90.3
M030,166.1,18,50.0,79.6,32,56.1,92.2
M030,166.1,18,50.0,79.6,34,56.5,94.4
M030,166.1,18,50.0,79.6,36,57.4,95.8
M030,166.1,18,50.0,79.6,38,58.5,98.5
M030,166.1,18,50.0,79.6,40,59.2,100.6
M030,166.1,20,50.4,81.1,22,51.3,83.1
M030,166.1,20,50.4,81.1,24,52.5,84.8
M030,166.1,20,50.4,81.1,26,53.4,86.6
M030,166.1,20,50.4,81.1,28,54.0,88.8
M030,166.1,20,50.4,81.1,30,54.8,90.3
M030,166.1,20,50.4,81.1,32,56.1,92.2
M030,166.1,20,50.4,81.1,34,56.5,94.4
M030,166.1,20,50.4,81.1,36,57.4,95.8
M030,166.1,20,50.4,81.1,38,58.5,98.5
M030,166.1,20,50.4,81.1,40,59.2,100.6
M030,166.1,22,51.3,83.1,24,52.5,84.8
M030,166.1,22,51.3,83.1,26,53.4,86.6
M030,166.1,22,51.3,83.1,28,54.0,88.8
M030,166.1,22,51.3,83.1,30,54.8,90.3
M030,166.1,22,51.3,83.1,32,56.1,92.2
M030,166.1,22,51.3,83.1,34,56.5,94.4
M030,166.1,22,51.3,83.1,36,57.4,95.8
M030,166.1,22,51.3,83.1,38,58.5,98.5
M030,166.1,22,51.3,83.1,40,59.2,100.6
M030,166.1,24,52.5,84.8,26,53.4,86.6
M030,166.1,24,52.5,84.8,28,54.0,88.8
M030,166.1,24,52.5,84.8,30,54.8,90.3
M030,166.1,24,52.5,84.8,32,56.1,92.2
M030,166.1,24,52.5,84.8,34,56.5,94.4
M030,166.1,24,52.5,84.8,36,57.4,95.8
M030,166.1,24,52.5,84.8,38,58.5,98.5
M030,166.1,24,52.5,84.8,40,59.2,100.6
M030,166.1,26,53.4,86.6,28,54.0,88.8
M030,166.1,26,53.4,86.6,30,54.8,90.3
M030,166.1,26,53.4,86.6,32,56.1,92.2
M030,166.1,26,53.4,86.6,34,56.5,94.4
M030,166.1,26,53.4,86.6,36,57.4,95.8
M030,166.1,26,53.4,86.6,38,58.5,98.5
M030,166.1,26,53.4,86.6,40,59.2,100.6
M030,166.1,28,54.0,88.8,30,54.8,90.3
M030,166.1,28,54.0,88.8,32,56.1,92.2
M030,166.1,28,54.0,88.8,34,56.5,94.4
M030,166.1,28,54.0,88.8,36,57.4,95.8
M030,166.1,28,54.0,88.8,38,58.5,98.5
M030,166.1,28,54.0,88.8,40,59.2,100.6
M030,166.1,30,54.8,90.3,32,56.1,92.2
M030,166.1,30,54.8,90.3,34,56.5,94.4
M030,166.1,30,54.8,90.3,36,57.4,95.8
M030,166.1,30,54.8,90.3,38,58.5,98.5
M030,166.1,30,54.8,90.3,40,59.2,100.6
M030,166.1,32,56.1,92.2,34,56.5,94.4
M030,166.1,32,56.1,92.2,36,57.4,95.8
M030,166.1,32,56.1,92.2,38,58.5,98.5
M030,166.1,32,56.1,92.2,40,59.2,100.6
M030,166.1,34,56.5,94.4,36,57.4,95.8
M030,166.1,34,56.5,94.4,38,58.5,98.5
M030,166.1,34,56.5,94.4,40,59.2,100.6
M030,166.1,36,57.4,95.8,38,58.5,98.5
M030,166.1,36,57.4,95.8,40,59.2,100.6
M030,166.1,38,58.5,98.5,40,59.2,100.6
M031,164.0,12,64.0,85.4,14,64.7,86.0
M031,164.0,12,64.0,85.4,16,65.3,87.7
M031,164.0,12,64.0,85.4,18,65.7,88.4
M031,164.0,12,64.0,85.4,20,66.9,89.2
M031,164.0,12,64.0,85.4,22,67.7,90.5
M031,164.0,12,64.0,85.4,24,68.5,92.0
M031,164.0,12,64.0,85.4,26,69.4,92.2
M031,164.0,12,64.0,85.4,28,70.4,93.0
M031,164.0,12,64.0,85.4,30,71.2,94.3
M031,164.0,12,64.0,85.4,32,72.3,96.1
M031,164.0,12,64.0,85.4,34,73.4,96.7
M031,164.0,12,64.0,85.4,36,74.1,98.6
M031,164.0,12,64.0,85.4,38,75.4,99.6
M031,164.0,12,64.0,85.4,40,76.2,100.7
M031,164.0,14,64.7,86.0,16,65.3,87.7
M031,164.0,14,64.7,86.0,18,65.7,88.4
M031,164.0,14,64.7,86.0,20,66.9,89.2
M031,164.0,14,64.7,86.0,22,67.7,90.5
M031,164.0,14,64.7,86.0,24,68.5,92.0
M031,164.0,14,64.7,86.0,26,69.4,92.2
M031,164.0,14,64.7,86.0,28,70.4,93.0
M031,164.0,14,64.7,86.0,30,71.2,94.3
M031,164.0,14,64.7,86.0,32,72.3,96.1
M031,164.0,14,64.7,86.0,34,73.4,96.7
M031,164.0,14,64.7,86.0,36,74.1,98.6
M031,164.0,14,64.7,86.0,38,75.4,99.6
M031,164.0,14,64.7,86.0,40,76.2,100.7
M031,164.0,16,65.3,87.7,18,65.7,88.4
M031,164.0,16,65.3,87.7,20,66.9,89.2
M031,164.0,16,65.3,87.7,22,67.7,90.5
M031,164.0,16,65.3,87.7,24,68.5,92.0
M031,164.0,16,65.3,87.7,26,69.4,92.2
M031,164.0,16,65.3,87.7,28,70.4,93.0
M031,164.0,16,65.3,87.7,30,71.2,94.3
M031,164.0,16,65.3,87.7,32,72.3,96.1
M031,164.0,16,65.3,87.7,34,73.4,96.7
M031,164.0,16,65.3,87.7,36,74.1,98.6
M031,164.0,16,65.3,87.7,38,75.4,99.6
M031,164.0,16,65.3,87.7,40,76.2,100.7
M031,164.0,18,65.7,88.4,20,66.9,89.2
M031,164.0,18,65.7,88.4,22,67.7,90.5
M031,164.0,18,65.7,88.4,24,68.5,92.0
M031,164.0,18,65.7,88.4,26,69.4,92.2
M031,164.0,18,65.7,88.4,28,70.4,93.0
M031,164.0,18,65.7,88.4,30,71.2,94.3
M031,164.0,18,65.7,88.4,32,72.3,96.1
M031,164.0,18,65.7,88.4,34,73.4,96.7
M031,164.0,18,65.7,88.4,36,74.1,98.6
M031,164.0,18,65.7,88.4,38,75.4,99.6
M031,164.0,18,65.7,88.4,40,76.2,100.7
M031,164.0,20,66.9,89.2,22,67.7,90.5
M031,164.0,20,66.9,89.2,24,68.5,92.0
M031,164.0,20,66.9,89.2,26,69.4,92.2
M031,164.0,20,66.9,89.2,28,70.4,93.0
M031,164.0,20,66.9,89.2,30,71.2,94.3
M031,164.0,20,66.9,89.2,32,72.3,96.1
M031,164.0,20,66.9,89.2,34,73.4,96.7
M031,164.0,20,66.9,89.2,36,74.1,98.6
M031,164.0,20,66.9,89.2,38,75.4,99.6
M031,164.0,20,66.9,89.2,40,76.2,100.7
M031,164.0,22,67.7,90.5,24,68.5,92.0
M031,164.0,22,67.7,90.5,26,69.4,92.2
M031,164.0,22,67.7,90.5,28,70.4,93.0
M031,164.0,22,67.7,90.5,30,71.2,94.3
M031,164.0,22,67.7,90.5,32,72.3,96.1
M031,164.0,22,67.7,90.5,34,73.4,96.7
M031,164.0,22,67.7,90.5,36,74.1,98.6
M031,164.0,22,67.7,90.5,38,75.4,99.6
M031,164.0,22,67.7,90.5,40,76.2,100.7
M031,164.0,24,68.5,92.0,26,69.4,92.2
M031,164.0,24,68.5,92.0,28,70.4,93.0
M031,164.0,24,68.5,92.0,30,71.2,94.3
M031,164.0,24,68.5,92.0,32,72.3,96.1
M031,164.0,24,68.5,92.0,34,73.4,96.7
M031,164.0,24,68.5,92.0,36,74.1,98.6
M031,164.0,24,68.5,92.0,38,75.4,99.6
M031,164.0,24,68.5,92.0,40,76.2,100.7
M031,164.0,26,69.4,92.2,28,70.4,93.0
M031,164.0,26,69.4,92.2,30,71.2,94.3
M031,164.0,26,69.4,92.2,32,72.3,96.1
M031,164.0,26,69.4,92.2,34,73.4,96.7
M031,164.0,26,69.4,92.2,36,74.1,98.6
M031,164.0,26,69.4,92.2,38,75.4,99.6
M031,164.0,26,69.4,92.2,40,76.2,100.7
M031,164.0,28,70.4,93.0,30,71.2,94.3
M031,164.0,28,70.4,93.0,32,72.3,96.1
M031,164.0,28,70.4,93.0,34,73.4,96.7
M031,164.0,28,70.4,93.0,36,74.1,98.6
M031,164.0,28,70.4,93.0,38,75.4,99.6
M031,164.0,28,70.4,93.0,40,76.2,100.7
M031,164.0,30,71.2,94.3,32,72.3,96.1
M031,164.0,30,71.2,94.3,34,73.4,96.7
M031,164.0,30,71.2,94.3,36,74.1,98.6
M031,164.0,30,71.2,94.3,38,75.4,99.6
M031,164.0,30,71.2,94.3,40,76.2,100.7
M031,164.0,32,72.3,96.1,34,73.4,96.7
M031,164.0,32,72.3,96.1,36,74.1,98.6
M031,164.0,32,72.3,96.1,38,75.4,99.6
M031,164.0,32,72.3,96.1,40,76.2,100.7
M031,164.0,34,73.4,96.7,36,74.1,98.6
M031,164.0,34,73.4,96.7,38,75.4,99.6
M031,164.0,34,73.4,96.7,40,76.2,100.7
M031,164.0,36,74.1,98.6,38,75.4,99.6
M031,164.0,36,74.1,98.6,40,76.2,100.7
M031,164.0,38,75.4,99.6,40,76.2,100.7
M032,163.0,12,58.9,86.1,14,59.4,88.5
M032,163.0,12,58.9,86.1,16,60.2,90.1
M032,163.0,12,58.9,86.1,18,60.9,92.2
M032,163.0,12,58.9,86.1,20,61.4,94.3
M032,163.0,12,58.9,86.1,22,62.4,96.6
M032,163.0,12,58.9,86.1,24,63.5,99.4
M032,163.0,12,58.9,86.1,26,64.4,101.1
M032,163.0,12,58.9,86.1,28,65.9,104.0
M032,163.0,12,58.9,86.1,30,66.5,105.9
M032,163.0,12,58.9,86.1,32,67.4,108.5
M032,163.0,12,58.9,86.1,34,68.1,110.4
M032,163.0,12,58.9,86.1,36,69.6,113.3
M032,163.0,12,58.9,86.1,38,70.8,115.7
M032,163.0,12,58.9,86.1,40,71.8,118.0
M032,163.0,14,59.4,88.5,16,60.2,90.1
M032,163.0,14,59.4,88.5,18,60.9,92.2
M032,163.0,14,59.4,88.5,20,61.4,94.3
M032,163.0,14,59.4,88.5,22,62.4,96.6
M032,163.0,14,59.4,88.5,24,63.5,99.4
M032,163.0,14,59.4,88.5,26,64.4,101.1
M032,163.0,14,59.4,88.5,28,65.9,104.0
M032,163.0,14,59.4,88.5,30,66.5,105.9
M032,163.0,14,59.4,88.5,32,67.4,108.5
M032,163.0,14,59.4,88.5,34,68.1,110.4
M032,163.0,14,59.4,88.5,36,69.6,113.3
M032,163.0,14,59.4,88.5,38,70.8,115.7
M032,163.0,14,59.4,88.5,40,71.8,118.0
M032,163.0,16,60.2,90.1,18,60.9,92.2
M032,163.0,16,60.2,90.1,20,61.4,94.3
M032,163.0,16,60.2,90.1,22,62.4,96.6
M032,163.0,16,60.2,90.1,24,63.5,99.4
M032,163.0,16,60.2,90.1,26,64.4,101.1
M032,163.0,16,60.2,90.1,28,65.9,104.0
M032,163.0,16,60.2,90.1,30,66.5,105.9
M032,163.0,16,60.2,90.1,32,67.4,108.5
M032,163.0,16,60.2,90.1,34,68.1,110.4
M032,163.0,16,60.2,90.1,36,69.6,113.3
M032,163.0,16,60.2,90.1,38,70.8,115.7
M032,163.0,16,60.2,90.1,40,71.8,118.0
M032,163.0,18,60.9,92.2,20,61.4,94.3
M032,163.0,18,60.9,92.2,22,62.4,96.6
M032,163.0,18,60.9,92.2,24,63.5,99.4
M032,163.0,18,60.9,92.2,26,64.4,101.1
M032,163.0,18,60.9,92.2,28,65.9,104.0
M032,163.0,18,60.9,92.2,30,66.5,105.9
M032,163.0,18,60.9,92.2,32,67.4,108.5
M032,163.0,18,60.9,92.2,34,68.1,110.4
M032,163.0,18,60.9,92.2,36,69.6,113.3
M032,163.0,18,60.9,92.2,38,70.8,115.7
M032,163.0,18,60.9,92.2,40,71.8,118.0
M032,163.0,20,61.4,94.3,22,62.4,96.6
M032,163.0,20,61.4,94.3,24,63.5,99.4
M032,163.0,20,61.4,94.3,26,64.4,101.1
M032,163.0,20,61.4,94.3,28,65.9,104.0
M032,163.0,20,61.4,94.3,30,66.5,105.9
M032,163.0,20,61.4,94.3,32,67.4,108.5
M032,163.0,20,61.4,94.3,34,68.1,110.4
M032,163.0,20,61.4,94.3,36,69.6,113.3
M032,163.0,20,61.4,94.3,38,70.8,115.7
M032,163.0,20,61.4,94.3,40,71.8,118.0
M032,163.0,22,62.4,96.6,24,63.5,99.4
M032,163.0,22,62.4,96.6,26,64.4,101.1
M032,163.0,22,62.4,96.6,28,65.9,104.0
M032,163.0,22,62.4,96.6,30,66.5,105.9
M032,163.0,22,62.4,96.6,32,67.4,108.5
M032,163.0,22,62.4,96.6,34,68.1,110.4
M032,163.0,22,62.4,96.6,36,69.6,113.3
M032,163.0,22,62.4,96.6,38,70.8,115.7
M032,163.0,22,62.4,96.6,40,71.8,118.0
M032,163.0,24,63.5,99.4,26,64.4,101.1
M032,163.0,24,63.5,99.4,28,65.9,104.0
M032,163.0,24,63.5,99.4,30,66.5,105.9
M032,163.0,24,63.5,99.4,32,67.4,108.5
M032,163.0,24,63.5,99.4,34,68.1,110.4
M032,163.0,24,63.5,99.4,36,69.6,113.3
M032,163.0,24,63.5,99.4,38,70.8,115.7
M032,163.0,24,63.5,99.4,40,71.8,118.0
M032,163.0,26,64.4,101.1,28,65.9,104.0
M032,163.0,26,64.4,101.1,30,66.5,105.9
M032,163.0,26,64.4,101.1,32,67.4,108.5
M032,163.0,26,64.4,101.1,34,68.1,110.4
M032,163.0,26,64.4,101.1,36,69.6,113.3
M032,163.0,26,64.4,101.1,38,70.8,115.7
M032,163.0,26,64.4,101.1,40,71.8,118.0
M032,163.0,28,65.9,104.0,30,66.5,105.9
M032,163.0,28,65.9,104.0,32,67.4,108.5
M032,163.0,28,65.9,104.0,34,68.1,110.4
M032,163.0,28,65.9,104.0,36,69.6,113.3
M032,163.0,28,65.9,104.0,38,70.8,115.7
M032,163.0,28,65.9,104.0,40,71.8,118.0
M032,163.0,30,66.5,105.9,32,67.4,108.5
M032,163.0,30,66.5,105.9,34,68.1,110.4
M032,163.0,30,66.5,105.9,36,69.6,113.3
M032,163.0,30,66.5,105.9,38,70.8,115.7
M032,163.0,30,66.5,105.9,40,71.8,118.0
M032,163.0,32,67.4,108.5,34,68.1,110.4
M032,163.0,32,67.4,108.5,36,69.6,113.3
M032,163.0,32,67.4,108.5,38,70.8,115.7
M032,163.0,32,67.4,108.5,40,71.8,118.0
M032,163.0,34,68.1,110.4,36,69.6,113.3
M032,163.0,34,68.1,110.4,38,70.8,115.7
M032,163.0,34,68.1,110.4,40,71.8,118.0
M032,163.0,36,69.6,113.3,38,70.8,115.7
M032,163.0,36,69.6,113.3,40,71.8,118.0
M032,163.0,38,70.8,115.7,40,71.8,118.0
M033,162.3,12,62.5,74.9,14,62.8,76.3
M033,162.3,12,62.5,74.9,16,63.9,77.6
M033,162.3,12,62.5,74.9,18,64.7,78.4
M033,162.3,12,62.5,74.9,20,65.7,79.4
M033,162.3,12,62.5,74.9,22,67.0,80.9
M033,162.3,12,62.5,74.9,24,68.5,81.9
M033,162.3,12,62.5,74.9,26,69.3,82.8
M033,162.3,12,62.5,74.9,28,70.3,84.4
M033,162.3,12,62.5,74.9,30,71.5,85.9
M033,162.3,12,62.5,74.9,32,72.6,87.8
M033,162.3,12,62.5,74.9,34,73.7,89.7
M033,162.3,12,62.5,74.9,36,75.1,90.3
M033,162.3,12,62.5,74.9,38,76.0,91.7
M033,162.3,12,62.5,74.9,40,77.4,93.3
M033,162.3,14,62.8,76.3,16,63.9,77.6
M033,162.3,14,62.8,76.3,18,64.7,78.4
M033,162.3,14,62.8,76.3,20,65.7,79.4
M033,162.3,14,62.8,76.3,22,67.0,80.9
M033,162.3,14,62.8,76.3,24,68.5,81.9
M033,162.3,14,62.8,76.3,26,69.3,82.8
M033,162.3,14,62.8,76.3,28,70.3,84.4
M033,162.3,14,62.8,76.3,30,71.5,85.9
M033,162.3,14,62.8,76.3,32,72.6,87.8
M033,162.3,14,62.8,76.3,34,73.7,89.7
M033,162.3,14,62.8,76.3,36,75.1,90.3
M033,162.3,14,62.8,76.3,38,76.0,91.7
M033,162.3,14,62.8,76.3,40,77.4,93.3
M033,162.3,16,63.9,77.6,18,64.7,78.4
M033,162.3,16,63.9,77.6,20,65.7,79.4
M033,162.3,16,63.9,77.6,22,67.0,80.9
M033,162.3,16,63.9,77.6,24,68.5,81.9
M033,162.3,16,63.9,77.6,26,69.3,82.8
M033,162.3,16,63.9,77.6,28,70.3,84.4
M033,162.3,16,63.9,77.6,30,71.5,85.9
M033,162.3,16,63.9,77.6,32,72.6,87.8
M033,162.3,16,63.9,77.6,34,73.7,89.7
M033,162.3,16,63.9,77.6,36,75.1,90.3
M033,162.3,16,63.9,77.6,38,76.0,91.7
M033,162.3,16,63.9,77.6,40,77.4,93.3
M033,162.3,18,64.7,78.4,20,65.7,79.4
M033,162.3,18,64.7,78.4,22,67.0,80.9
M033,162.3,18,64.7,78.4,24,68.5,81.9
M033,162.3,18,64.7,78.4,26,69.3,82.8
M033,162.3,18,64.7,78.4,28,70.3,84.4
M033,162.3,18,64.7,78.4,30,71.5,85.9
M033,162.3,18,64.7,78.4,32,72.6,87.8
M033,162.3,18,64.7,78.4,34,73.7,89.7
M033,162.3,18,64.7,78.4,36,75.1,90.3
M033,162.3,18,64.7,78.4,38,76.0,91.7
M033,162.3,18,64.7,78.4,40,77.4,93.3
M033,162.3,20,65.7,79.4,22,67.0,80.9
M033,162.3,20,65.7,79.4,24,68.5,81.9
M033,162.3,20,65.7,79.4,26,69.3,82.8
M033,162.3,20,65.7,79.4,28,70.3,84.4
M033,162.3,20,65.7,79.4,30,71.5,85.9
M033,162.3,20,65.7,79.4,32,72.6,87.8
M033,162.3,20,65.7,79.4,34,73.7,89.7
M033,162.3,20,65.7,79.4,36,75.1,90.3
M033,162.3,20,65.7,79.4,38,76.0,91.7
M033,162.3,20,65.7,79.4,40,77.4,93.3
M033,162.3,22,67.0,80.9,24,68.5,81.9
M033,162.3,22,67.0,80.9,26,69.3,82.8
M033,162.3,22,67.0,80.9,28,70.3,84.4
M033,162.3,22,67.0,80.9,30,71.5,85.9
M033,162.3,22,67.0,80.9,32,72.6,87.8
M033,162.3,22,67.0,80.9,34,73.7,89.7
M033,162.3,22,67.0,80.9,36,75.1,90.3
M033,162.3,22,67.0,80.9,38,76.0,91.7
M033,162.3,22,67.0,80.9,40,77.4,93.3
M033,162.3,24,68.5,81.9,26,69.3,82.8
M033,162.3,24,68.5,81.9,28,70.3,84.4
M033,162.3,24,68.5,81.9,30,71.5,85.9
M033,162.3,24,68.5,81.9,32,72.6,87.8
M033,162.3,24,68.5,81.9,34,73.7,89.7
M033,162.3,24,68.5,81.9,36,75.1,90.3
M033,162.3,24,68.5,81.9,38,76.0,91.7
M033,162.3,24,68.5,81.9,40,77.4,93.3
M033,162.3,26,69.3,82.8,28,70.3,84.4
M033,162.3,26,69.3,82.8,30,71.5,85.9
M033,162.3,26,69.3,82.8,32,72.6,87.8
M033,162.3,26,69.3,82.8,34,73.7,89.7
M033,162.3,26,69.3,82.8,36,75.1,90.3
M033,162.3,26,69.3,82.8,38,76.0,91.7
M033,162.3,26,69.3,82.8,40,77.4,93.3
M033,162.3,28,70.3,84.4,30,71.5,85.9
M033,162.3,28,70.3,84.4,32,72.6,87.8
M033,162.3,28,70.3,84.4,34,73.7,89.7
M033,162.3,28,70.3,84.4,36,75.1,90.3
M033,162.3,28,70.3,84.4,38,76.0,91.7
M033,162.3,28,70.3,84.4,40,77.4,93.3
M033,162.3,30,71.5,85.9,32,72.6,87.8
M033,162.3,30,71.5,85.9,34,73.7,89.7
M033,162.3,30,71.5,85.9,36,75.1,90.3
M033,162.3,30,71.5,85.9,38,76.0,91.7
M033,162.3,30,71.5,85.9,40,77.4,93.3
M033,162.3,32,72.6,87.8,34,73.7,89.7
M033,162.3,32,72.6,87.8,36,75.1,90.3
M033,162.3,32,72.6,87.8,38,76.0,91.7
M033,162.3,32,72.6,87.8,40,77.4,93.3
M033,162.3,34,73.7,89.7,36,75.1,90.3
M033,162.3,34,73.7,89.7,38,76.0,91.7
M033,162.3,34,73.7,89.7,40,77.4,93.3
M033,162.3,36,75.1,90.3,38,76.0,91.7
M033,162.3,36,75.1,90.3,40,77.4,93.3
M033,162.3,38,76.0,91.7,40,77.4,93.3
M034,172.2,12,59.0,73.9,14,59.5,76.0
M034,172.2,12,59.0,73.9,16,60.2,77.2
M034,172.2,12,59.0,73.9,18,60.8,77.6
M034,172.2,12,59.0,73.9,20,61.3,79.9
M034,172.2,12,59.0,73.9,22,62.2,81.3
M034,172.2,12,59.0,73.9,24,63.0,82.9
M034,172.2,12,59.0,73.9,26,63.6,84.4
M034,172.2,12,59.0,73.9,28,64.6,86.2
M034,172.2,12,59.0,73.9,30,65.4,87.5
M034,172.2,12,59.0,73.9,32,66.2,89.3
M034,172.2,12,59.0,73.9,34,66.9,90.6
M034,172.2,12,59.0,73.9,36,67.6,92.3
M034,172.2,12,59.0,73.9,38,68.4,93.3
M034,172.2,12,59.0,73.9,40,69.3,95.0
M034,172.2,14,59.5,76.0,16,60.2,77.2
M034,172.2,14,59.5,76.0,18,60.8,77.6
M034,172.2,14,59.5,76.0,20,61.3,79.9
M034,172.2,14,59.5,76.0,22,62.2,81.3
M034,172.2,14,59.5,76.0,24,63.0,82.9
M034,172.2,14,59.5,76.0,26,63.6,84.4
M034,172.2,14,59.5,76.0,28,64.6,86.2
M034,172.2,14,59.5,76.0,30,65.4,87.5
M034,172.2,14,59.5,76.0,32,66.2,89.3
M034,172.2,14,59.5,76.0,34,66.9,90.6
M034,172.2,14,59.5,76.0,36,67.6,92.3
M034,172.2,14,59.5,76.0,38,68.4,93.3
M034,172.2,14,59.5,76.0,40,69.3,95.0
M034,172.2,16,60.2,77.2,18,60.8,77.6
M034,172.2,16,60.2,77.2,20,61.3,79.9
M034,172.2,16,60.2,77.2,22,62.2,81.3
M034,172.2,16,60.2,77.2,24,63.0,82.9
M034,172.2,16,60.2,77.2,26,63.6,84.4
M034,172.2,16,60.2,77.2,28,64.6,86.2
M034,172.2,16,60.2,77.2,30,65.4,87.5
M034,172.2,16,60.2,77.2,32,66.2,89.3
M034,172.2,16,60.2,77.2,34,66.9,90.6
M034,172.2,16,60.2,77.2,36,67.6,92.3
M034,172.2,16,60.2,77.2,38,68.4,93.3
M034,172.2,16,60.2,77.2,40,69.3,95.0
M034,172.2,18,60.8,77.6,20,61.3,79.9
M034,172.2,18,60.8,77.6,22,62.2,81.3
M034,172.2,18,60.8,77.6,24,63.0,82.9
M034,172.2,18,60.8,77.6,26,63.6,84.4
M034,172.2,18,60.8,77.6,28,64.6,86.2
M034,172.2,18,60.8,77.6,30,65.4,87.5
M034,172.2,18,60.8,77.6,32,66.2,89.3
M034,172.2,18,60.8,77.6,34,66.9,90.6
M034,172.2,18,60.8,77.6,36,67.6,92.3
M034,172.2,18,60.8,77.6,38,68.4,93.3
M034,172.2,18,60.8,77.6,40,69.3,95.0
M034,172.2,20,61.3,79.9,22,62.2,81.3
M034,172.2,20,61.3,79.9,24,63.0,82.9
M034,172.2,20,61.3,79.9,26,63.6,84.4
M034,172.2,20,61.3,79.9,28,64.6,86.2
M034,172.2,20,61.3,79.9,30,65.4,87.5
M034,172.2,20,61.3,79.9,32,66.2,89.3
M034,172.2,20,61.3,79.9,34,66.9,90.6
M034,172.2,20,61.3,79.9,36,67.6,92.3
M034,172.2,20,61.3,79.9,38,68.4,93.3
M034,172.2,20,61.3,79.9,40,69.3,95.0
M034,172.2,22,62.2,81.3,24,63.0,82.9
M034,172.2,22,62.2,81.3,26,63.6,84.4
M034,172.2,22,62.2,81.3,28,64.6,86.2
M034,172.2,22,62.2,81.3,30,65.4,87.5
M034,172.2,22,62.2,81.3,32,66.2,89.3
M034,172.2,22,62.2,81.3,34,66.9,90.6
M034,172.2,22,62.2,81.3,36,67.6,92.3
M034,172.2,22,62.2,81.3,38,68.4,93.3
M034,172.2,22,62.2,81.3,40,69.3,95.0
M034,172.2,24,63.0,82.9,26,63.6,84.4
M034,172.2,24,63.0,82.9,28,64.6,86.2
M034,172.2,24,63.0,82.9,30,65.4,87.5
M034,172.2,24,63.0,82.9,32,66.2,89.3
M034,172.2,24,63.0,82.9,34,66.9,90.6
M034,172.2,24,63.0,82.9,36,67.6,92.3
M034,172.2,24,63.0,82.9,38,68.4,93.3
M034,172.2,24,63.0,82.9,40,69.3,95.0
M034,172.2,26,63.6,84.4,28,64.6,86.2
M034,172.2,26,63.6,84.4,30,65.4,87.5
M034,172.2,26,63.6,84.4,32,66.2,89.3
M034,172.2,26,63.6,84.4,34,66.9,90.6
M034,172.2,26,63.6,84.4,36,67.6,92.3
M034,172.2,26,63.6,84.4,38,68.4,93.3
M034,172.2,26,63.6,84.4,40,69.3,95.0
M034,172.2,28,64.6,86.2,30,65.4,87.5
M034,172.2,28,64.6,86.2,32,66.2,89.3
M034,172.2,28,64.6,86.2,34,66.9,90.6
M034,172.2,28,64.6,86.2,36,67.6,92.3
M034,172.2,28,64.6,86.2,38,68.4,93.3
M034,172.2,28,64.6,86.2,40,69.3,95.0
M034,172.2,30,65.4,87.5,32,66.2,89.3
M034,172.2,30,65.4,87.5,34,66.9,90.6
M034,172.2,30,65.4,87.5,36,67.6,92.3
M034,172.2,30,65.4,87.5,38,68.4,93.3
M034,172.2,30,65.4,87.5,40,69.3,95.0
M034,172.2,32,66.2,89.3,34,66.9,90.6
M034,172.2,32,66.2,89.3,36,67.6,92.3
M034,172.2,32,66.2,89.3,38,68.4,93.3
M034,172.2,32,66.2,89.3,40,69.3,95.0
M034,172.2,34,66.9,90.6,36,67.6,92.3
M034,172.2,34,66.9,90.6,38,68.4,93.3
M034,172.2,34,66.9,90.6,40,69.3,95.0
M034,172.2,36,67.6,92.3,38,68.4,93.3
M034,172.2,36,67.6,92.3,40,69.3,95.0
M034,172.2,38,68.4,93.3,40,69.3,95.0
M035,158.1,12,60.3,78.0,14,60.8,80.1
M035,158.1,12,60.3,78.0,16,61.7,81.0
M035,158.1,12,60.3,78.0,18,62.6,82.3
M035,158.1,12,60.3,78.0,20,63.9,84.2
M035,158.1,12,60.3,78.0,22,64.7,85.9
M035,158.1,12,60.3,78.0,24,66.2,86.8
M035,158.1,12,60.3,78.0,26,67.3,88.5
M035,158.1,12,60.3,78.0,28,68.2,89.8
M035,158.1,12,60.3,78.0,30,69.5,90.9
M035,158.1,12,60.3,78.0,32,70.7,93.0
M035,158.1,12,60.3,78.0,34,72.4,94.1
M035,158.1,12,60.3,78.0,36,73.3,95.6
M035,158.1,12,60.3,78.0,38,74.4,97.7
M035,158.1,12,60.3,78.0,40,75.5,99.2
M035,158.1,14,60.8,80.1,16,61.7,81.0
M035,158.1,14,60.8,80.1,18,62.6,82.3
M035,158.1,14,60.8,80.1,20,63.9,84.2
M035,158.1,14,60.8,80.1,22,64.7,85.9
M035,158.1,14,60.8,80.1,24,66.2,86.8
M035,158.1,14,60.8,80.1,26,67.3,88.5
M035,158.1,14,60.8,80.1,28,68.2,89.8
M035,158.1,14,60.8,80.1,30,69.5,90.9
M035,158.1,14,60.8,80.1,32,70.7,93.0
M035,158.1,14,60.8,80.1,34,72.4,94.1
M035,158.1,14,60.8,80.1,36,73.3,95.6
M035,158.1,14,60.8,80.1,38,74.4,97.7
M035,158.1,14,60.8,80.1,40,75.5,99.2
M035,158.1,16,61.7,81.0,18,62.6,82.3
M035,158.1,16,61.7,81.0,20,63.9,84.2
M035,158.1,16,61.7,81.0,22,64.7,85.9
M035,158.1,16,61.7,81.0,24,66.2,86.8
M035,158.1,16,61.7,81.0,26,67.3,88.5
M035,158.1,16,61.7,81.0,28,68.2,89.8
M035,158.1,16,61.7,81.0,30,69.5,90.9
M035,158.1,16,61.7,81.0,32,70.7,93.0
M035,158.1,16,61.7,81.0,34,72.4,94.1
M035,158.1,16,61.7,81.0,36,73.3,95.6
M035,158.1,16,61.7,81.0,38,74.4,97.7
M035,158.1,16,61.7,81.0,40,75.5,99.2
M035,158.1,18,62.6,82.3,20,63.9,84.2
M035,158.1,18,62.6,82.3,22,64.7,85.9
M035,158.1,18,62.6,82.3,24,66.2,86.8
M035,158.1,18,62.6,82.3,26,67.3,88.5
M035,158.1,18,62.6,82.3,28,68.2,89.8
M035,158.1,18,62.6,82.3,30,69.5,90.9
M035,158.1,18,62.6,82.3,32,70.7,93.0
M035,158.1,18,62.6,82.3,34,72.4,94.1
M035,158.1,18,62.6,82.3,36,73.3,95.6
M035,158.1,18,62.6,82.3,38,74.4,97.7
M035,158.1,18,62.6,82.3,40,75.5,99.2
M035,158.1,20,63.9,84.2,22,64.7,85.9
M035,158.1,20,63.9,84.2,24,66.2,86.8
M035,158.1,20,63.9,84.2,26,67.3,88.5
M035,158.1,20,63.9,84.2,28,68.2,89.8
M035,158.1,20,63.9,84.2,30,69.5,90.9
M035,158.1,20,63.9,84.2,32,70.7,93.0
M035,158.1,20,63.9,84.2,34,72.4,94.1
M035,158.1,20,63.9,84.2,36,73.3,95.6
M035,158.1,20,63.9,84.2,38,74.4,97.7
M035,158.1,20,63.9,84.2,40,75.5,99.2
M035,158.1,22,64.7,85.9,24,66.2,86.8
M035,158.1,22,64.7,85.9,26,67.3,88.5
M035,158.1,22,64.7,85.9,28,68.2,89.8
M035,158.1,22,64.7,85.9,30,69.5,90.9
M035,158.1,22,64.7,85.9,32,70.7,93.0
M035,158.1,22,64.7,85.9,34,72.4,94.1
M035,158.1,22,64.7,85.9,36,73.3,95.6
M035,158.1,22,64.7,85.9,38,74.4,97.7
M035,158.1,22,64.7,85.9,40,75.5,99.2
M035,158.1,24,66.2,86.8,26,67.3,88.5
M035,158.1,24,66.2,86.8,28,68.2,89.8
M035,158.1,24,66.2,86.8,30,69.5,90.9
M035,158.1,24,66.2,86.8,32,70.7,93.0
M035,158.1,24,66.2,86.8,34,72.4,94.1
M035,158.1,24,66.2,86.8,36,73.3,95.6
M035,158.1,24,66.2,86.8,38,74.4,97.7
M035,158.1,24,66.2,86.8,40,75.5,99.2
M035,158.1,26,67.3,88.5,28,68.2,89.8
M035,158.1,26,67.3,88.5,30,69.5,90.9
M035,158.1,26,67.3,88.5,32,70.7,93.0
M035,158.1,26,67.3,88.5,34,72.4,94.1
M035,158.1,26,67.3,88.5,36,73.3,95.6
M035,158.1,26,67.3,88.5,38,74.4,97.7
M035,158.1,26,67.3,88.5,40,75.5,99.2
M035,158.1,28,68.2,89.8,30,69.5,90.9
M035,158.1,28,68.2,89.8,32,70.7,93.0
M035,158.1,28,68.2,89.8,34,72.4,94.1
M035,158.1,28,68.2,89.8,36,73.3,95.6
M035,158.1,28,68.2,89.8,38,74.4,97.7
M035,158.1,28,68.2,89.8,40,75.5,99.2
M035,158.1,30,69.5,90.9,32,70.7,93.0
M035,158.1,30,69.5,90.9,34,72.4,94.1
M035,158.1,30,69.5,90.9,36,73.3,95.6
M035,158.1,30,69.5,90.9,38,74.4,97.7
M035,158.1,30,69.5,90.9,40,75.5,99.2
M035,158.1,32,70.7,93.0,34,72.4,94.1
M035,158.1,32,70.7,93.0,36,73.3,95.6
M035,158.1,32,70.7,93.0,38,74.4,97.7
M035,158.1,32,70.7,93.0,40,75.5,99.2
M035,158.1,34,72.4,94.1,36,73.3,95.6
M035,158.1,34,72.4,94.1,38,74.4,97.7
M035,158.1,34,72.4,94.1,40,75.5,99.2
M035,158.1,36,73.3,95.6,38,74.4,97.7
M035,158.1,36,73.3,95.6,40,75.5,99.2
M035,158.1,38,74.4,97.7,40,75.5,99.2
M036,166.0,12,60.7,75.2,14,60.5,77.2
M036,166.0,12,60.7,75.2,16,61.2,78.4
M036,166.0,12,60.7,75.2,18,61.7,80.6
M036,166.0,12,60.7,75.2,20,62.2,82.2
M036,166.0,12,60.7,75.2,22,62.8,82.3
M036,166.0,12,60.7,75.2,24,63.4,84.4
M036,166.0,12,60.7,75.2,26,64.1,86.5
M036,166.0,12,60.7,75.2,28,64.4,88.4
M036,166.0,12,60.7,75.2,30,65.3,89.8
M036,166.0,12,60.7,75.2,32,65.8,90.5
M036,166.0,12,60.7,75.2,34,66.4,92.3
M036,166.0,12,60.7,75.2,36,67.0,93.6
M036,166.0,12,60.7,75.2,38,67.3,95.6
M036,166.0,12,60.7,75.2,40,68.2,97.2
M036,166.0,14,60.5,77.2,16,61.2,78.4
M036,166.0,14,60.5,77.2,18,61.7,80.6
M036,166.0,14,60.5,77.2,20,62.2,82.2
M036,166.0,14,60.5,77.2,22,62.8,82.3
M036,166.0,14,60.5,77.2,24,63.4,84.4
M036,166.0,14,60.5,77.2,26,64.1,86.5
M036,166.0,14,60.5,77.2,28,64.4,88.4
M036,166.0,14,60.5,77.2,30,65.3,89.8
M036,166.0,14,60.5,77.2,32,65.8,90.5
M036,166.0,14,60.5,77.2,34,66.4,92.3
M036,166.0,14,60.5,77.2,36,67.0,93.6
M036,166.0,14,60.5,77.2,38,67.3,95.6
M036,166.0,14,60.5,77.2,40,68.2,97.2
M036,166.0,16,61.2,78.4,18,61.7,80.6
M036,166.0,16,61.2,78.4,20,62.2,82.2
M036,166.0,16,61.2,78.4,22,62.8,82.3
M036,166.0,16,61.2,78.4,24,63.4,84.4
M036,166.0,16,61.2,78.4,26,64.1,86.5
M036,166.0,16,61.2,78.4,28,64.4,88.4
M036,166.0,16,61.2,78.4,30,65.3,89.8
M036,166.0,16,61.2,78.4,32,65.8,90.5
M036,166.0,16,61.2,78.4,34,66.4,92.3
M036,166.0,16,61.2,78.4,36,67.0,93.6
M036,166.0,16,61.2,78.4,38,67.3,95.6
M036,166.0,16,61.2,78.4,40,68.2,97.2
M036,166.0,18,61.7,80.6,20,62.2,82.2
M036,166.0,18,61.7,80.6,22,62.8,82.3
M036,166.0,18,61.7,80.6,24,63.4,84.4
M036,166.0,18,61.7,80.6,26,64.1,86.5
M036,166.0,18,61.7,80.6,28,64.4,88.4
M036,166.0,18,61.7,80.6,30,65.3,89.8
M036,166.0,18,61.7,80.6,32,65.8,90.5
M036,166.0,18,61.7,80.6,34,66.4,92.3
M036,166.0,18,61.7,80.6,36,67.0,93.6
M036,166.0,18,61.7,80.6,38,67.3,95.6
M036,166.0,18,61.7,80.6,40,68.2,97.2
M036,166.0,20,62.2,82.2,22,62.8,82.3
M036,166.0,20,62.2,82.2,24,63.4,84.4
M036,166.0,20,62.2,82.2,26,64.1,86.5
M036,166.0,20,62.2,82.2,28,64.4,88.4
M036,166.0,20,62.2,82.2,30,65.3,89.8
M036,166.0,20,62.2,82.2,32,65.8,90.5
M036,166.0,20,62.2,82.2,34,66.4,92.3
M036,166.0,20,62.2,82.2,36,67.0,93.6
M036,166.0,20,62.2,82.2,38,67.3,95.6
M036,166.0,20,62.2,82.2,40,68.2,97.2
M036,166.0,22,62.8,82.3,24,63.4,84.4
M036,166.0,22,62.8,82.3,26,64.1,86.5
M036,166.0,22,62.8,82.3,28,64.4,88.4
M036,166.0,22,62.8,82.3,30,65.3,89.8
M036,166.0,22,62.8,82.3,32,65.8,90.5
M036,166.0,22,62.8,82.3,34,66.4,92.3
M036,166.0,22,62.8,82.3,36,67.0,93.6
M036,166.0,22,62.8,82.3,38,67.3,95.6
M036,166.0,22,62.8,82.3,40,68.2,97.2
M036,166.0,24,63.4,84.4,26,64.1,86.5
M036,166.0,24,63.4,84.4,28,64.4,88.4
M036,166.0,24,63.4,84.4,30,65.3,89.8
M036,166.0,24,63.4,84.4,32,65.8,90.5
M036,166.0,24,63.4,84.4,34,66.4,92.3
M036,166.0,24,63.4,84.4,36,67.0,93.6
M036,166.0,24,63.4,84.4,38,67.3,95.6
M036,166.0,24,63.4,84.4,40,68.2,97.2
M036,166.0,26,64.1,86.5,28,64.4,88.4
M036,166.0,26,64.1,86.5,30,65.3,89.8
M036,166.0,26,64.1,86.5,32,65.8,90.5
M036,166.0,26,64.1,86.5,34,66.4,92.3
M036,166.0,26,64.1,86.5,36,67.0,93.6
M036,166.0,26,64.1,86.5,38,67.3,95.6
M036,166.0,26,64.1,86.5,40,68.2,97.2
M036,166.0,28,64.4,88.4,30,65.3,89.8
M036,166.0,28,64.4,88.4,32,65.8,90.5
M036,166.0,28,64.4,88.4,34,66.4,92.3
M036,166.0,28,64.4,88.4,36,67.0,93.6
M036,166.0,28,64.4,88.4,38,67.3,95.6
M036,166.0,28,64.4,88.4,40,68.2,97.2
M036,166.0,30,65.3,89.8,32,65.8,90.5
M036,166.0,30,65.3,89.8,34,66.4,92.3
M036,166.0,30,65.3,89.8,36,67.0,93.6
M036,166.0,30,65.3,89.8,38,67.3,95.6
M036,166.0,30,65.3,89.8,40,68.2,97.2
M036,166.0,32,65.8,90.5,34,66.4,92.3
M036,166.0,32,65.8,90.5,36,67.0,93.6
M036,166.0,32,65.8,90.5,38,67.3,95.6
M036,166.0,32,65.8,90.5,40,68.2,97.2
M036,166.0,34,66.4,92.3,36,67.0,93.6
M036,166.0,34,66.4,92.3,38,67.3,95.6
M036,166.0,34,66.4,92.3,40,68.2,97.2
M036,166.0,36,67.0,93.6,38,67.3,95.6
M036,166.0,36,67.0,93.6,40,68.2,97.2
M036,166.0,38,67.3,95.6,40,68.2,97.2
M037,169.1,12,64.5,80.8,14,65.2,82.2
M037,169.1,12,64.5,80.8,16,65.6,84.1
M037,169.1,12,64.5,80.8,18,66.1,84.4
M037,169.1,12,64.5,80.8,20,67.0,86.0
M037,169.1,12,64.5,80.8,22,67.9,87.4
M037,169.1,12,64.5,80.8,24,68.9,88.7
M037,169.1,12,64.5,80.8,26,69.7,89.7
M037,169.1,12,64.5,80.8,28,70.3,90.6
M037,169.1,12,64.5,80.8,30,71.2,92.6
M037,169.1,12,64.5,80.8,32,72.0,93.6
M037,169.1,12,64.5,80.8,34,73.3,94.7
M037,169.1,12,64.5,80.8,36,74.2,95.9
M037,169.1,12,64.5,80.8,38,75.0,97.7
M037,169.1,12,64.5,80.8,40,76.1,98.6
M037,169.1,14,65.2,82.2,16,65.6,84.1
M037,169.1,14,65.2,82.2,18,66.1,84.4
M037,169.1,14,65.2,82.2,20,67.0,86.0
M037,169.1,14,65.2,82.2,22,67.9,87.4
M037,169.1,14,65.2,82.2,24,68.9,88.7
M037,169.1,14,65.2,82.2,26,69.7,89.7
M037,169.1,14,65.2,82.2,28,70.3,90.6
M037,169.1,14,65.2,82.2,30,71.2,92.6
M037,169.1,14,65.2,82.2,32,72.0,93.6
M037,169.1,14,65.2,82.2,34,73.3,94.7
M037,169.1,14,65.2,82.2,36,74.2,95.9
M037,169.1,14,65.2,82.2,38,75.0,97.7
M037,169.1,14,65.2,82.2,40,76.1,98.6
M037,169.1,16,65.6,84.1,18,66.1,84.4
M037,169.1,16,65.6,84.1,20,67.0,86.0
M037,169.1,16,65.6,84.1,22,67.9,87.4
M037,169.1,16,65.6,84.1,24,68.9,88.7
M037,169.1,16,65.6,84.1,26,69.7,89.7
M037,169.1,16,65.6,84.1,28,70.3,90.6
M037,169.1,16,65.6,84.1,30,71.2,92.6
M037,169.1,16,65.6,84.1,32,72.0,93.6
M037,169.1,16,65.6,84.1,34,73.3,94.7
M037,169.1,16,65.6,84.1,36,74.2,95.9
M037,169.1,16,65.6,84.1,38,75.0,97.7
M037,169.1,16,65.6,84.1,40,76.1,98.6
M037,169.1,18,66.1,84.4,20,67.0,86.0
M037,169.1,18,66.1,84.4,22,67.9,87.4
M037,169.1,18,66.1,84.4,24,68.9,88.7
M037,169.1,18,66.1,84.4,26,69.7,89.7
M037,169.1,18,66.1,84.4,28,70.3,90.6
M037,169.1,18,66.1,84.4,30,71.2,92.6
M037,169.1,18,66.1,84.4,32,72.0,93.6
M037,169.1,18,66.1,84.4,34,73.3,94.7
M037,169.1,18,66.1,84.4,36,74.2,95.9
M037,169.1,18,66.1,84.4,38,75.0,97.7
M037,169.1,18,66.1,84.4,40,76.1,98.6
M037,169.1,20,67.0,86.0,22,67.9,87.4
M037,169.1,20,67.0,86.0,24,68.9,88.7
M037,169.1,20,67.0,86.0,26,69.7,89.7
M037,169.1,20,67.0,86.0,28,70.3,90.6
M037,169.1,20,67.0,86.0,30,71.2,92.6
M037,169.1,20,67.0,86.0,32,72.0,93.6
M037,169.1,20,67.0,86.0,34,73.3,94.7
M037,169.1,20,67.0,86.0,36,74.2,95.9
M037,169.1,20,67.0,86.0,38,75.0,97.7
M037,169.1,20,67.0,86.0,40,76.1,98.6
M037,169.1,22,67.9,87.4,24,68.9,88.7
M037,169.1,22,67.9,87.4,26,69.7,89.7
M037,169.1,22,67.9,87.4,28,70.3,90.6
M037,169.1,22,67.9,87.4,30,71.2,92.6
M037,169.1,22,67.9,87.4,32,72.0,93.6
M037,169.1,22,67.9,87.4,34,73.3,94.7
M037,169.1,22,67.9,87.4,36,74.2,95.9
M037,169.1,22,67.9,87.4,38,75.0,97.7
M037,169.1,22,67.9,87.4,40,76.1,98.6
M037,169.1,24,68.9,88.7,26,69.7,89.7
M037,169.1,24,68.9,88.7,28,70.3,90.6
M037,169.1,24,68.9,88.7,30,71.2,92.6
M037,169.1,24,68.9,88.7,32,72.0,93.6
M037,169.1,24,68.9,88.7,34,73.3,94.7
M037,169.1,24,68.9,88.7,36,74.2,95.9
M037,169.1,24,68.9,88.7,38,75.0,97.7
M037,169.1,24,68.9,88.7,40,76.1,98.6
M037,169.1,26,69.7,89.7,28,70.3,90.6
M037,169.1,26,69.7,89.7,30,71.2,92.6
M037,169.1,26,69.7,89.7,32,72.0,93.6
M037,169.1,26,69.7,89.7,34,73.3,94.7
M037,169.1,26,69.7,89.7,36,74.2,95.9
M037,169.1,26,69.7,89.7,38,75.0,97.7
M037,169.1,26,69.7,89.7,40,76.1,98.6
M037,169.1,28,70.3,90.6,30,71.2,92.6
M037,169.1,28,70.3,90.6,32,72.0,93.6
M037,169.1,28,70.3,90.6,34,73.3,94.7
M037,169.1,28,70.3,90.6,36,74.2,95.9
M037,169.1,28,70.3,90.6,38,75.0,97.7
M037,169.1,28,70.3,90.6,40,76.1,98.6
M037,169.1,30,71.2,92.6,32,72.0,93.6
M037,169.1,30,71.2,92.6,34,73.3,94.7
M037,169.1,30,71.2,92.6,36,74.2,95.9
M037,169.1,30,71.2,92.6,38,75.0,97.7
M037,169.1,30,71.2,92.6,40,76.1,98.6
M037,169.1,32,72.0,93.6,34,73.3,94.7
M037,169.1,32,72.0,93.6,36,74.2,95.9
M037,169.1,32,72.0,93.6,38,75.0,97.7
M037,169.1,32,72.0,93.6,40,76.1,98.6
M037,169.1,34,73.3,94.7,36,74.2,95.9
M037,169.1,34,73.3,94.7,38,75.0,97.7
M037,169.1,34,73.3,94.7,40,76.1,98.6
M037,169.1,36,74.2,95.9,38,75.0,97.7
M037,169.1,36,74.2,95.9,40,76.1,98.6
M037,169.1,38,75.0,97.7,40,76.1,98.6
M038,156.2,12,58.6,67.9,14,59.3,69.6
M038,156.2,12,58.6,67.9,16,60.0,70.6
M038,156.2,12,58.6,67.9,18,60.7,71.4
M038,156.2,12,58.6,67.9,20,61.8,72.1
M038,156.2,12,58.6,67.9,22,62.6,72.9
M038,156.2,12,58.6,67.9,24,64.1,74.9
M038,156.2,12,58.6,67.9,26,64.9,75.9
M038,156.2,12,58.6,67.9,28,65.8,76.8
M038,156.2,12,58.6,67.9,30,67.1,78.3
M038,156.2,12,58.6,67.9,32,68.1,78.9
M038,156.2,12,58.6,67.9,34,69.6,81.5
M038,156.2,12,58.6,67.9,36,70.6,81.9
M038,156.2,12,58.6,67.9,38,72.1,83.1
M038,156.2,12,58.6,67.9,40,72.8,84.1
M038,156.2,14,59.3,69.6,16,60.0,70.6
M038,156.2,14,59.3,69.6,18,60.7,71.4
M038,156.2,14,59.3,69.6,20,61.8,72.1
M038,156.2,14,59.3,69.6,22,62.6,72.9
M038,156.2,14,59.3,69.6,24,64.1,74.9
M038,156.2,14,59.3,69.6,26,64.9,75.9
M038,156.2,14,59.3,69.6,28,65.8,76.8
M038,156.2,14,59.3,69.6,30,67.1,78.3
M038,156.2,14,59.3,69.6,32,68.1,78.9
M038,156.2,14,59.3,69.6,34,69.6,81.5
M038,156.2,14,59.3,69.6,36,70.6,81.9
M038,156.2,14,59.3,69.6,38,72.1,83.1
M038,156.2,14,59.3,69.6,40,72.8,84.1
M038,156.2,16,60.0,70.6,18,60.7,71.4
M038,156.2,16,60.0,70.6,20,61.8,72.1
M038,156.2,16,60.0,70.6,22,62.6,72.9
M038,156.2,16,60.0,70.6,24,64.1,74.9
M038,156.2,16,60.0,70.6,26,64.9,75.9
M038,156.2,16,60.0,70.6,28,65.8,76.8
M038,156.2,16,60.0,70.6,30,67.1,78.3
M038,156.2,16,60.0,70.6,32,68.1,78.9
M038,156.2,16,60.0,70.6,34,69.6,81.5
M038,156.2,16,60.0,70.6,36,70.6,81.9
M038,156.2,16,60.0,70.6,38,72.1,83.1
M038,156.2,16,60.0,70.6,40,72.8,84.1
M038,156.2,18,60.7,71.4,20,61.8,72.1
M038,156.2,18,60.7,71.4,22,62.6,72.9
M038,156.2,18,60.7,71.4,24,64.1,74.9
M038,156.2,18,60.7,71.4,26,64.9,75.9
M038,156.2,18,60.7,71.4,28,65.8,76.8
M038,156.2,18,60.7,71.4,30,67.1,78.3
M038,156.2,18,60.7,71.4,32,68.1,78.9
M038,156.2,18,60.7,71.4,34,69.6,81.5
M038,156.2,18,60.7,71.4,36,70.6,81.9
M038,156.2,18,60.7,71.4,38,72.1,83.1
M038,156.2,18,60.7,71.4,40,72.8,84.1
M038,156.2,20,61.8,72.1,22,62.6,72.9
M038,156.2,20,61.8,72.1,24,64.1,74.9
M038,156.2,20,61.8,72.1,26,64.9,75.9
M038,156.2,20,61.8,72.1,28,65.8,76.8
M038,156.2,20,61.8,72.1,30,67.1,78.3
M038,156.2,20,61.8,72.1,32,68.1,78.9
M038,156.2,20,61.8,72.1,34,69.6,81.5
M038,156.2,20,61.8,72.1,36,70.6,81.9
M038,156.2,20,61.8,72.1,38,72.1,83.1
M038,156.2,20,61.8,72.1,40,72.8,84.1
M038,156.2,22,62.6,72.9,24,64.1,74.9
M038,156.2,22,62.6,72.9,26,64.9,75.9
M038,156.2,22,62.6,72.9,28,65.8,76.8
M038,156.2,22,62.6,72.9,30,67.1,78.3
M038,156.2,22,62.6,72.9,32,68.1,78.9
M038,156.2,22,62.6,72.9,34,69.6,81.5
M038,156.2,22,62.6,72.9,36,70.6,81.9
M038,156.2,22,62.6,72.9,38,72.1,83.1
M038,156.2,22,62.6,72.9,40,72.8,84.1
M038,156.2,24,64.1,74.9,26,64.9,75.9
M038,156.2,24,64.1,74.9,28,65.8,76.8
M038,156.2,24,64.1,74.9,30,67.1,78.3
M038,156.2,24,64.1,74.9,32,68.1,78.9
M038,156.2,24,64.1,74.9,34,69.6,81.5
M038,156.2,24,64.1,74.9,36,70.6,81.9
M038,156.2,24,64.1,74.9,38,72.1,83.1
M038,156.2,24,64.1,74.9,40,72.8,84.1
M038,156.2,26,64.9,75.9,28,65.8,76.8
M038,156.2,26,64.9,75.9,30,67.1,78.3
M038,156.2,26,64.9,75.9,32,68.1,78.9
M038,156.2,26,64.9,75.9,34,69.6,81.5
M038,156.2,26,64.9,75.9,36,70.6,81.9
M038,156.2,26,64.9,75.9,38,72.1,83.1
M038,156.2,26,64.9,75.9,40,72.8,84.1
M038,156.2,28,65.8,76.8,30,67.1,78.3
M038,156.2,28,65.8,76.8,32,68.1,78.9
M038,156.2,28,65.8,76.8,34,69.6,81.5
M038,156.2,28,65.8,76.8,36,70.6,81.9
M038,156.2,28,65.8,76.8,38,72.1,83.1
M038,156.2,28,65.8,76.8,40,72.8,84.1
M038,156.2,30,67.1,78.3,32,68.1,78.9
M038,156.2,30,67.1,78.3,34,69.6,81.5
M038,156.2,30,67.1,78.3,36,70.6,81.9
M038,156.2,30,67.1,78.3,38,72.1,83.1
M038,156.2,30,67.1,78.3,40,72.8,84.1
M038,156.2,32,68.1,78.9,34,69.6,81.5
M038,156.2,32,68.1,78.9,36,70.6,81.9
M038,156.2,32,68.1,78.9,38,72.1,83.1
M038,156.2,32,68.1,78.9,40,72.8,84.1
M038,156.2,34,69.6,81.5,36,70.6,81.9
M038,156.2,34,69.6,81.5,38,72.1,83.1
M038,156.2,34,69.6,81.5,40,72.8,84.1
M038,156.2,36,70.6,81.9,38,72.1,83.1
M038,156.2,36,70.6,81.9,40,72.8,84.1
M038,156.2,38,72.1,83.1,40,72.8,84.1
M039,161.2,12,55.9,85.6,14,56.4,86.5
M039,161.2,12,55.9,85.6,16,57.3,87.3
M039,161.2,12,55.9,85.6,18,57.8,88.1
M039,161.2,12,55.9,85.6,20,58.9,89.7
M039,161.2,12,55.9,85.6,22,59.7,90.7
M039,161.2,12,55.9,85.6,24,60.9,92.0
M039,161.2,12,55.9,85.6,26,61.8,92.2
M039,161.2,12,55.9,85.6,28,63.0,93.8
M039,161.2,12,55.9,85.6,30,63.9,95.1
M039,161.2,12,55.9,85.6,32,64.9,96.0
M039,161.2,12,55.9,85.6,34,65.8,97.7
M039,161.2,12,55.9,85.6,36,67.2,98.4
M039,161.2,12,55.9,85.6,38,68.2,99.8
M039,161.2,12,55.9,85.6,40,69.0,101.2
M039,161.2,14,56.4,86.5,16,57.3,87.3
M039,161.2,14,56.4,86.5,18,57.8,88.1
M039,161.2,14,56.4,86.5,20,58.9,89.7
M039,161.2,14,56.4,86.5,22,59.7,90.7
M039,161.2,14,56.4,86.5,24,60.9,92.0
M039,161.2,14,56.4,86.5,26,61.8,92.2
M039,161.2,14,56.4,86.5,28,63.0,93.8
M039,161.2,14,56.4,86.5,30,63.9,95.1
M039,161.2,14,56.4,86.5,32,64.9,96.0
M039,161.2,14,56.4,86.5,34,65.8,97.7
M039,161.2,14,56.4,86.5,36,67.2,98.4
M039,161.2,14,56.4,86.5,38,68.2,99.8
M039,161.2,14,56.4,86.5,40,69.0,101.2
M039,161.2,16,57.3,87.3,18,57.8,88.1
M039,161.2,16,57.3,87.3,20,58.9,89.7
M039,161.2,16,57.3,87.3,22,59.7,90.7
M039,161.2,16,57.3,87.3,24,60.9,92.0
M039,161.2,16,57.3,87.3,26,61.8,92.2
M039,161.2,16,57.3,87.3,28,63.0,93.8
M039,161.2,16,57.3,87.3,30,63.9,95.1
M039,161.2,16,57.3,87.3,32,64.9,96.0
M039,161.2,16,57.3,87.3,34,65.8,97.7
M039,161.2,16,57.3,87.3,36,67.2,98.4
M039,161.2,16,57.3,87.3,38,68.2,99.8
M039,161.2,16,57.3,87.3,40,69.0,101.2
M039,161.2,18,57.8,88.1,20,58.9,89.7
M039,161.2,18,57.8,88.1,22,59.7,90.7
M039,161.2,18,57.8,88.1,24,60.9,92.0
M039,161.2,18,57.8,88.1,26,61.8,92.2
M039,161.2,18,57.8,88.1,28,63.0,93.8
M039,161.2,18,57.8,88.1,30,63.9,95.1
M039,161.2,18,57.8,88.1,32,64.9,96.0
M039,161.2,18,57.8,88.1,34,65.8,97.7
M039,161.2,18,57.8,88.1,36,67.2,98.4
M039,161.2,18,57.8,88.1,38,68.2,99.8
M039,161.2,18,57.8,88.1,40,69.0,101.2
M039,161.2,20,58.9,89.7,22,59.7,90.7
M039,161.2,20,58.9,89.7,24,60.9,92.0
M039,161.2,20,58.9,89.7,26,61.8,92.2
M039,161.2,20,58.9,89.7,28,63.0,93.8
M039,161.2,20,58.9,89.7,30,63.9,95.1
M039,161.2,20,58.9,89.7,32,64.9,96.0
M039,161.2,20,58.9,89.7,34,65.8,97.7
M039,161.2,20,58.9,89.7,36,67.2,98.4
M039,161.2,20,58.9,89.7,38,68.2,99.8
M039,161.2,20,58.9,89.7,40,69.0,101.2
M039,161.2,22,59.7,90.7,24,60.9,92.0
M039,161.2,22,59.7,90.7,26,61.8,92.2
M039,161.2,22,59.7,90.7,28,63.0,93.8
M039,161.2,22,59.7,90.7,30,63.9,95.1
M039,161.2,22,59.7,90.7,32,64.9,96.0
M039,161.2,22,59.7,90.7,34,65.8,97.7
M039,161.2,22,59.7,90.7,36,67.2,98.4
M039,161.2,22,59.7,90.7,38,68.2,99.8
M039,161.2,22,59.7,90.7,40,69.0,101.2
M039,161.2,24,60.9,92.0,26,61.8,92.2
M039,161.2,24,60.9,92.0,28,63.0,93.8
M039,161.2,24,60.9,92.0,30,63.9,95.1
M039,161.2,24,60.9,92.0,32,64.9,96.0
M039,161.2,24,60.9,92.0,34,65.8,97.7
M039,161.2,24,60.9,92.0,36,67.2,98.4
M039,161.2,24,60.9,92.0,38,68.2,99.8
M039,161.2,24,60.9,92.0,40,69.0,101.2
M039,161.2,26,61.8,92.2,28,63.0,93.8
M039,161.2,26,61.8,92.2,30,63.9,95.1
M039,161.2,26,61.8,92.2,32,64.9,96.0
M039,161.2,26,61.8,92.2,34,65.8,97.7
M039,161.2,26,61.8,92.2,36,67.2,98.4
M039,161.2,26,61.8,92.2,38,68.2,99.8
M039,161.2,26,61.8,92.2,40,69.0,101.2
M039,161.2,28,63.0,93.8,30,63.9,95.1
M039,161.2,28,63.0,93.8,32,64.9,96.0
M039,161.2,28,63.0,93.8,34,65.8,97.7
M039,161.2,28,63.0,93.8,36,67.2,98.4
M039,161.2,28,63.0,93.8,38,68.2,99.8
M039,161.2,28,63.0,93.8,40,69.0,101.2
M039,161.2,30,63.9,95.1,32,64.9,96.0
M039,161.2,30,63.9,95.1,34,65.8,97.7
M039,161.2,30,63.9,95.1,36,67.2,98.4
M039,161.2,30,63.9,95.1,38,68.2,99.8
M039,161.2,30,63.9,95.1,40,69.0,101.2
M039,161.2,32,64.9,96.0,34,65.8,97.7
M039,161.2,32,64.9,96.0,36,67.2,98.4
M039,161.2,32,64.9,96.0,38,68.2,99.8
M039,161.2,32,64.9,96.0,40,69.0,101.2
M039,161.2,34,65.8,97.7,36,67.2,98.4
M039,161.2,34,65.8,97.7,38,68.2,99.8
M039,161.2,34,65.8,97.7,40,69.0,101.2
M039,161.2,36,67.2,98.4,38,68.2,99.8
M039,161.2,36,67.2,98.4,40,69.0,101.2
M039,161.2,38,68.2,99.8,40,69.0,101.2
M040,167.3,12,49.8,79.3,14,50.5,81.4
M040,167.3,12,49.8,79.3,16,51.4,82.9
M040,167.3,12,49.8,79.3,18,52.5,84.7
M040,167.3,12,49.8,79.3,20,53.3,86.0
M040,167.3,12,49.8,79.3,22,54.3,87.4
M040,167.3,12,49.8,79.3,24,55.1,89.3
M040,167.3,12,49.8,79.3,26,56.5,90.9
M040,167.3,12,49.8,79.3,28,57.6,92.3
M040,167.3,12,49.8,79.3,30,58.5,93.9
M040,167.3,12,49.8,79.3,32,59.7,95.3
M040,167.3,12,49.8,79.3,34,60.9,97.2
M040,167.3,12,49.8,79.3,36,62.0,98.9
M040,167.3,12,49.8,79.3,38,63.5,100.0
M040,167.3,12,49.8,79.3,40,64.4,101.6
M040,167.3,14,50.5,81.4,16,51.4,82.9
M040,167.3,14,50.5,81.4,18,52.5,84.7
M040,167.3,14,50.5,81.4,20,53.3,86.0
M040,167.3,14,50.5,81.4,22,54.3,87.4
M040,167.3,14,50.5,81.4,24,55.1,89.3
M040,167.3,14,50.5,81.4,26,56.5,90.9
M040,167.3,14,50.5,81.4,28,57.6,92.3
M040,167.3,14,50.5,81.4,30,58.5,93.9
M040,167.3,14,50.5,81.4,32,59.7,95.3
M040,167.3,14,50.5,81.4,34,60.9,97.2
M040,167.3,14,50.5,81.4,36,62.0,98.9
M040,167.3,14,50.5,81.4,38,63.5,100.0
M040,167.3,14,50.5,81.4,40,64.4,101.6
M040,167.3,16,51.4,82.9,18,52.5,84.7
M040,167.3,16,51.4,82.9,20,53.3,86.0
M040,167.3,16,51.4,82.9,22,54.3,87.4
M040,167.3,16,51.4,82.9,24,55.1,89.3
M040,167.3,16,51.4,82.9,26,56.5,90.9
M040,167.3,16,51.4,82.9,28,57.6,92.3
M040,167.3,16,51.4,82.9,30,58.5,93.9
M040,167.3,16,51.4,82.9,32,59.7,95.3
M040,167.3,16,51.4,82.9,34,60.9,97.2
M040,167.3,16,51.4,82.9,36,62.0,98.9
M040,167.3,16,51.4,82.9,38,63.5,100.0
M040,167.3,16,51.4,82.9,40,64.4,101.6
M040,167.3,18,52.5,84.7,20,53.3,86.0
M040,167.3,18,52.5,84.7,22,54.3,87.4
M040,167.3,18,52.5,84.7,24,55.1,89.3
M040,167.3,18,52.5,84.7,26,56.5,90.9
M040,167.3,18,52.5,84.7,28,57.6,92.3
M040,167.3,18,52.5,84.7,30,58.5,93.9
M040,167.3,18,52.5,84.7,32,59.7,95.3
M040,167.3,18,52.5,84.7,34,60.9,97.2
M040,167.3,18,52.5,84.7,36,62.0,98.9
M040,167.3,18,52.5,84.7,38,63.5,100.0
M040,167.3,18,52.5,84.7,40,64.4,101.6
M040,167.3,20,53.3,86.0,22,54.3,87.4
M040,167.3,20,53.3,86.0,24,55.1,89.3
M040,167.3,20,53.3,86.0,26,56.5,90.9
M040,167.3,20,53.3,86.0,28,57.6,92.3
M040,167.3,20,53.3,86.0,30,58.5,93.9
M040,167.3,20,53.3,86.0,32,59.7,95.3
M040,167.3,20,53.3,86.0,34,60.9,97.2
M040,167.3,20,53.3,86.0,36,62.0,98.9
M040,167.3,20,53.3,86.0,38,63.5,100.0
M040,167.3,20,53.3,86.0,40,64.4,101.6
M040,167.3,22,54.3,87.4,24,55.1,89.3
M040,167.3,22,54.3,87.4,26,56.5,90.9
M040,167.3,22,54.3,87.4,28,57.6,92.3
M040,167.3,22,54.3,87.4,30,58.5,93.9
M040,167.3,22,54.3,87.4,32,59.7,95.3
M040,167.3,22,54.3,87.4,34,60.9,97.2
M040,167.3,22,54.3,87.4,36,62.0,98.9
M040,167.3,22,54.3,87.4,38,63.5,100.0
M040,167.3,22,54.3,87.4,40,64.4,101.6
M040,167.3,24,55.1,89.3,26,56.5,90.9
M040,167.3,24,55.1,89.3,28,57.6,92.3
M040,167.3,24,55.1,89.3,30,58.5,93.9
M040,167.3,24,55.1,89.3,32,59.7,95.3
M040,167.3,24,55.1,89.3,34,60.9,97.2
M040,167.3,24,55.1,89.3,36,62.0,98.9
M040,167.3,24,55.1,89.3,38,63.5,100.0
M040,167.3,24,55.1,89.3,40,64.4,101.6
M040,167.3,26,56.5,90.9,28,57.6,92.3
M040,167.3,26,56.5,90.9,30,58.5,93.9
M040,167.3,26,56.5,90.9,32,59.7,95.3
M040,167.3,26,56.5,90.9,34,60.9,97.2
M040,167.3,26,56.5,90.9,36,62.0,98.9
M040,167.3,26,56.5,90.9,38,63.5,100.0
M040,167.3,26,56.5,90.9,40,64.4,101.6
M040,167.3,28,57.6,92.3,30,58.5,93.9
M040,167.3,28,57.6,92.3,32,59.7,95.3
M040,167.3,28,57.6,92.3,34,60.9,97.2
M040,167.3,28,57.6,92.3,36,62.0,98.9
M040,167.3,28,57.6,92.3,38,63.5,100.0
M040,167.3,28,57.6,92.3,40,64.4,101.6
M040,167.3,30,58.5,93.9,32,59.7,95.3
M040,167.3,30,58.5,93.9,34,60.9,97.2
M040,167.3,30,58.5,93.9,36,62.0,98.9
M040,167.3,30,58.5,93.9,38,63.5,100.0
M040,167.3,30,58.5,93.9,40,64.4,101.6
M040,167.3,32,59.7,95.3,34,60.9,97.2
M040,167.3,32,59.7,95.3,36,62.0,98.9
M040,167.3,32,59.7,95.3,38,63.5,100.0
M040,167.3,32,59.7,95.3,40,64.4,101.6
M040,167.3,34,60.9,97.2,36,62.0,98.9
M040,167.3,34,60.9,97.2,38,63.5,100.0
M040,167.3,34,60.9,97.2,40,64.4,101.6
M040,167.3,36,62.0,98.9,38,63.5,100.0
M040,167.3,36,62.0,98.9,40,64.4,101.6
M040,167.3,38,63.5,100.0,40,64.4,101.6
M041,161.4,12,45.2,69.6,14,45.7,70.7
M041,161.4,12,45.2,69.6,16,46.1,72.3
M041,161.4,12,45.2,69.6,18,47.2,73.1
M041,161.4,12,45.2,69.6,20,47.7,75.0
M041,161.4,12,45.2,69.6,22,48.7,76.0
M041,161.4,12,45.2,69.6,24,49.6,78.0
M041,161.4,12,45.2,69.6,26,50.3,79.0
M041,161.4,12,45.2,69.6,28,51.1,80.3
M041,161.4,12,45.2,69.6,30,52.6,82.2
M041,161.4,12,45.2,69.6,32,53.1,83.9
M041,161.4,12,45.2,69.6,34,54.0,84.7
M041,161.4,12,45.2,69.6,36,54.7,86.4
M041,161.4,12,45.2,69.6,38,55.6,87.4
M041,161.4,12,45.2,69.6,40,56.8,89.6
M041,161.4,14,45.7,70.7,16,46.1,72.3
M041,161.4,14,45.7,70.7,18,47.2,73.1
M041,161.4,14,45.7,70.7,20,47.7,75.0
M041,161.4,14,45.7,70.7,22,48.7,76.0
M041,161.4,14,45.7,70.7,24,49.6,78.0
M041,161.4,14,45.7,70.7,26,50.3,79.0
M041,161.4,14,45.7,70.7,28,51.1,80.3
M041,161.4,14,45.7,70.7,30,52.6,82.2
M041,161.4,14,45.7,70.7,32,53.1,83.9
M041,161.4,14,45.7,70.7,34,54.0,84.7
M041,161.4,14,45.7,70.7,36,54.7,86.4
M041,161.4,14,45.7,70.7,38,55.6,87.4
M041,161.4,14,45.7,70.7,40,56.8,89.6
M041,161.4,16,46.1,72.3,18,47.2,73.1
M041,161.4,16,46.1,72.3,20,47.7,75.0
M041,161.4,16,46.1,72.3,22,48.7,76.0
M041,161.4,16,46.1,72.3,24,49.6,78.0
M041,161.4,16,46.1,72.3,26,50.3,79.0
M041,161.4,16,46.1,72.3,28,51.1,80.3
M041,161.4,16,46.1,72.3,30,52.6,82.2
M041,161.4,16,46.1,72.3,32,53.1,83.9
M041,161.4,16,46.1,72.3,34,54.0,84.7
M041,161.4,16,46.1,72.3,36,54.7,86.4
M041,161.4,16,46.1,72.3,38,55.6,87.4
M041,161.4,16,46.1,72.3,40,56.8,89.6
M041,161.4,18,47.2,73.1,20,47.7,75.0
M041,161.4,18,47.2,73.1,22,48.7,76.0
M041,161.4,18,47.2,73.1,24,49.6,78.0
M041,161.4,18,47.2,73.1,26,50.3,79.0
M041,161.4,18,47.2,73.1,28,51.1,80.3
M041,161.4,18,47.2,73.1,30,52.6,82.2
M041,161.4,18,47.2,73.1,32,53.1,83.9
M041,161.4,18,47.2,73.1,34,54.0,84.7
M041,161.4,18,47.2,73.1,36,54.7,86.4
M041,161.4,18,47.2,73.1,38,55.6,87.4
M041,161.4,18,47.2,73.1,40,56.8,89.6
M041,161.4,20,47.7,75.0,22,48.7,76.0
M041,161.4,20,47.7,75.0,24,49.6,78.0
M041,161.4,20,47.7,75.0,26,50.3,79.0
M041,161.4,20,47.7,75.0,28,51.1,80.3
M041,161.4,20,47.7,75.0,30,52.6,82.2
M041,161.4,20,47.7,75.0,32,53.1,83.9
M041,161.4,20,47.7,75.0,34,54.0,84.7
M041,161.4,20,47.7,75.0,36,54.7,86.4
M041,161.4,20,47.7,75.0,38,55.6,87.4
M041,161.4,20,47.7,75.0,40,56.8,89.6
M041,161.4,22,48.7,76.0,24,49.6,78.0
M041,161.4,22,48.7,76.0,26,50.3,79.0
M041,161.4,22,48.7,76.0,28,51.1,80.3
M041,161.4,22,48.7,76.0,30,52.6,82.2
M041,161.4,22,48.7,76.0,32,53.1,83.9
M041,161.4,22,48.7,76.0,34,54.0,84.7
M041,161.4,22,48.7,76.0,36,54.7,86.4
M041,161.4,22,48.7,76.0,38,55.6,87.4
M041,161.4,22,48.7,76.0,40,56.8,89.6
M041,161.4,24,49.6,78.0,26,50.3,79.0
M041,161.4,24,49.6,78.0,28,51.1,80.3
M041,161.4,24,49.6,78.0,30,52.6,82.2
M041,161.4,24,49.6,78.0,32,53.1,83.9
M041,161.4,24,49.6,78.0,34,54.0,84.7
M041,161.4,24,49.6,78.0,36,54.7,86.4
M041,161.4,24,49.6,78.0,38,55.6,87.4
M041,161.4,24,49.6,78.0,40,56.8,89.6
M041,161.4,26,50.3,79.0,28,51.1,80.3
M041,161.4,26,50.3,79.0,30,52.6,82.2
M041,161.4,26,50.3,79.0,32,53.1,83.9
M041,161.4,26,50.3,79.0,34,54.0,84.7
M041,161.4,26,50.3,79.0,36,54.7,86.4
M041,161.4,26,50.3,79.0,38,55.6,87.4
M041,161.4,26,50.3,79.0,40,56.8,89.6
M041,161.4,28,51.1,80.3,30,52.6,82.2
M041,161.4,28,51.1,80.3,32,53.1,83.9
M041,161.4,28,51.1,80.3,34,54.0,84.7
M041,161.4,28,51.1,80.3,36,54.7,86.4
M041,161.4,28,51.1,80.3,38,55.6,87.4
M041,161.4,28,51.1,80.3,40,56.8,89.6
M041,161.4,30,52.6,82.2,32,53.1,83.9
M041,161.4,30,52.6,82.2,34,54.0,84.7
M041,161.4,30,52.6,82.2,36,54.7,86.4
M041,161.4,30,52.6,82.2,38,55.6,87.4
M041,161.4,30,52.6,82.2,40,56.8,89.6
M041,161.4,32,53.1,83.9,34,54.0,84.7
M041,161.4,32,53.1,83.9,36,54.7,86.4
M041,161.4,32,53.1,83.9,38,55.6,87.4
M041,161.4,32,53.1,83.9,40,56.8,89.6
M041,161.4,34,54.0,84.7,36,54.7,86.4
M041,161.4,34,54.0,84.7,38,55.6,87.4
M041,161.4,34,54.0,84.7,40,56.8,89.6
M041,161.4,36,54.7,86.4,38,55.6,87.4
M041,161.4,36,54.7,86.4,40,56.8,89.6
M041,161.4,38,55.6,87.4,40,56.8,89.6
M042,174.2,12,62.2,75.5,14,62.6,76.4
M042,174.2,12,62.2,75.5,16,63.4,77.8
M042,174.2,12,62.2,75.5,18,64.2,78.8
M042,174.2,12,62.2,75.5,20,65.3,80.2
M042,174.2,12,62.2,75.5,22,66.2,81.4
M042,174.2,12,62.2,75.5,24,67.4,82.1
M042,174.2,12,62.2,75.5,26,68.5,83.4
M042,174.2,12,62.2,75.5,28,69.4,85.1
M042,174.2,12,62.2,75.5,30,70.6,86.1
M042,174.2,12,62.2,75.5,32,71.6,87.3
M042,174.2,12,62.2,75.5,34,73.1,88.5
M042,174.2,12,62.2,75.5,36,73.8,89.8
M042,174.2,12,62.2,75.5,38,74.9,91.9
M042,174.2,12,62.2,75.5,40,76.0,92.6
M042,174.2,14,62.6,76.4,16,63.4,77.8
M042,174.2,14,62.6,76.4,18,64.2,78.8
M042,174.2,14,62.6,76.4,20,65.3,80.2
M042,174.2,14,62.6,76.4,22,66.2,81.4
M042,174.2,14,62.6,76.4,24,67.4,82.1
M042,174.2,14,62.6,76.4,26,68.5,83.4
M042,174.2,14,62.6,76.4,28,69.4,85.1
M042,174.2,14,62.6,76.4,30,70.6,86.1
M042,174.2,14,62.6,76.4,32,71.6,87.3
M042,174.2,14,62.6,76.4,34,73.1,88.5
M042,174.2,14,62.6,76.4,36,73.8,89.8
M042,174.2,14,62.6,76.4,38,74.9,91.9
M042,174.2,14,62.6,76.4,40,76.0,92.6
M042,174.2,16,63.4,77.8,18,64.2,78.8
M042,174.2,16,63.4,77.8,20,65.3,80.2
M042,174.2,16,63.4,77.8,22,66.2,81.4
M042,174.2,16,63.4,77.8,24,67.4,82.1
M042,174.2,16,63.4,77.8,26,68.5,83.4
M042,174.2,16,63.4,77.8,28,69.4,85.1
M042,174.2,16,63.4,77.8,30,70.6,86.1
M042,174.2,16,63.4,77.8,32,71.6,87.3
M042,174.2,16,63.4,77.8,34,73.1,88.5
M042,174.2,16,63.4,77.8,36,73.8,89.8
M042,174.2,16,63.4,77.8,38,74.9,91.9
M042,174.2,16,63.4,77.8,40,76.0,92.6
M042,174.2,18,64.2,78.8,20,65.3,80.2
M042,174.2,18,64.2,78.8,22,66.2,81.4
M042,174.2,18,64.2,78.8,24,67.4,82.1
M042,174.2,18,64.2,78.8,26,68.5,83.4
M042,174.2,18,64.2,78.8,28,69.4,85.1
M042,174.2,18,64.2,78.8,30,70.6,86.1
M042,174.2,18,64.2,78.8,32,71.6,87.3
M042,174.2,18,64.2,78.8,34,73.1,88.5
M042,174.2,18,64.2,78.8,36,73.8,89.8
M042,174.2,18,64.2,78.8,38,74.9,91.9
M042,174.2,18,64.2,78.8,40,76.0,92.6
M042,174.2,20,65.3,80.2,22,66.2,81.4
M042,174.2,20,65.3,80.2,24,67.4,82.1
M042,174.2,20,65.3,80.2,26,68.5,83.4
M042,174.2,20,65.3,80.2,28,69.4,85.1
M042,174.2,20,65.3,80.2,30,70.6,86.1
M042,174.2,20,65.3,80.2,32,71.6,87.3
M042,174.2,20,65.3,80.2,34,73.1,88.5
M042,174.2,20,65.3,80.2,36,73.8,89.8
M042,174.2,20,65.3,80.2,38,74.9,91.9
M042,174.2,20,65.3,80.2,40,76.0,92.6
M042,174.2,22,66.2,81.4,24,67.4,82.1
M042,174.2,22,66.2,81.4,26,68.5,83.4
M042,174.2,22,66.2,81.4,28,69.4,85.1
M042,174.2,22,66.2,81.4,30,70.6,86.1
M042,174.2,22,66.2,81.4,32,71.6,87.3
M042,174.2,22,66.2,81.4,34,73.1,88.5
M042,174.2,22,66.2,81.4,36,73.8,89.8
M042,174.2,22,66.2,81.4,38,74.9,91.9
M042,174.2,22,66.2,81.4,40,76.0,92.6
M042,174.2,24,67.4,82.1,26,68.5,83.4
M042,174.2,24,67.4,82.1,28,69.4,85.1
M042,174.2,24,67.4,82.1,30,70.6,86.1
M042,174.2,24,67.4,82.1,32,71.6,87.3
M042,174.2,24,67.4,82.1,34,73.1,88.5
M042,174.2,24,67.4,82.1,36,73.8,89.8
M042,174.2,24,67.4,82.1,38,74.9,91.9
M042,174.2,24,67.4,82.1,40,76.0,92.6
M042,174.2,26,68.5,83.4,28,69.4,85.1
M042,174.2,26,68.5,83.4,30,70.6,86.1
M042,174.2,26,68.5,83.4,32,71.6,87.3
M042,174.2,26,68.5,83.4,34,73.1,88.5
M042,174.2,26,68.5,83.4,36,73.8,89.8
M042,174.2,26,68.5,83.4,38,74.9,91.9
M042,174.2,26,68.5,83.4,40,76.0,92.6
M042,174.2,28,69.4,85.1,30,70.6,86.1
M042,174.2,28,69.4,85.1,32,71.6,87.3
M042,174.2,28,69.4,85.1,34,73.1,88.5
M042,174.2,28,69.4,85.1,36,73.8,89.8
M042,174.2,28,69.4,85.1,38,74.9,91.9
M042,174.2,28,69.4,85.1,40,76.0,92.6
M042,174.2,30,70.6,86.1,32,71.6,87.3
M042,174.2,30,70.6,86.1,34,73.1,88.5
M042,174.2,30,70.6,86.1,36,73.8,89.8
M042,174.2,30,70.6,86.1,38,74.9,91.9
M042,174.2,30,70.6,86.1,40,76.0,92.6
M042,174.2,32,71.6,87.3,34,73.1,88.5
M042,174.2,32,71.6,87.3,36,73.8,89.8
M042,174.2,32,71.6,87.3,38,74.9,91.9
M042,174.2,32,71.6,87.3,40,76.0,92.6
M042,174.2,34,73.1,88.5,36,73.8,89.8
M042,174.2,34,73.1,88.5,38,74.9,91.9
M042,174.2,34,73.1,88.5,40,76.0,92.6
M042,174.2,36,73.8,89.8,38,74.9,91.9
M042,174.2,36,73.8,89.8,40,76.0,92.6
M042,174.2,38,74.9,91.9,40,76.0,92.6
M043,162.5,12,60.2,81.4,14,61.0,82.7
M043,162.5,12,60.2,81.4,16,61.5,83.2
M043,162.5,12,60.2,81.4,18,62.2,84.5
M043,162.5,12,60.2,81.4,20,63.1,85.8
M043,162.5,12,60.2,81.4,22,63.8,87.0
M043,162.5,12,60.2,81.4,24,64.3,88.6
M043,162.5,12,60.2,81.4,26,65.6,89.4
M043,162.5,12,60.2,81.4,28,66.1,90.9
M043,162.5,12,60.2,81.4,30,66.8,92.5
M043,162.5,12,60.2,81.4,32,67.6,93.2
M043,162.5,12,60.2,81.4,34,68.7,94.6
M043,162.5,12,60.2,81.4,36,69.0,95.0
M043,162.5,12,60.2,81.4,38,70.0,97.6
M043,162.5,12,60.2,81.4,40,71.1,98.1
M043,162.5,14,61.0,82.7,16,61.5,83.2
M043,162.5,14,61.0,82.7,18,62.2,84.5
M043,162.5,14,61.0,82.7,20,63.1,85.8
M043,162.5,14,61.0,82.7,22,63.8,87.0
M043,162.5,14,61.0,82.7,24,64.3,88.6
M043,162.5,14,61.0,82.7,26,65.6,89.4
M043,162.5,14,61.0,82.7,28,66.1,90.9
M043,162.5,14,61.0,82.7,30,66.8,92.5
M043,162.5,14,61.0,82.7,32,67.6,93.2
M043,162.5,14,61.0,82.7,34,68.7,94.6
M043,162.5,14,61.0,82.7,36,69.0,95.0
M043,162.5,14,61.0,82.7,38,70.0,97.6
M043,162.5,14,61.0,82.7,40,71.1,98.1
M043,162.5,16,61.5,83.2,18,62.2,84.5
M043,162.5,16,61.5,83.2,20,63.1,85.8
M043,162.5,16,61.5,83.2,22,63.8,87.0
M043,162.5,16,61.5,83.2,24,64.3,88.6
M043,162.5,16,61.5,83.2,26,65.6,89.4
M043,162.5,16,61.5,83.2,28,66.1,90.9
M043,162.5,16,61.5,83.2,30,66.8,92.5
M043,162.5,16,61.5,83.2,32,67.6,93.2
M043,162.5,16,61.5,83.2,34,68.7,94.6
M043,162.5,16,61.5,83.2,36,69.0,95.0
M043,162.5,16,61.5,83.2,38,70.0,97.6
M043,162.5,16,61.5,83.2,40,71.1,98.1
M043,162.5,18,62.2,84.5,20,63.1,85.8
M043,162.5,18,62.2,84.5,22,63.8,87.0
M043,162.5,18,62.2,84.5,24,64.3,88.6
M043,162.5,18,62.2,84.5,26,65.6,89.4
M043,162.5,18,62.2,84.5,28,66.1,90.9
M043,162.5,18,62.2,84.5,30,66.8,92.5
M043,162.5,18,62.2,84.5,32,67.6,93.2
M043,162.5,18,62.2,84.5,34,68.7,94.6
M043,162.5,18,62.2,84.5,36,69.0,95.0
M043,162.5,18,62.2,84.5,38,70.0,97.6
M043,162.5,18,62.2,84.5,40,71.1,98.1
M043,162.5,20,63.1,85.8,22,63.8,87.0
M043,162.5,20,63.1,85.8,24,64.3,88.6
M043,162.5,20,63.1,85.8,26,65.6,89.4
M043,162.5,20,63.1,85.8,28,66.1,90.9
M043,162.5,20,63.1,85.8,30,66.8,92.5
M043,162.5,20,63.1,85.8,32,67.6,93.2
M043,162.5,20,63.1,85.8,34,68.7,94.6
M043,162.5,20,63.1,85.8,36,69.0,95.0
M043,162.5,20,63.1,85.8,38,70.0,97.6
M043,162.5,20,63.1,85.8,40,71.1,98.1
M043,162.5,22,63.8,87.0,24,64.3,88.6
M043,162.5,22,63.8,87.0,26,65.6,89.4
M043,162.5,22,63.8,87.0,28,66.1,90.9
M043,162.5,22,63.8,87.0,30,66.8,92.5
M043,162.5,22,63.8,87.0,32,67.6,93.2
M043,162.5,22,63.8,87.0,34,68.7,94.6
M043,162.5,22,63.8,87.0,36,69.0,95.0
M043,162.5,22,63.8,87.0,38,70.0,97.6
M043,162.5,22,63.8,87.0,40,71.1,98.1
M043,162.5,24,64.3,88.6,26,65.6,89.4
M043,162.5,24,64.3,88.6,28,66.1,90.9
M043,162.5,24,64.3,88.6,30,66.8,92.5
M043,162.5,24,64.3,88.6,32,67.6,93.2
M043,162.5,24,64.3,88.6,34,68.7,94.6
M043,162.5,24,64.3,88.6,36,69.0,95.0
M043,162.5,24,64.3,88.6,38,70.0,97.6
M043,162.5,24,64.3,88.6,40,71.1,98.1
M043,162.5,26,65.6,89.4,28,66.1,90.9
M043,162.5,26,65.6,89.4,30,66.8,92.5
M043,162.5,26,65.6,89.4,32,67.6,93.2
M043,162.5,26,65.6,89.4,34,68.7,94.6
M043,162.5,26,65.6,89.4,36,69.0,95.0
M043,162.5,26,65.6,89.4,38,70.0,97.6
M043,162.5,26,65.6,89.4,40,71.1,98.1
M043,162.5,28,66.1,90.9,30,66.8,92.5
M043,162.5,28,66.1,90.9,32,67.6,93.2
M043,162.5,28,66.1,90.9,34,68.7,94.6
M043,162.5,28,66.1,90.9,36,69.0,95.0
M043,162.5,28,66.1,90.9,38,70.0,97.6
M043,162.5,28,66.1,90.9,40,71.1,98.1
M043,162.5,30,66.8,92.5,32,67.6,93.2
M043,162.5,30,66.8,92.5,34,68.7,94.6
M043,162.5,30,66.8,92.5,36,69.0,95.0
M043,162.5,30,66.8,92.5,38,70.0,97.6
M043,162.5,30,66.8,92.5,40,71.1,98.1
M043,162.5,32,67.6,93.2,34,68.7,94.6
M043,162.5,32,67.6,93.2,36,69.0,95.0
M043,162.5,32,67.6,93.2,38,70.0,97.6
M043,162.5,32,67.6,93.2,40,71.1,98.1
M043,162.5,34,68.7,94.6,36,69.0,95.0
M043,162.5,34,68.7,94.6,38,70.0,97.6
M043,162.5,34,68.7,94.6,40,71.1,98.1
M043,162.5,36,69.0,95.0,38,70.0,97.6
M043,162.5,36,69.0,95.0,40,71.1,98.1
M043,162.5,38,70.0,97.6,40,71.1,98.1
M044,171.7,12,51.9,73.4,14,52.9,74.9
M044,171.7,12,51.9,73.4,16,53.3,75.8
M044,171.7,12,51.9,73.4,18,54.1,77.6
M044,171.7,12,51.9,73.4,20,55.0,78.3
M044,171.7,12,51.9,73.4,22,55.6,80.2
M044,171.7,12,51.9,73.4,24,56.6,80.5
M044,171.7,12,51.9,73.4,26,57.8,81.5
M044,171.7,12,51.9,73.4,28,58.4,83.2
M044,171.7,12,51.9,73.4,30,59.3,84.1
M044,171.7,12,51.9,73.4,32,60.0,86.0
M044,171.7,12,51.9,73.4,34,61.0,85.9
M044,171.7,12,51.9,73.4,36,61.6,87.2
M044,171.7,12,51.9,73.4,38,62.8,88.8
M044,171.7,12,51.9,73.4,40,63.7,89.9
M044,171.7,14,52.9,74.9,16,53.3,75.8
M044,171.7,14,52.9,74.9,18,54.1,77.6
M044,171.7,14,52.9,74.9,20,55.0,78.3
M044,171.7,14,52.9,74.9,22,55.6,80.2
M044,171.7,14,52.9,74.9,24,56.6,80.5
M044,171.7,14,52.9,74.9,26,57.8,81.5
M044,171.7,14,52.9,74.9,28,58.4,83.2
M044,171.7,14,52.9,74.9,30,59.3,84.1
M044,171.7,14,52.9,74.9,32,60.0,86.0
M044,171.7,14,52.9,74.9,34,61.0,85.9
M044,171.7,14,52.9,74.9,36,61.6,87.2
M044,171.7,14,52.9,74.9,38,62.8,88.8
M044,171.7,14,52.9,74.9,40,63.7,89.9
M044,171.7,16,53.3,75.8,18,54.1,77.6
M044,171.7,16,53.3,75.8,20,55.0,78.3
M044,171.7,16,53.3,75.8,22,55.6,80.2
M044,171.7,16,53.3,75.8,24,56.6,80.5
M044,171.7,16,53.3,75.8,26,57.8,81.5
M044,171.7,16,53.3,75.8,28,58.4,83.2
M044,171.7,16,53.3,75.8,30,59.3,84.1
M044,171.7,16,53.3,75.8,32,60.0,86.0
M044,171.7,16,53.3,75.8,34,61.0,85.9
M044,171.7,16,53.3,75.8,36,61.6,87.2
M044,171.7,16,53.3,75.8,38,62.8,88.8
M044,171.7,16,53.3,75.8,40,63.7,89.9
M044,171.7,18,54.1,77.6,20,55.0,78.3
M044,171.7,18,54.1,77.6,22,55.6,80.2
M044,171.7,18,54.1,77.6,24,56.6,80.5
M044,171.7,18,54.1,77.6,26,57.8,81.5
M044,171.7,18,54.1,77.6,28,58.4,83.2
M044,171.7,18,54.1,77.6,30,59.3,84.1
M044,171.7,18,54.1,77.6,32,60.0,86.0
M044,171.7,18,54.1,77.6,34,61.0,85.9
M044,171.7,18,54.1,77.6,36,61.6,87.2
M044,171.7,18,54.1,77.6,38,62.8,88.8
M044,171.7,18,54.1,77.6,40,63.7,89.9
M044,171.7,20,55.0,78.3,22,55.6,80.2
M044,171.7,20,55.0,78.3,24,56.6,80.5
M044,171.7,20,55.0,78.3,26,57.8,81.5
M044,171.7,20,55.0,78.3,28,58.4,83.2
M044,171.7,20,55.0,78.3,30,59.3,84.1
M044,171.7,20,55.0,78.3,32,60.0,86.0
M044,171.7,20,55.0,78.3,34,61.0,85.9
M044,171.7,20,55.0,78.3,36,61.6,87.2
M044,171.7,20,55.0,78.3,38,62.8,88.8
M044,171.7,20,55.0,78.3,40,63.7,89.9
M044,171.7,22,55.6,80.2,24,56.6,80.5
M044,171.7,22,55.6,80.2,26,57.8,81.5
M044,171.7,22,55.6,80.2,28,58.4,83.2
M044,171.7,22,55.6,80.2,30,59.3,84.1
M044,171.7,22,55.6,80.2,32,60.0,86.0
M044,171.7,22,55.6,80.2,34,61.0,85.9
M044,171.7,22,55.6,80.2,36,61.6,87.2
M044,171.7,22,55.6,80.2,38,62.8,88.8
M044,171.7,22,55.6,80.2,40,63.7,89.9
M044,171.7,24,56.6,80.5,26,57.8,81.5
M044,171.7,24,56.6,80.5,28,58.4,83.2
M044,171.7,24,56.6,80.5,30,59.3,84.1
M044,171.7,24,56.6,80.5,32,60.0,86.0
M044,171.7,24,56.6,80.5,34,61.0,85.9
M044,171.7,24,56.6,80.5,36,61.6,87.2
M044,171.7,24,56.6,80.5,38,62.8,88.8
M044,171.7,24,56.6,80.5,40,63.7,89.9
M044,171.7,26,57.8,81.5,28,58.4,83.2
M044,171.7,26,57.8,81.5,30,59.3,84.1
M044,171.7,26,57.8,81.5,32,60.0,86.0
M044,171.7,26,57.8,81.5,34,61.0,85.9
M044,171.7,26,57.8,81.5,36,61.6,87.2
M044,171.7,26,57.8,81.5,38,62.8,88.8
M044,171.7,26,57.8,81.5,40,63.7,89.9
M044,171.7,28,58.4,83.2,30,59.3,84.1
M044,171.7,28,58.4,83.2,32,60.0,86.0
M044,171.7,28,58.4,83.2,34,61.0,85.9
M044,171.7,28,58.4,83.2,36,61.6,87.2
M044,171.7,28,58.4,83.2,38,62.8,88.8
M044,171.7,28,58.4,83.2,40,63.7,89.9
M044,171.7,30,59.3,84.1,32,60.0,86.0
M044,171.7,30,59.3,84.1,34,61.0,85.9
M044,171.7,30,59.3,84.1,36,61.6,87.2
M044,171.7,30,59.3,84.1,38,62.8,88.8
M044,171.7,30,59.3,84.1,40,63.7,89.9
M044,171.7,32,60.0,86.0,34,61.0,85.9
M044,171.7,32,60.0,86.0,36,61.6,87.2
M044,171.7,32,60.0,86.0,38,62.8,88.8
M044,171.7,32,60.0,86.0,40,63.7,89.9
M044,171.7,34,61.0,85.9,36,61.6,87.2
M044,171.7,34,61.0,85.9,38,62.8,88.8
M044,171.7,34,61.0,85.9,40,63.7,89.9
M044,171.7,36,61.6,87.2,38,62.8,88.8
M044,171.7,36,61.6,87.2,40,63.7,89.9
M044,171.7,38,62.8,88.8,40,63.7,89.9
M045,161.5,12,55.8,73.4,14,56.0,74.3
M045,161.5,12,55.8,73.4,16,56.9,75.6
M045,161.5,12,55.8,73.4,18,57.4,77.3
M045,161.5,12,55.8,73.4,20,58.4,78.3
M045,161.5,12,55.8,73.4,22,59.4,80.0
M045,161.5,12,55.8,73.4,24,60.4,81.1
M045,161.5,12,55.8,73.4,26,61.1,82.8
M045,161.5,12,55.8,73.4,28,62.2,84.1
M045,161.5,12,55.8,73.4,30,63.3,85.7
M045,161.5,12,55.8,73.4,32,63.8,87.1
M045,161.5,12,55.8,73.4,34,65.0,88.3
M045,161.5,12,55.8,73.4,36,66.0,90.1
M045,161.5,12,55.8,73.4,38,66.9,91.4
M045,161.5,12,55.8,73.4,40,68.2,93.0
M045,161.5,14,56.0,74.3,16,56.9,75.6
M045,161.5,14,56.0,74.3,18,57.4,77.3
M045,161.5,14,56.0,74.3,20,58.4,78.3
M045,161.5,14,56.0,74.3,22,59.4,80.0
M045,161.5,14,56.0,74.3,24,60.4,81.1
M045,161.5,14,56.0,74.3,26,61.1,82.8
M045,161.5,14,56.0,74.3,28,62.2,84.1
M045,161.5,14,56.0,74.3,30,63.3,85.7
M045,161.5,14,56.0,74.3,32,63.8,87.1
M045,161.5,14,56.0,74.3,34,65.0,88.3
M045,161.5,14,56.0,74.3,36,66.0,90.1
M045,161.5,14,56.0,74.3,38,66.9,91.4
M045,161.5,14,56.0,74.3,40,68.2,93.0
M045,161.5,16,56.9,75.6,18,57.4,77.3
M045,161.5,16,56.9,75.6,20,58.4,78.3
M045,161.5,16,56.9,75.6,22,59.4,80.0
M045,161.5,16,56.9,75.6,24,60.4,81.1
M045,161.5,16,56.9,75.6,26,61.1,82.8
M045,161.5,16,56.9,75.6,28,62.2,84.1
M045,161.5,16,56.9,75.6,30,63.3,85.7
M045,161.5,16,56.9,75.6,32,63.8,87.1
M045,161.5,16,56.9,75.6,34,65.0,88.3
M045,161.5,16,56.9,75.6,36,66.0,90.1
M045,161.5,16,56.9,75.6,38,66.9,91.4
M045,161.5,16,56.9,75.6,40,68.2,93.0
M045,161.5,18,57.4,77.3,20,58.4,78.3
M045,161.5,18,57.4,77.3,22,59.4,80.0
M045,161.5,18,57.4,77.3,24,60.4,81.1
M045,161.5,18,57.4,77.3,26,61.1,82.8
M045,161.5,18,57.4,77.3,28,62.2,84.1
M045,161.5,18,57.4,77.3,30,63.3,85.7
M045,161.5,18,57.4,77.3,32,63.8,87.1
M045,161.5,18,57.4,77.3,34,65.0,88.3
M045,161.5,18,57.4,77.3,36,66.0,90.1
M045,161.5,18,57.4,77.3,38,66.9,91.4
M045,161.5,18,57.4,77.3,40,68.2,93.0
M045,161.5,20,58.4,78.3,22,59.4,80.0
M045,161.5,20,58.4,78.3,24,60.4,81.1
M045,161.5,20,58.4,78.3,26,61.1,82.8
M045,161.5,20,58.4,78.3,28,62.2,84.1
M045,161.5,20,58.4,78.3,30,63.3,85.7
M045,161.5,20,58.4,78.3,32,63.8,87.1
M045,161.5,20,58.4,78.3,34,65.0,88.3
M045,161.5,20,58.4,78.3,36,66.0,90.1
M045,161.5,20,58.4,78.3,38,66.9,91.4
M045,161.5,20,58.4,78.3,40,68.2,93.0
M045,161.5,22,59.4,80.0,24,60.4,81.1
M045,161.5,22,59.4,80.0,26,61.1,82.8
M045,161.5,22,59.4,80.0,28,62.2,84.1
M045,161.5,22,59.4,80.0,30,63.3,85.7
M045,161.5,22,59.4,80.0,32,63.8,87.1
M045,161.5,22,59.4,80.0,34,65.0,88.3
M045,161.5,22,59.4,80.0,36,66.0,90.1
M045,161.5,22,59.4,80.0,38,66.9,91.4
M045,161.5,22,59.4,80.0,40,68.2,93.0
M045,161.5,24,60.4,81.1,26,61.1,82.8
M045,161.5,24,60.4,81.1,28,62.2,84.1
M045,161.5,24,60.4,81.1,30,63.3,85.7
M045,161.5,24,60.4,81.1,32,63.8,87.1
M045,161.5,24,60.4,81.1,34,65.0,88.3
M045,161.5,24,60.4,81.1,36,66.0,90.1
M045,161.5,24,60.4,81.1,38,66.9,91.4
M045,161.5,24,60.4,81.1,40,68.2,93.0
M045,161.5,26,61.1,82.8,28,62.2,84.1
M045,161.5,26,61.1,82.8,30,63.3,85.7
M045,161.5,26,61.1,82.8,32,63.8,87.1
M045,161.5,26,61.1,82.8,34,65.0,88.3
M045,161.5,26,61.1,82.8,36,66.0,90.1
M045,161.5,26,61.1,82.8,38,66.9,91.4
M045,161.5,26,61.1,82.8,40,68.2,93.0
M045,161.5,28,62.2,84.1,30,63.3,85.7
M045,161.5,28,62.2,84.1,32,63.8,87.1
M045,161.5,28,62.2,84.1,34,65.0,88.3
M045,161.5,28,62.2,84.1,36,66.0,90.1
M045,161.5,28,62.2,84.1,38,66.9,91.4
M045,161.5,28,62.2,84.1,40,68.2,93.0
M045,161.5,30,63.3,85.7,32,63.8,87.1
M045,161.5,30,63.3,85.7,34,65.0,88.3
M045,161.5,30,63.3,85.7,36,66.0,90.1
M045,161.5,30,63.3,85.7,38,66.9,91.4
M045,161.5,30,63.3,85.7,40,68.2,93.0
M045,161.5,32,63.8,87.1,34,65.0,88.3
M045,161.5,32,63.8,87.1,36,66.0,90.1
M045,161.5,32,63.8,87.1,38,66.9,91.4
M045,161.5,32,63.8,87.1,40,68.2,93.0
M045,161.5,34,65.0,88.3,36,66.0,90.1
M045,161.5,34,65.0,88.3,38,66.9,91.4
M045,161.5,34,65.0,88.3,40,68.2,93.0
M045,161.5,36,66.0,90.1,38,66.9,91.4
M045,161.5,36,66.0,90.1,40,68.2,93.0
M045,161.5,38,66.9,91.4,40,68.2,93.0
M046,162.9,12,61.2,74.3,14,61.6,75.6
M046,162.9,12,61.2,74.3,16,62.4,76.4
M046,162.9,12,61.2,74.3,18,63.6,77.7
M046,162.9,12,61.2,74.3,20,63.9,79.7
M046,162.9,12,61.2,74.3,22,64.7,80.6
M046,162.9,12,61.2,74.3,24,65.6,82.2
M046,162.9,12,61.2,74.3,26,66.5,83.1
M046,162.9,12,61.2,74.3,28,67.3,84.6
M046,162.9,12,61.2,74.3,30,68.4,85.7
M046,162.9,12,61.2,74.3,32,69.4,87.7
M046,162.9,12,61.2,74.3,34,70.4,88.7
M046,162.9,12,61.2,74.3,36,70.9,89.7
M046,162.9,12,61.2,74.3,38,72.3,91.3
M046,162.9,12,61.2,74.3,40,73.0,92.5
M046,162.9,14,61.6,75.6,16,62.4,76.4
M046,162.9,14,61.6,75.6,18,63.6,77.7
M046,162.9,14,61.6,75.6,20,63.9,79.7
M046,162.9,14,61.6,75.6,22,64.7,80.6
M046,162.9,14,61.6,75.6,24,65.6,82.2
M046,162.9,14,61.6,75.6,26,66.5,83.1
M046,162.9,14,61.6,75.6,28,67.3,84.6
M046,162.9,14,61.6,75.6,30,68.4,85.7
M046,162.9,14,61.6,75.6,32,69.4,87.7
M046,162.9,14,61.6,75.6,34,70.4,88.7
M046,162.9,14,61.6,75.6,36,70.9,89.7
M046,162.9,14,61.6,75.6,38,72.3,91.3
M046,162.9,14,61.6,75.6,40,73.0,92.5
M046,162.9,16,62.4,76.4,18,63.6,77.7
M046,162.9,16,62.4,76.4,20,63.9,79.7
M046,162.9,16,62.4,76.4,22,64.7,80.6
M046,162.9,16,62.4,76.4,24,65.6,82.2
M046,162.9,16,62.4,76.4,26,66.5,83.1
M046,162.9,16,62.4,76.4,28,67.3,84.6
M046,162.9,16,62.4,76.4,30,68.4,85.7
M046,162.9,16,62.4,76.4,32,69.4,87.7
M046,162.9,16,62.4,76.4,34,70.4,88.7
M046,162.9,16,62.4,76.4,36,70.9,89.7
M046,162.9,16,62.4,76.4,38,72.3,91.3
M046,162.9,16,62.4,76.4,40,73.0,92.5
M046,162.9,18,63.6,77.7,20,63.9,79.7
M046,162.9,18,63.6,77.7,22,64.7,80.6
M046,162.9,18,63.6,77.7,24,65.6,82.2
M046,162.9,18,63.6,77.7,26,66.5,83.1
M046,162.9,18,63.6,77.7,28,67.3,84.6
M046,162.9,18,63.6,77.7,30,68.4,85.7
M046,162.9,18,63.6,77.7,32,69.4,87.7
M046,162.9,18,63.6,77.7,34,70.4,88.7
M046,162.9,18,63.6,77.7,36,70.9,89.7
M046,162.9,18,63.6,77.7,38,72.3,91.3
M046,162.9,18,63.6,77.7,40,73.0,92.5
M046,162.9,20,63.9,79.7,22,64.7,80.6
M046,162.9,20,63.9,79.7,24,65.6,82.2
M046,162.9,20,63.9,79.7,26,66.5,83.1
M046,162.9,20,63.9,79.7,28,67.3,84.6
M046,162.9,20,63.9,79.7,30,68.4,85.7
M046,162.9,20,63.9,79.7,32,69.4,87.7
M046,162.9,20,63.9,79.7,34,70.4,88.7
M046,162.9,20,63.9,79.7,36,70.9,89.7
M046,162.9,20,63.9,79.7,38,72.3,91.3
M046,162.9,20,63.9,79.7,40,73.0,92.5
M046,162.9,22,64.7,80.6,24,65.6,82.2
M046,162.9,22,64.7,80.6,26,66.5,83.1
M046,162.9,22,64.7,80.6,28,67.3,84.6
M046,162.9,22,64.7,80.6,30,68.4,85.7
M046,162.9,22,64.7,80.6,32,69.4,87.7
M046,162.9,22,64.7,80.6,34,70.4,88.7
M046,162.9,22,64.7,80.6,36,70.9,89.7
M046,162.9,22,64.7,80.6,38,72.3,91.3
M046,162.9,22,64.7,80.6,40,73.0,92.5
M046,162.9,24,65.6,82.2,26,66.5,83.1
M046,162.9,24,65.6,82.2,28,67.3,84.6
M046,162.9,24,65.6,82.2,30,68.4,85.7
M046,162.9,24,65.6,82.2,32,69.4,87.7
M046,162.9,24,65.6,82.2,34,70.4,88.7
M046,162.9,24,65.6,82.2,36,70.9,89.7
M046,162.9,24,65.6,82.2,38,72.3,91.3
M046,162.9,24,65.6,82.2,40,73.0,92.5
M046,162.9,26,66.5,83.1,28,67.3,84.6
M046,162.9,26,66.5,83.1,30,68.4,85.7
M046,162.9,26,66.5,83.1,32,69.4,87.7
M046,162.9,26,66.5,83.1,34,70.4,88.7
M046,162.9,26,66.5,83.1,36,70.9,89.7
M046,162.9,26,66.5,83.1,38,72.3,91.3
M046,162.9,26,66.5,83.1,40,73.0,92.5
M046,162.9,28,67.3,84.6,30,68.4,85.7
M046,162.9,28,67.3,84.6,32,69.4,87.7
M046,162.9,28,67.3,84.6,34,70.4,88.7
M046,162.9,28,67.3,84.6,36,70.9,89.7
M046,162.9,28,67.3,84.6,38,72.3,91.3
M046,162.9,28,67.3,84.6,40,73.0,92.5
M046,162.9,30,68.4,85.7,32,69.4,87.7
M046,162.9,30,68.4,85.7,34,70.4,88.7
M046,162.9,30,68.4,85.7,36,70.9,89.7
M046,162.9,30,68.4,85.7,38,72.3,91.3
M046,162.9,30,68.4,85.7,40,73.0,92.5
M046,162.9,32,69.4,87.7,34,70.4,88.7
M046,162.9,32,69.4,87.7,36,70.9,89.7
M046,162.9,32,69.4,87.7,38,72.3,91.3
M046,162.9,32,69.4,87.7,40,73.0,92.5
M046,162.9,34,70.4,88.7,36,70.9,89.7
M046,162.9,34,70.4,88.7,38,72.3,91.3
M046,162.9,34,70.4,88.7,40,73.0,92.5
M046,162.9,36,70.9,89.7,38,72.3,91.3
M046,162.9,36,70.9,89.7,40,73.0,92.5
M046,162.9,38,72.3,91.3,40,73.0,92.5
M047,164.7,12,63.1,90.4,14,63.6,90.8
M047,164.7,12,63.1,90.4,16,64.1,91.0
M047,164.7,12,63.1,90.4,18,64.7,91.9
M047,164.7,12,63.1,90.4,20,65.7,93.2
M047,164.7,12,63.1,90.4,22,66.4,94.5
M047,164.7,12,63.1,90.4,24,67.0,95.5
M047,164.7,12,63.1,90.4,26,67.6,96.4
M047,164.7,12,63.1,90.4,28,68.4,97.2
M047,164.7,12,63.1,90.4,30,69.3,98.1
M047,164.7,12,63.1,90.4,32,69.9,99.0
M047,164.7,12,63.1,90.4,34,71.0,100.1
M047,164.7,12,63.1,90.4,36,71.8,100.7
M047,164.7,12,63.1,90.4,38,72.2,101.5
M047,164.7,12,63.1,90.4,40,73.4,102.8
M047,164.7,14,63.6,90.8,16,64.1,91.0
M047,164.7,14,63.6,90.8,18,64.7,91.9
M047,164.7,14,63.6,90.8,20,65.7,93.2
M047,164.7,14,63.6,90.8,22,66.4,94.5
M047,164.7,14,63.6,90.8,24,67.0,95.5
M047,164.7,14,63.6,90.8,26,67.6,96.4
M047,164.7,14,63.6,90.8,28,68.4,97.2
M047,164.7,14,63.6,90.8,30,69.3,98.1
M047,164.7,14,63.6,90.8,32,69.9,99.0
M047,164.7,14,63.6,90.8,34,71.0,100.1
M047,164.7,14,63.6,90.8,36,71.8,100.7
M047,164.7,14,63.6,90.8,38,72.2,101.5
M047,164.7,14,63.6,90.8,40,73.4,102.8
M047,164.7,16,64.1,91.0,18,64.7,91.9
M047,164.7,16,64.1,91.0,20,65.7,93.2
M047,164.7,16,64.1,91.0,22,66.4,94.5
M047,164.7,16,64.1,91.0,24,67.0,95.5
M047,164.7,16,64.1,91.0,26,67.6,96.4
M047,164.7,16,64.1,91.0,28,68.4,97.2
M047,164.7,16,64.1,91.0,30,69.3,98.1
M047,164.7,16,64.1,91.0,32,69.9,99.0
M047,164.7,16,64.1,91.0,34,71.0,100.1
M047,164.7,16,64.1,91.0,36,71.8,100.7
M047,164.7,16,64.1,91.0,38,72.2,101.5
M047,164.7,16,64.1,91.0,40,73.4,102.8
M047,164.7,18,64.7,91.9,20,65.7,93.2
M047,164.7,18,64.7,91.9,22,66.4,94.5
M047,164.7,18,64.7,91.9,24,67.0,95.5
M047,164.7,18,64.7,91.9,26,67.6,96.4
M047,164.7,18,64.7,91.9,28,68.4,97.2
M047,164.7,18,64.7,91.9,30,69.3,98.1
M047,164.7,18,64.7,91.9,32,69.9,99.0
M047,164.7,18,64.7,91.9,34,71.0,100.1
M047,164.7,18,64.7,91.9,36,71.8,100.7
M047,164.7,18,64.7,91.9,38,72.2,101.5
M047,164.7,18,64.7,91.9,40,73.4,102.8
M047,164.7,20,65.7,93.2,22,66.4,94.5
M047,164.7,20,65.7,93.2,24,67.0,95.5
M047,164.7,20,65.7,93.2,26,67.6,96.4
M047,164.7,20,65.7,93.2,28,68.4,97.2
M047,164.7,20,65.7,93.2,30,69.3,98.1
M047,164.7,20,65.7,93.2,32,69.9,99.0
M047,164.7,20,65.7,93.2,34,71.0,100.1
M047,164.7,20,65.7,93.2,36,71.8,100.7
M047,164.7,20,65.7,93.2,38,72.2,101.5
M047,164.7,20,65.7,93.2,40,73.4,102.8
M047,164.7,22,66.4,94.5,24,67.0,95.5
M047,164.7,22,66.4,94.5,26,67.6,96.4
M047,164.7,22,66.4,94.5,28,68.4,97.2
M047,164.7,22,66.4,94.5,30,69.3,98.1
M047,164.7,22,66.4,94.5,32,69.9,99.0
M047,164.7,22,66.4,94.5,34,71.0,100.1
M047,164.7,22,66.4,94.5,36,71.8,100.7
M047,164.7,22,66.4,94.5,38,72.2,101.5
M047,164.7,22,66.4,94.5,40,73.4,102.8
M047,164.7,24,67.0,95.5,26,67.6,96.4
M047,164.7,24,67.0,95.5,28,68.4,97.2
M047,164.7,24,67.0,95.5,30,69.3,98.1
M047,164.7,24,67.0,95.5,32,69.9,99.0
M047,164.7,24,67.0,95.5,34,71.0,100.1
M047,164.7,24,67.0,95.5,36,71.8,100.7
M047,164.7,24,67.0,95.5,38,72.2,101.5
M047,164.7,24,67.0,95.5,40,73.4,102.8
M047,164.7,26,67.6,96.4,28,68.4,97.2
M047,164.7,26,67.6,96.4,30,69.3,98.1
M047,164.7,26,67.6,96.4,32,69.9,99.0
M047,164.7,26,67.6,96.4,34,71.0,100.1
M047,164.7,26,67.6,96.4,36,71.8,100.7
M047,164.7,26,67.6,96.4,38,72.2,101.5
M047,164.7,26,67.6,96.4,40,73.4,102.8
M047,164.7,28,68.4,97.2,30,69.3,98.1
M047,164.7,28,68.4,97.2,32,69.9,99.0
M047,164.7,28,68.4,97.2,34,71.0,100.1
M047,164.7,28,68.4,97.2,36,71.8,100.7
M047,164.7,28,68.4,97.2,38,72.2,101.5
M047,164.7,28,68.4,97.2,40,73.4,102.8
M047,164.7,30,69.3,98.1,32,69.9,99.0
M047,164.7,30,69.3,98.1,34,71.0,100.1
M047,164.7,30,69.3,98.1,36,71.8,100.7
M047,164.7,30,69.3,98.1,38,72.2,101.5
M047,164.7,30,69.3,98.1,40,73.4,102.8
M047,164.7,32,69.9,99.0,34,71.0,100.1
M047,164.7,32,69.9,99.0,36,71.8,100.7
M047,164.7,32,69.9,99.0,38,72.2,101.5
M047,164.7,32,69.9,99.0,40,73.4,102.8
M047,164.7,34,71.0,100.1,36,71.8,100.7
M047,164.7,34,71.0,100.1,38,72.2,101.5
M047,164.7,34,71.0,100.1,40,73.4,102.8
M047,164.7,36,71.8,100.7,38,72.2,101.5
M047,164.7,36,71.8,100.7,40,73.4,102.8
M047,164.7,38,72.2,101.5,40,73.4,102.8
M048,152.6,12,72.1,84.2,14,72.2,84.7
M048,152.6,12,72.1,84.2,16,73.1,85.3
M048,152.6,12,72.1,84.2,18,73.9,85.9
M048,152.6,12,72.1,84.2,20,74.8,86.2
M048,152.6,12,72.1,84.2,22,75.6,87.8
M048,152.6,12,72.1,84.2,24,76.7,87.7
M048,152.6,12,72.1,84.2,26,77.4,88.7
M048,152.6,12,72.1,84.2,28,78.4,89.7
M048,152.6,12,72.1,84.2,30,79.1,90.3
M048,152.6,12,72.1,84.2,32,80.6,91.0
M048,152.6,12,72.1,84.2,34,81.4,92.1
M048,152.6,12,72.1,84.2,36,82.5,92.5
M048,152.6,12,72.1,84.2,38,83.5,93.4
M048,152.6,12,72.1,84.2,40,84.4,94.1
M048,152.6,14,72.2,84.7,16,73.1,85.3
M048,152.6,14,72.2,84.7,18,73.9,85.9
M048,152.6,14,72.2,84.7,20,74.8,86.2
M048,152.6,14,72.2,84.7,22,75.6,87.8
M048,152.6,14,72.2,84.7,24,76.7,87.7
M048,152.6,14,72.2,84.7,26,77.4,88.7
M048,152.6,14,72.2,84.7,28,78.4,89.7
M048,152.6,14,72.2,84.7,30,79.1,90.3
M048,152.6,14,72.2,84.7,32,80.6,91.0
M048,152.6,14,72.2,84.7,34,81.4,92.1
M048,152.6,14,72.2,84.7,36,82.5,92.5
M048,152.6,14,72.2,84.7,38,83.5,93.4
M048,152.6,14,72.2,84.7,40,84.4,94.1
M048,152.6,16,73.1,85.3,18,73.9,85.9
M048,152.6,16,73.1,85.3,20,74.8,86.2
M048,152.6,16,73.1,85.3,22,75.6,87.8
M048,152.6,16,73.1,85.3,24,76.7,87.7
M048,152.6,16,73.1,85.3,26,77.4,88.7
M048,152.6,16,73.1,85.3,28,78.4,89.7
M048,152.6,16,73.1,85.3,30,79.1,90.3
M048,152.6,16,73.1,85.3,32,80.6,91.0
M048,152.6,16,73.1,85.3,34,81.4,92.1
M048,152.6,16,73.1,85.3,36,82.5,92.5
M048,152.6,16,73.1,85.3,38,83.5,93.4
M048,152.6,16,73.1,85.3,40,84.4,94.1
M048,152.6,18,73.9,85.9,20,74.8,86.2
M048,152.6,18,73.9,85.9,22,75.6,87.8
M048,152.6,18,73.9,85.9,24,76.7,87.7
M048,152.6,18,73.9,85.9,26,77.4,88.7
M048,152.6,18,73.9,85.9,28,78.4,89.7
M048,152.6,18,73.9,85.9,30,79.1,90.3
M048,152.6,18,73.9,85.9,32,80.6,91.0
M048,152.6,18,73.9,85.9,34,81.4,92.1
M048,152.6,18,73.9,85.9,36,82.5,92.5
M048,152.6,18,73.9,85.9,38,83.5,93.4
M048,152.6,18,73.9,85.9,40,84.4,94.1
M048,152.6,20,74.8,86.2,22,75.6,87.8
M048,152.6,20,74.8,86.2,24,76.7,87.7
M048,152.6,20,74.8,86.2,26,77.4,88.7
M048,152.6,20,74.8,86.2,28,78.4,89.7
M048,152.6,20,74.8,86.2,30,79.1,90.3
M048,152.6,20,74.8,86.2,32,80.6,91.0
M048,152.6,20,74.8,86.2,34,81.4,92.1
M048,152.6,20,74.8,86.2,36,82.5,92.5
M048,152.6,20,74.8,86.2,38,83.5,93.4
M048,152.6,20,74.8,86.2,40,84.4,94.1
M048,152.6,22,75.6,87.8,24,76.7,87.7
M048,152.6,22,75.6,87.8,26,77.4,88.7
M048,152.6,22,75.6,87.8,28,78.4,89.7
M048,152.6,22,75.6,87.8,30,79.1,90.3
M048,152.6,22,75.6,87.8,32,80.6,91.0
M048,152.6,22,75.6,87.8,34,81.4,92.1
M048,152.6,22,75.6,87.8,36,82.5,92.5
M048,152.6,22,75.6,87.8,38,83.5,93.4
M048,152.6,22,75.6,87.8,40,84.4,94.1
M048,152.6,24,76.7,87.7,26,77.4,88.7
M048,152.6,24,76.7,87.7,28,78.4,89.7
M048,152.6,24,76.7,87.7,30,79.1,90.3
M048,152.6,24,76.7,87.7,32,80.6,91.0
M048,152.6,24,76.7,87.7,34,81.4,92.1
M048,152.6,24,76.7,87.7,36,82.5,92.5
M048,152.6,24,76.7,87.7,38,83.5,93.4
M048,152.6,24,76.7,87.7,40,84.4,94.1
M048,152.6,26,77.4,88.7,28,78.4,89.7
M048,152.6,26,77.4,88.7,30,79.1,90.3
M048,152.6,26,77.4,88.7,32,80.6,91.0
M048,152.6,26,77.4,88.7,34,81.4,92.1
M048,152.6,26,77.4,88.7,36,82.5,92.5
M048,152.6,26,77.4,88.7,38,83.5,93.4
M048,152.6,26,77.4,88.7,40,84.4,94.1
M048,152.6,28,78.4,89.7,30,79.1,90.3
M048,152.6,28,78.4,89.7,32,80.6,91.0
M048,152.6,28,78.4,89.7,34,81.4,92.1
M048,152.6,28,78.4,89.7,36,82.5,92.5
M048,152.6,28,78.4,89.7,38,83.5,93.4
M048,152.6,28,78.4,89.7,40,84.4,94.1
M048,152.6,30,79.1,90.3,32,80.6,91.0
M048,152.6,30,79.1,90.3,34,81.4,92.1
M048,152.6,30,79.1,90.3,36,82.5,92.5
M048,152.6,30,79.1,90.3,38,83.5,93.4
M048,152.6,30,79.1,90.3,40,84.4,94.1
M048,152.6,32,80.6,91.0,34,81.4,92.1
M048,152.6,32,80.6,91.0,36,82.5,92.5
M048,152.6,32,80.6,91.0,38,83.5,93.4
M048,152.6,32,80.6,91.0,40,84.4,94.1
M048,152.6,34,81.4,92.1,36,82.5,92.5
M048,152.6,34,81.4,92.1,38,83.5,93.4
M048,152.6,34,81.4,92.1,40,84.4,94.1
M048,152.6,36,82.5,92.5,38,83.5,93.4
M048,152.6,36,82.5,92.5,40,84.4,94.1
M048,152.6,38,83.5,93.4,40,84.4,94.1
M049,153.2,12,49.3,74.2,14,49.0,75.0
M049,153.2,12,49.3,74.2,16,50.1,76.7
M049,153.2,12,49.3,74.2,18,50.1,78.0
M049,153.2,12,49.3,74.2,20,50.3,80.0
M049,153.2,12,49.3,74.2,22,51.0,80.7
M049,153.2,12,49.3,74.2,24,51.0,82.2
M049,153.2,12,49.3,74.2,26,52.1,85.4
M049,153.2,12,49.3,74.2,28,52.4,85.6
M049,153.2,12,49.3,74.2,30,52.7,88.5
M049,153.2,12,49.3,74.2,32,52.9,89.7
M049,153.2,12,49.3,74.2,34,53.7,91.5
M049,153.2,12,49.3,74.2,36,54.1,92.6
M049,153.2,12,49.3,74.2,38,54.7,95.2
M049,153.2,12,49.3,74.2,40,54.9,95.9
M049,153.2,14,49.0,75.0,16,50.1,76.7
M049,153.2,14,49.0,75.0,18,50.1,78.0
M049,153.2,14,49.0,75.0,20,50.3,80.0
M049,153.2,14,49.0,75.0,22,51.0,80.7
M049,153.2,14,49.0,75.0,24,51.0,82.2
M049,153.2,14,49.0,75.0,26,52.1,85.4
M049,153.2,14,49.0,75.0,28,52.4,85.6
M049,153.2,14,49.0,75.0,30,52.7,88.5
M049,153.2,14,49.0,75.0,32,52.9,89.7
M049,153.2,14,49.0,75.0,34,53.7,91.5
M049,153.2,14,49.0,75.0,36,54.1,92.6
M049,153.2,14,49.0,75.0,38,54.7,95.2
M049,153.2,14,49.0,75.0,40,54.9,95.9
M049,153.2,16,50.1,76.7,18,50.1,78.0
M049,153.2,16,50.1,76.7,20,50.3,80.0
M049,153.2,16,50.1,76.7,22,51.0,80.7
M049,153.2,16,50.1,76.7,24,51.0,82.2
M049,153.2,16,50.1,76.7,26,52.1,85.4
M049,153.2,16,50.1,76.7,28,52.4,85.6
M049,153.2,16,50.1,76.7,30,52.7,88.5
M049,153.2,16,50.1,76.7,32,52.9,89.7
M049,153.2,16,50.1,76.7,34,53.7,91.5
M049,153.2,16,50.1,76.7,36,54.1,92.6
M049,153.2,16,50.1,76.7,38,54.7,95.2
M049,153.2,16,50.1,76.7,40,54.9,95.9
M049,153.2,18,50.1,78.0,20,50.3,80.0
M049,153.2,18,50.1,78.0,22,51.0,80.7
M049,153.2,18,50.1,78.0,24,51.0,82.2
M049,153.2,18,50.1,78.0,26,52.1,85.4
M049,153.2,18,50.1,78.0,28,52.4,85.6
M049,153.2,18,50.1,78.0,30,52.7,88.5
M049,153.2,18,50.1,78.0,32,52.9,89.7
M049,153.2,18,50.1,78.0,34,53.7,91.5
M049,153.2,18,50.1,78.0,36,54.1,92.6
M049,153.2,18,50.1,78.0,38,54.7,95.2
M049,153.2,18,50.1,78.0,40,54.9,95.9
M049,153.2,20,50.3,80.0,22,51.0,80.7
M049,153.2,20,50.3,80.0,24,51.0,82.2
M049,153.2,20,50.3,80.0,26,52.1,85.4
M049,153.2,20,50.3,80.0,28,52.4,85.6
M049,153.2,20,50.3,80.0,30,52.7,88.5
M049,153.2,20,50.3,80.0,32,52.9,89.7
M049,153.2,20,50.3,80.0,34,53.7,91.5
M049,153.2,20,50.3,80.0,36,54.1,92.6
M049,153.2,20,50.3,80.0,38,54.7,95.2
M049,153.2,20,50.3,80.0,40,54.9,95.9
M049,153.2,22,51.0,80.7,24,51.0,82.2
M049,153.2,22,51.0,80.7,26,52.1,85.4
M049,153.2,22,51.0,80.7,28,52.4,85.6
M049,153.2,22,51.0,80.7,30,52.7,88.5
M049,153.2,22,51.0,80.7,32,52.9,89.7
M049,153.2,22,51.0,80.7,34,53.7,91.5
M049,153.2,22,51.0,80.7,36,54.1,92.6
M049,153.2,22,51.0,80.7,38,54.7,95.2
M049,153.2,22,51.0,80.7,40,54.9,95.9
M049,153.2,24,51.0,82.2,26,52.1,85.4
M049,153.2,24,51.0,82.2,28,52.4,85.6
M049,153.2,24,51.0,82.2,30,52.7,88.5
M049,153.2,24,51.0,82.2,32,52.9,89.7
M049,153.2,24,51.0,82.2,34,53.7,91.5
M049,153.2,24,51.0,82.2,36,54.1,92.6
M049,153.2,24,51.0,82.2,38,54.7,95.2
M049,153.2,24,51.0,82.2,40,54.9,95.9
M049,153.2,26,52.1,85.4,28,52.4,85.6
M049,153.2,26,52.1,85.4,30,52.7,88.5
M049,153.2,26,52.1,85.4,32,52.9,89.7
M049,153.2,26,52.1,85.4,34,53.7,91.5
M049,153.2,26,52.1,85.4,36,54.1,92.6
M049,153.2,26,52.1,85.4,38,54.7,95.2
M049,153.2,26,52.1,85.4,40,54.9,95.9
M049,153.2,28,52.4,85.6,30,52.7,88.5
M049,153.2,28,52.4,85.6,32,52.9,89.7
M049,153.2,28,52.4,85.6,34,53.7,91.5
M049,153.2,28,52.4,85.6,36,54.1,92.6
M049,153.2,28,52.4,85.6,38,54.7,95.2
M049,153.2,28,52.4,85.6,40,54.9,95.9
M049,153.2,30,52.7,88.5,32,52.9,89.7
M049,153.2,30,52.7,88.5,34,53.7,91.5
M049,153.2,30,52.7,88.5,36,54.1,92.6
M049,153.2,30,52.7,88.5,38,54.7,95.2
M049,153.2,30,52.7,88.5,40,54.9,95.9
M049,153.2,32,52.9,89.7,34,53.7,91.5
M049,153.2,32,52.9,89.7,36,54.1,92.6
M049,153.2,32,52.9,89.7,38,54.7,95.2
M049,153.2,32,52.9,89.7,40,54.9,95.9
M049,153.2,34,53.7,91.5,36,54.1,92.6
M049,153.2,34,53.7,91.5,38,54.7,95.2
M049,153.2,34,53.7,91.5,40,54.9,95.9
M049,153.2,36,54.1,92.6,38,54.7,95.2
M049,153.2,36,54.1,92.6,40,54.9,95.9
M049,153.2,38,54.7,95.2,40,54.9,95.9
M050,156.2,12,63.3,75.5,14,63.9,76.6
M050,156.2,12,63.3,75.5,16,64.4,78.0
M050,156.2,12,63.3,75.5,18,65.0,79.3
M050,156.2,12,63.3,75.5,20,65.5,79.6
M050,156.2,12,63.3,75.5,22,66.3,81.4
M050,156.2,12,63.3,75.5,24,66.9,82.2
M050,156.2,12,63.3,75.5,26,67.8,83.7
M050,156.2,12,63.3,75.5,28,68.6,84.8
M050,156.2,12,63.3,75.5,30,69.4,86.7
M050,156.2,12,63.3,75.5,32,70.0,88.0
M050,156.2,12,63.3,75.5,34,70.2,88.7
M050,156.2,12,63.3,75.5,36,71.4,90.1
M050,156.2,12,63.3,75.5,38,72.3,91.0
M050,156.2,12,63.3,75.5,40,72.8,92.9
M050,156.2,14,63.9,76.6,16,64.4,78.0
M050,156.2,14,63.9,76.6,18,65.0,79.3
M050,156.2,14,63.9,76.6,20,65.5,79.6
M050,156.2,14,63.9,76.6,22,66.3,81.4
M050,156.2,14,63.9,76.6,24,66.9,82.2
M050,156.2,14,63.9,76.6,26,67.8,83.7
M050,156.2,14,63.9,76.6,28,68.6,84.8
M050,156.2,14,63.9,76.6,30,69.4,86.7
M050,156.2,14,63.9,76.6,32,70.0,88.0
M050,156.2,14,63.9,76.6,34,70.2,88.7
M050,156.2,14,63.9,76.6,36,71.4,90.1
M050,156.2,14,63.9,76.6,38,72.3,91.0
M050,156.2,14,63.9,76.6,40,72.8,92.9
M050,156.2,16,64.4,78.0,18,65.0,79.3
M050,156.2,16,64.4,78.0,20,65.5,79.6
M050,156.2,16,64.4,78.0,22,66.3,81.4
M050,156.2,16,64.4,78.0,24,66.9,82.2
M050,156.2,16,64.4,78.0,26,67.8,83.7
M050,156.2,16,64.4,78.0,28,68.6,84.8
M050,156.2,16,64.4,78.0,30,69.4,86.7
M050,156.2,16,64.4,78.0,32,70.0,88.0
M050,156.2,16,64.4,78.0,34,70.2,88.7
M050,156.2,16,64.4,78.0,36,71.4,90.1
M050,156.2,16,64.4,78.0,38,72.3,91.0
M050,156.2,16,64.4,78.0,40,72.8,92.9
M050,156.2,18,65.0,79.3,20,65.5,79.6
M050,156.2,18,65.0,79.3,22,66.3,81.4
M050,156.2,18,65.0,79.3,24,66.9,82.2
M050,156.2,18,65.0,79.3,26,67.8,83.7
M050,156.2,18,65.0,79.3,28,68.6,84.8
M050,156.2,18,65.0,79.3,30,69.4,86.7
M050,156.2,18,65.0,79.3,32,70.0,88.0
M050,156.2,18,65.0,79.3,34,70.2,88.7
M050,156.2,18,65.0,79.3,36,71.4,90.1
M050,156.2,18,65.0,79.3,38,72.3,91.0
M050,156.2,18,65.0,79.3,40,72.8,92.9
M050,156.2,20,65.5,79.6,22,66.3,81.4
M050,156.2,20,65.5,79.6,24,66.9,82.2
M050,156.2,20,65.5,79.6,26,67.8,83.7
M050,156.2,20,65.5,79.6,28,68.6,84.8
M050,156.2,20,65.5,79.6,30,69.4,86.7
M050,156.2,20,65.5,79.6,32,70.0,88.0
M050,156.2,20,65.5,79.6,34,70.2,88.7
M050,156.2,20,65.5,79.6,36,71.4,90.1
M050,156.2,20,65.5,79.6,38,72.3,91.0
M050,156.2,20,65.5,79.6,40,72.8,92.9
M050,156.2,22,66.3,81.4,24,66.9,82.2
M050,156.2,22,66.3,81.4,26,67.8,83.7
M050,156.2,22,66.3,81.4,28,68.6,84.8
M050,156.2,22,66.3,81.4,30,69.4,86.7
M050,156.2,22,66.3,81.4,32,70.0,88.0
M050,156.2,22,66.3,81.4,34,70.2,88.7
M050,156.2,22,66.3,81.4,36,71.4,90.1
M050,156.2,22,66.3,81.4,38,72.3,91.0
M050,156.2,22,66.3,81.4,40,72.8,92.9
M050,156.2,24,66.9,82.2,26,67.8,83.7
M050,156.2,24,66.9,82.2,28,68.6,84.8
M050,156.2,24,66.9,82.2,30,69.4,86.7
M050,156.2,24,66.9,82.2,32,70.0,88.0
M050,156.2,24,66.9,82.2,34,70.2,88.7
M050,156.2,24,66.9,82.2,36,71.4,90.1
M050,156.2,24,66.9,82.2,38,72.3,91.0
M050,156.2,24,66.9,82.2,40,72.8,92.9
M050,156.2,26,67.8,83.7,28,68.6,84.8
M050,156.2,26,67.8,83.7,30,69.4,86.7
M050,156.2,26,67.8,83.7,32,70.0,88.0
M050,156.2,26,67.8,83.7,34,70.2,88.7
M050,156.2,26,67.8,83.7,36,71.4,90.1
M050,156.2,26,67.8,83.7,38,72.3,91.0
M050,156.2,26,67.8,83.7,40,72.8,92.9
M050,156.2,28,68.6,84.8,30,69.4,86.7
M050,156.2,28,68.6,84.8,32,70.0,88.0
M050,156.2,28,68.6,84.8,34,70.2,88.7
M050,156.2,28,68.6,84.8,36,71.4,90.1
M050,156.2,28,68.6,84.8,38,72.3,91.0
M050,156.2,28,68.6,84.8,40,72.8,92.9
M050,156.2,30,69.4,86.7,32,70.0,88.0
M050,156.2,30,69.4,86.7,34,70.2,88.7
M050,156.2,30,69.4,86.7,36,71.4,90.1
M050,156.2,30,69.4,86.7,38,72.3,91.0
M050,156.2,30,69.4,86.7,40,72.8,92.9
M050,156.2,32,70.0,88.0,34,70.2,88.7
M050,156.2,32,70.0,88.0,36,71.4,90.1
M050,156.2,32,70.0,88.0,38,72.3,91.0
M050,156.2,32,70.0,88.0,40,72.8,92.9
M050,156.2,34,70.2,88.7,36,71.4,90.1
M050,156.2,34,70.2,88.7,38,72.3,91.0
M050,156.2,34,70.2,88.7,40,72.8,92.9
M050,156.2,36,71.4,90.1,38,72.3,91.0
M050,156.2,36,71.4,90.1,40,72.8,92.9
M050,156.2,38,72.3,91.0,40,72.8,92.9
M051,151.1,12,57.4,88.4,14,57.7,89.1
M051,151.1,12,57.4,88.4,16,58.0,90.4
M051,151.1,12,57.4,88.4,18,58.8,91.7
M051,151.1,12,57.4,88.4,20,59.5,91.8
M051,151.1,12,57.4,88.4,22,59.8,94.0
M051,151.1,12,57.4,88.4,24,60.4,95.3
M051,151.1,12,57.4,88.4,26,61.0,95.8
M051,151.1,12,57.4,88.4,28,61.4,97.6
M051,151.1,12,57.4,88.4,30,62.0,98.8
M051,151.1,12,57.4,88.4,32,62.7,99.8
M051,151.1,12,57.4,88.4,34,63.3,100.7
M051,151.1,12,57.4,88.4,36,64.0,101.2
M051,151.1,12,57.4,88.4,38,64.7,102.8
M051,151.1,12,57.4,88.4,40,65.3,104.4
M051,151.1,14,57.7,89.1,16,58.0,90.4
M051,151.1,14,57.7,89.1,18,58.8,91.7
M051,151.1,14,57.7,89.1,20,59.5,91.8
M051,151.1,14,57.7,89.1,22,59.8,94.0
M051,151.1,14,57.7,89.1,24,60.4,95.3
M051,151.1,14,57.7,89.1,26,61.0,95.8
M051,151.1,14,57.7,89.1,28,61.4,97.6
M051,151.1,14,57.7,89.1,30,62.0,98.8
M051,151.1,14,57.7,89.1,32,62.7,99.8
M051,151.1,14,57.7,89.1,34,63.3,100.7
M051,151.1,14,57.7,89.1,36,64.0,101.2
M051,151.1,14,57.7,89.1,38,64.7,102.8
M051,151.1,14,57.7,89.1,40,65.3,104.4
M051,151.1,16,58.0,90.4,18,58.8,91.7
M051,151.1,16,58.0,90.4,20,59.5,91.8
M051,151.1,16,58.0,90.4,22,59.8,94.0
M051,151.1,16,58.0,90.4,24,60.4,95.3
M051,151.1,16,58.0,90.4,26,61.0,95.8
M051,151.1,16,58.0,90.4,28,61.4,97.6
M051,151.1,16,58.0,90.4,30,62.0,98.8
M051,151.1,16,58.0,90.4,32,62.7,99.8
M051,151.1,16,58.0,90.4,34,63.3,100.7
M051,151.1,16,58.0,90.4,36,64.0,101.2
M051,151.1,16,58.0,90.4,38,64.7,102.8
M051,151.1,16,58.0,90.4,40,65.3,104.4
M051,151.1,18,58.8,91.7,20,59.5,91.8
M051,151.1,18,58.8,91.7,22,59.8,94.0
M051,151.1,18,58.8,91.7,24,60.4,95.3
M051,151.1,18,58.8,91.7,26,61.0,95.8
M051,151.1,18,58.8,91.7,28,61.4,97.6
M051,151.1,18,58.8,91.7,30,62.0,98.8
M051,151.1,18,58.8,91.7,32,62.7,99.8
M051,151.1,18,58.8,91.7,34,63.3,100.7
M051,151.1,18,58.8,91.7,36,64.0,101.2
M051,151.1,18,58.8,91.7,38,64.7,102.8
M051,151.1,18,58.8,91.7,40,65.3,104.4
M051,151.1,20,59.5,91.8,22,59.8,94.0
M051,151.1,20,59.5,91.8,24,60.4,95.3
M051,151.1,20,59.5,91.8,26,61.0,95.8
M051,151.1,20,59.5,91.8,28,61.4,97.6
M051,151.1,20,59.5,91.8,30,62.0,98.8
M051,151.1,20,59.5,91.8,32,62.7,99.8
M051,151.1,20,59.5,91.8,34,63.3,100.7
M051,151.1,20,59.5,91.8,36,64.0,101.2
M051,151.1,20,59.5,91.8,38,64.7,102.8
M051,151.1,20,59.5,91.8,40,65.3,104.4
M051,151.1,22,59.8,94.0,24,60.4,95.3
M051,151.1,22,59.8,94.0,26,61.0,95.8
M051,151.1,22,59.8,94.0,28,61.4,97.6
M051,151.1,22,59.8,94.0,30,62.0,98.8
M051,151.1,22,59.8,94.0,32,62.7,99.8
M051,151.1,22,59.8,94.0,34,63.3,100.7
M051,151.1,22,59.8,94.0,36,64.0,101.2
M051,151.1,22,59.8,94.0,38,64.7,102.8
M051,151.1,22,59.8,94.0,40,65.3,104.4
M051,151.1,24,60.4,95.3,26,61.0,95.8
M051,151.1,24,60.4,95.3,28,61.4,97.6
M051,151.1,24,60.4,95.3,30,62.0,98.8
M051,151.1,24,60.4,95.3,32,62.7,99.8
M051,151.1,24,60.4,95.3,34,63.3,100.7
M051,151.1,24,60.4,95.3,36,64.0,101.2
M051,151.1,24,60.4,95.3,38,64.7,102.8
M051,151.1,24,60.4,95.3,40,65.3,104.4
M051,151.1,26,61.0,95.8,28,61.4,97.6
M051,151.1,26,61.0,95.8,30,62.0,98.8
M051,151.1,26,61.0,95.8,32,62.7,99.8
M051,151.1,26,61.0,95.8,34,63.3,100.7
M051,151.1,26,61.0,95.8,36,64.0,101.2
M051,151.1,26,61.0,95.8,38,64.7,102.8
M051,151.1,26,61.0,95.8,40,65.3,104.4
M051,151.1,28,61.4,97.6,30,62.0,98.8
M051,151.1,28,61.4,97.6,32,62.7,99.8
M051,151.1,28,61.4,97.6,34,63.3,100.7
M051,151.1,28,61.4,97.6,36,64.0,101.2
M051,151.1,28,61.4,97.6,38,64.7,102.8
M051,151.1,28,61.4,97.6,40,65.3,104.4
M051,151.1,30,62.0,98.8,32,62.7,99.8
M051,151.1,30,62.0,98.8,34,63.3,100.7
M051,151.1,30,62.0,98.8,36,64.0,101.2
M051,151.1,30,62.0,98.8,38,64.7,102.8
M051,151.1,30,62.0,98.8,40,65.3,104.4
M051,151.1,32,62.7,99.8,34,63.3,100.7
M051,151.1,32,62.7,99.8,36,64.0,101.2
M051,151.1,32,62.7,99.8,38,64.7,102.8
M051,151.1,32,62.7,99.8,40,65.3,104.4
M051,151.1,34,63.3,100.7,36,64.0,101.2
M051,151.1,34,63.3,100.7,38,64.7,102.8
M051,151.1,34,63.3,100.7,40,65.3,104.4
M051,151.1,36,64.0,101.2,38,64.7,102.8
M051,151.1,36,64.0,101.2,40,65.3,104.4
M051,151.1,38,64.7,102.8,40,65.3,104.4
M052,163.1,12,64.1,82.6,14,64.4,83.4
M052,163.1,12,64.1,82.6,16,65.1,84.7
M052,163.1,12,64.1,82.6,18,65.7,84.8
M052,163.1,12,64.1,82.6,20,66.4,86.2
M052,163.1,12,64.1,82.6,22,67.1,86.4
M052,163.1,12,64.1,82.6,24,67.9,87.5
M052,163.1,12,64.1,82.6,26,68.8,88.5
M052,163.1,12,64.1,82.6,28,69.5,88.9
M052,163.1,12,64.1,82.6,30,70.0,90.1
M052,163.1,12,64.1,82.6,32,71.2,91.5
M052,163.1,12,64.1,82.6,34,71.9,92.3
M052,163.1,12,64.1,82.6,36,72.6,92.9
M052,163.1,12,64.1,82.6,38,73.5,94.5
M052,163.1,12,64.1,82.6,40,74.4,94.9
M052,163.1,14,64.4,83.4,16,65.1,84.7
M052,163.1,14,64.4,83.4,18,65.7,84.8
M052,163.1,14,64.4,83.4,20,66.4,86.2
M052,163.1,14,64.4,83.4,22,67.1,86.4
M052,163.1,14,64.4,83.4,24,67.9,87.5
M052,163.1,14,64.4,83.4,26,68.8,88.5
M052,163.1,14,64.4,83.4,28,69.5,88.9
M052,163.1,14,64.4,83.4,30,70.0,90.1
M052,163.1,14,64.4,83.4,32,71.2,91.5
M052,163.1,14,64.4,83.4,34,71.9,92.3
M052,163.1,14,64.4,83.4,36,72.6,92.9
M052,163.1,14,64.4,83.4,38,73.5,94.5
M052,163.1,14,64.4,83.4,40,74.4,94.9
M052,163.1,16,65.1,84.7,18,65.7,84.8
M052,163.1,16,65.1,84.7,20,66.4,86.2
M052,163.1,16,65.1,84.7,22,67.1,86.4
M052,163.1,16,65.1,84.7,24,67.9,87.5
M052,163.1,16,65.1,84.7,26,68.8,88.5
M052,163.1,16,65.1,84.7,28,69.5,88.9
M052,163.1,16,65.1,84.7,30,70.0,90.1
M052,163.1,16,65.1,84.7,32,71.2,91.5
M052,163.1,16,65.1,84.7,34,71.9,92.3
M052,163.1,16,65.1,84.7,36,72.6,92.9
M052,163.1,16,65.1,84.7,38,73.5,94.5
M052,163.1,16,65.1,84.7,40,74.4,94.9
M052,163.1,18,65.7,84.8,20,66.4,86.2
M052,163.1,18,65.7,84.8,22,67.1,86.4
M052,163.1,18,65.7,84.8,24,67.9,87.5
M052,163.1,18,65.7,84.8,26,68.8,88.5
M052,163.1,18,65.7,84.8,28,69.5,88.9
M052,163.1,18,65.7,84.8,30,70.0,90.1
M052,163.1,18,65.7,84.8,32,71.2,91.5
M052,163.1,18,65.7,84.8,34,71.9,92.3
M052,163.1,18,65.7,84.8,36,72.6,92.9
M052,163.1,18,65.7,84.8,38,73.5,94.5
M052,163.1,18,65.7,84.8,40,74.4,94.9
M052,163.1,20,66.4,86.2,22,67.1,86.4
M052,163.1,20,66.4,86.2,24,67.9,87.5
M052,163.1,20,66.4,86.2,26,68.8,88.5
M052,163.1,20,66.4,86.2,28,69.5,88.9
M052,163.1,20,66.4,86.2,30,70.0,90.1
M052,163.1,20,66.4,86.2,32,71.2,91.5
M052,163.1,20,66.4,86.2,34,71.9,92.3
M052,163.1,20,66.4,86.2,36,72.6,92.9
M052,163.1,20,66.4,86.2,38,73.5,94.5
M052,163.1,20,66.4,86.2,40,74.4,94.9
M052,163.1,22,67.1,86.4,24,67.9,87.5
M052,163.1,22,67.1,86.4,26,68.8,88.5
M052,163.1,22,67.1,86.4,28,69.5,88.9
M052,163.1,22,67.1,86.4,30,70.0,90.1
M052,163.1,22,67.1,86.4,32,71.2,91.5
M052,163.1,22,67.1,86.4,34,71.9,92.3
M052,163.1,22,67.1,86.4,36,72.6,92.9
M052,163.1,22,67.1,86.4,38,73.5,94.5
M052,163.1,22,67.1,86.4,40,74.4,94.9
M052,163.1,24,67.9,87.5,26,68.8,88.5
M052,163.1,24,67.9,87.5,28,69.5,88.9
M052,163.1,24,67.9,87.5,30,70.0,90.1
M052,163.1,24,67.9,87.5,32,71.2,91.5
M052,163.1,24,67.9,87.5,34,71.9,92.3
M052,163.1,24,67.9,87.5,36,72.6,92.9
M052,163.1,24,67.9,87.5,38,73.5,94.5
M052,163.1,24,67.9,87.5,40,74.4,94.9
M052,163.1,26,68.8,88.5,28,69.5,88.9
M052,163.1,26,68.8,88.5,30,70.0,90.1
M052,163.1,26,68.8,88.5,32,71.2,91.5
M052,163.1,26,68.8,88.5,34,71.9,92.3
M052,163.1,26,68.8,88.5,36,72.6,92.9
M052,163.1,26,68.8,88.5,38,73.5,94.5
M052,163.1,26,68.8,88.5,40,74.4,94.9
M052,163.1,28,69.5,88.9,30,70.0,90.1
M052,163.1,28,69.5,88.9,32,71.2,91.5
M052,163.1,28,69.5,88.9,34,71.9,92.3
M052,163.1,28,69.5,88.9,36,72.6,92.9
M052,163.1,28,69.5,88.9,38,73.5,94.5
M052,163.1,28,69.5,88.9,40,74.4,94.9
M052,163.1,30,70.0,90.1,32,71.2,91.5
M052,163.1,30,70.0,90.1,34,71.9,92.3
M052,163.1,30,70.0,90.1,36,72.6,92.9
M052,163.1,30,70.0,90.1,38,73.5,94.5
M052,163.1,30,70.0,90.1,40,74.4,94.9
M052,163.1,32,71.2,91.5,34,71.9,92.3
M052,163.1,32,71.2,91.5,36,72.6,92.9
M052,163.1,32,71.2,91.5,38,73.5,94.5
M052,163.1,32,71.2,91.5,40,74.4,94.9
M052,163.1,34,71.9,92.3,36,72.6,92.9
M052,163.1,34,71.9,92.3,38,73.5,94.5
M052,163.1,34,71.9,92.3,40,74.4,94.9
M052,163.1,36,72.6,92.9,38,73.5,94.5
M052,163.1,36,72.6,92.9,40,74.4,94.9
M052,163.1,38,73.5,94.5,40,74.4,94.9
M053,160.8,12,55.2,68.1,14,55.8,68.6
M053,160.8,12,55.2,68.1,16,55.9,71.0
M053,160.8,12,55.2,68.1,18,56.7,72.8
M053,160.8,12,55.2,68.1,20,56.8,73.4
M053,160.8,12,55.2,68.1,22,57.3,75.4
M053,160.8,12,55.2,68.1,24,58.0,77.2
M053,160.8,12,55.2,68.1,26,58.3,78.1
M053,160.8,12,55.2,68.1,28,59.2,80.2
M053,160.8,12,55.2,68.1,30,59.4,80.9
M053,160.8,12,55.2,68.1,32,60.1,83.2
M053,160.8,12,55.2,68.1,34,61.0,84.4
M053,160.8,12,55.2,68.1,36,61.8,86.6
M053,160.8,12,55.2,68.1,38,62.5,87.7
M053,160.8,12,55.2,68.1,40,62.4,89.8
M053,160.8,14,55.8,68.6,16,55.9,71.0
M053,160.8,14,55.8,68.6,18,56.7,72.8
M053,160.8,14,55.8,68.6,20,56.8,73.4
M053,160.8,14,55.8,68.6,22,57.3,75.4
M053,160.8,14,55.8,68.6,24,58.0,77.2
M053,160.8,14,55.8,68.6,26,58.3,78.1
M053,160.8,14,55.8,68.6,28,59.2,80.2
M053,160.8,14,55.8,68.6,30,59.4,80.9
M053,160.8,14,55.8,68.6,32,60.1,83.2
M053,160.8,14,55.8,68.6,34,61.0,84.4
M053,160.8,14,55.8,68.6,36,61.8,86.6
M053,160.8,14,55.8,68.6,38,62.5,87.7
M053,160.8,14,55.8,68.6,40,62.4,89.8
M053,160.8,16,55.9,71.0,18,56.7,72.8
M053,160.8,16,55.9,71.0,20,56.8,73.4
M053,160.8,16,55.9,71.0,22,57.3,75.4
M053,160.8,16,55.9,71.0,24,58.0,77.2
M053,160.8,16,55.9,71.0,26,58.3,78.1
M053,160.8,16,55.9,71.0,28,59.2,80.2
M053,160.8,16,55.9,71.0,30,59.4,80.9
M053,160.8,16,55.9,71.0,32,60.1,83.2
M053,160.8,16,55.9,71.0,34,61.0,84.4
M053,160.8,16,55.9,71.0,36,61.8,86.6
M053,160.8,16,55.9,71.0,38,62.5,87.7
M053,160.8,16,55.9,71.0,40,62.4,89.8
M053,160.8,18,56.7,72.8,20,56.8,73.4
M053,160.8,18,56.7,72.8,22,57.3,75.4
M053,160.8,18,56.7,72.8,24,58.0,77.2
M053,160.8,18,56.7,72.8,26,58.3,78.1
M053,160.8,18,56.7,72.8,28,59.2,80.2
M053,160.8,18,56.7,72.8,30,59.4,80.9
M053,160.8,18,56.7,72.8,32,60.1,83.2
M053,160.8,18,56.7,72.8,34,61.0,84.4
M053,160.8,18,56.7,72.8,36,61.8,86.6
M053,160.8,18,56.7,72.8,38,62.5,87.7
M053,160.8,18,56.7,72.8,40,62.4,89.8
M053,160.8,20,56.8,73.4,22,57.3,75.4
M053,160.8,20,56.8,73.4,24,58.0,77.2
M053,160.8,20,56.8,73.4,26,58.3,78.1
M053,160.8,20,56.8,73.4,28,59.2,80.2
M053,160.8,20,56.8,73.4,30,59.4,80.9
M053,160.8,20,56.8,73.4,32,60.1,83.2
M053,160.8,20,56.8,73.4,34,61.0,84.4
M053,160.8,20,56.8,73.4,36,61.8,86.6
M053,160.8,20,56.8,73.4,38,62.5,87.7
M053,160.8,20,56.8,73.4,40,62.4,89.8
M053,160.8,22,57.3,75.4,24,58.0,77.2
M053,160.8,22,57.3,75.4,26,58.3,78.1
M053,160.8,22,57.3,75.4,28,59.2,80.2
M053,160.8,22,57.3,75.4,30,59.4,80.9
M053,160.8,22,57.3,75.4,32,60.1,83.2
M053,160.8,22,57.3,75.4,34,61.0,84.4
M053,160.8,22,57.3,75.4,36,61.8,86.6
M053,160.8,22,57.3,75.4,38,62.5,87.7
M053,160.8,22,57.3,75.4,40,62.4,89.8
M053,160.8,24,58.0,77.2,26,58.3,78.1
M053,160.8,24,58.0,77.2,28,59.2,80.2
M053,160.8,24,58.0,77.2,30,59.4,80.9
M053,160.8,24,58.0,77.2,32,60.1,83.2
M053,160.8,24,58.0,77.2,34,61.0,84.4
M053,160.8,24,58.0,77.2,36,61.8,86.6
M053,160.8,24,58.0,77.2,38,62.5,87.7
M053,160.8,24,58.0,77.2,40,62.4,89.8
M053,160.8,26,58.3,78.1,28,59.2,80.2
M053,160.8,26,58.3,78.1,30,59.4,80.9
M053,160.8,26,58.3,78.1,32,60.1,83.2
M053,160.8,26,58.3,78.1,34,61.0,84.4
M053,160.8,26,58.3,78.1,36,61.8,86.6
M053,160.8,26,58.3,78.1,38,62.5,87.7
M053,160.8,26,58.3,78.1,40,62.4,89.8
M053,160.8,28,59.2,80.2,30,59.4,80.9
M053,160.8,28,59.2,80.2,32,60.1,83.2
M053,160.8,28,59.2,80.2,34,61.0,84.4
M053,160.8,28,59.2,80.2,36,61.8,86.6
M053,160.8,28,59.2,80.2,38,62.5,87.7
M053,160.8,28,59.2,80.2,40,62.4,89.8
M053,160.8,30,59.4,80.9,32,60.1,83.2
M053,160.8,30,59.4,80.9,34,61.0,84.4
M053,160.8,30,59.4,80.9,36,61.8,86.6
M053,160.8,30,59.4,80.9,38,62.5,87.7
M053,160.8,30,59.4,80.9,40,62.4,89.8
M053,160.8,32,60.1,83.2,34,61.0,84.4
M053,160.8,32,60.1,83.2,36,61.8,86.6
M053,160.8,32,60.1,83.2,38,62.5,87.7
M053,160.8,32,60.1,83.2,40,62.4,89.8
M053,160.8,34,61.0,84.4,36,61.8,86.6
M053,160.8,34,61.0,84.4,38,62.5,87.7
M053,160.8,34,61.0,84.4,40,62.4,89.8
M053,160.8,36,61.8,86.6,38,62.5,87.7
M053,160.8,36,61.8,86.6,40,62.4,89.8
M053,160.8,38,62.5,87.7,40,62.4,89.8
M054,166.1,12,47.9,68.6,14,48.7,68.8
M054,166.1,12,47.9,68.6,16,49.2,69.1
M054,166.1,12,47.9,68.6,18,49.5,70.4
M054,166.1,12,47.9,68.6,20,50.6,71.7
M054,166.1,12,47.9,68.6,22,51.3,72.5
M054,166.1,12,47.9,68.6,24,52.0,73.8
M054,166.1,12,47.9,68.6,26,52.6,74.9
M054,166.1,12,47.9,68.6,28,53.7,75.6
M054,166.1,12,47.9,68.6,30,53.9,76.9
M054,166.1,12,47.9,68.6,32,55.2,77.7
M054,166.1,12,47.9,68.6,34,55.7,79.1
M054,166.1,12,47.9,68.6,36,56.5,80.0
M054,166.1,12,47.9,68.6,38,57.5,81.3
M054,166.1,12,47.9,68.6,40,58.2,82.4
M054,166.1,14,48.7,68.8,16,49.2,69.1
M054,166.1,14,48.7,68.8,18,49.5,70.4
M054,166.1,14,48.7,68.8,20,50.6,71.7
M054,166.1,14,48.7,68.8,22,51.3,72.5
M054,166.1,14,48.7,68.8,24,52.0,73.8
M054,166.1,14,48.7,68.8,26,52.6,74.9
M054,166.1,14,48.7,68.8,28,53.7,75.6
M054,166.1,14,48.7,68.8,30,53.9,76.9
M054,166.1,14,48.7,68.8,32,55.2,77.7
M054,166.1,14,48.7,68.8,34,55.7,79.1
M054,166.1,14,48.7,68.8,36,56.5,80.0
M054,166.1,14,48.7,68.8,38,57.5,81.3
M054,166.1,14,48.7,68.8,40,58.2,82.4
M054,166.1,16,49.2,69.1,18,49.5,70.4
M054,166.1,16,49.2,69.1,20,50.6,71.7
M054,166.1,16,49.2,69.1,22,51.3,72.5
M054,166.1,16,49.2,69.1,24,52.0,73.8
M054,166.1,16,49.2,69.1,26,52.6,74.9
M054,166.1,16,49.2,69.1,28,53.7,75.6
M054,166.1,16,49.2,69.1,30,53.9,76.9
M054,166.1,16,49.2,69.1,32,55.2,77.7
M054,166.1,16,49.2,69.1,34,55.7,79.1
M054,166.1,16,49.2,69.1,36,56.5,80.0
M054,166.1,16,49.2,69.1,38,57.5,81.3
M054,166.1,16,49.2,69.1,40,58.2,82.4
M054,166.1,18,49.5,70.4,20,50.6,71.7
M054,166.1,18,49.5,70.4,22,51.3,72.5
M054,166.1,18,49.5,70.4,24,52.0,73.8
M054,166.1,18,49.5,70.4,26,52.6,74.9
M054,166.1,18,49.5,70.4,28,53.7,75.6
M054,166.1,18,49.5,70.4,30,53.9,76.9
M054,166.1,18,49.5,70.4,32,55.2,77.7
M054,166.1,18,49.5,70.4,34,55.7,79.1
M054,166.1,18,49.5,70.4,36,56.5,80.0
M054,166.1,18,49.5,70.4,38,57.5,81.3
M054,166.1,18,49.5,70.4,40,58.2,82.4
M054,166.1,20,50.6,71.7,22,51.3,72.5
M054,166.1,20,50.6,71.7,24,52.0,73.8
M054,166.1,20,50.6,71.7,26,52.6,74.9
M054,166.1,20,50.6,71.7,28,53.7,75.6
M054,166.1,20,50.6,71.7,30,53.9,76.9
M054,166.1,20,50.6,71.7,32,55.2,77.7
M054,166.1,20,50.6,71.7,34,55.7,79.1
M054,166.1,20,50.6,71.7,36,56.5,80.0
M054,166.1,20,50.6,71.7,38,57.5,81.3
M054,166.1,20,50.6,71.7,40,58.2,82.4
M054,166.1,22,51.3,72.5,24,52.0,73.8
M054,166.1,22,51.3,72.5,26,52.6,74.9
M054,166.1,22,51.3,72.5,28,53.7,75.6
M054,166.1,22,51.3,72.5,30,53.9,76.9
M054,166.1,22,51.3,72.5,32,55.2,77.7
M054,166.1,22,51.3,72.5,34,55.7,79.1
M054,166.1,22,51.3,72.5,36,56.5,80.0
M054,166.1,22,51.3,72.5,38,57.5,81.3
M054,166.1,22,51.3,72.5,40,58.2,82.4
M054,166.1,24,52.0,73.8,26,52.6,74.9
M054,166.1,24,52.0,73.8,28,53.7,75.6
M054,166.1,24,52.0,73.8,30,53.9,76.9
M054,166.1,24,52.0,73.8,32,55.2,77.7
M054,166.1,24,52.0,73.8,34,55.7,79.1
M054,166.1,24,52.0,73.8,36,56.5,80.0
M054,166.1,24,52.0,73.8,38,57.5,81.3
M054,166.1,24,52.0,73.8,40,58.2,82.4
M054,166.1,26,52.6,74.9,28,53.7,75.6
M054,166.1,26,52.6,74.9,30,53.9,76.9
M054,166.1,26,52.6,74.9,32,55.2,77.7
M054,166.1,26,52.6,74.9,34,55.7,79.1
M054,166.1,26,52.6,74.9,36,56.5,80.0
M054,166.1,26,52.6,74.9,38,57.5,81.3
M054,166.1,26,52.6,74.9,40,58.2,82.4
M054,166.1,28,53.7,75.6,30,53.9,76.9
M054,166.1,28,53.7,75.6,32,55.2,77.7
M054,166.1,28,53.7,75.6,34,55.7,79.1
M054,166.1,28,53.7,75.6,36,56.5,80.0
M054,166.1,28,53.7,75.6,38,57.5,81.3
M054,166.1,28,53.7,75.6,40,58.2,82.4
M054,166.1,30,53.9,76.9,32,55.2,77.7
M054,166.1,30,53.9,76.9,34,55.7,79.1
M054,166.1,30,53.9,76.9,36,56.5,80.0
M054,166.1,30,53.9,76.9,38,57.5,81.3
M054,166.1,30,53.9,76.9,40,58.2,82.4
M054,166.1,32,55.2,77.7,34,55.7,79.1
M054,166.1,32,55.2,77.7,36,56.5,80.0
M054,166.1,32,55.2,77.7,38,57.5,81.3
M054,166.1,32,55.2,77.7,40,58.2,82.4
M054,166.1,34,55.7,79.1,36,56.5,80.0
M054,166.1,34,55.7,79.1,38,57.5,81.3
M054,166.1,34,55.7,79.1,40,58.2,82.4
M054,166.1,36,56.5,80.0,38,57.5,81.3
M054,166.1,36,56.5,80.0,40,58.2,82.4
M054,166.1,38,57.5,81.3,40,58.2,82.4
M055,159.4,12,56.2,79.3,14,56.5,80.4
M055,159.4,12,56.2,79.3,16,56.9,82.4
M055,159.4,12,56.2,79.3,18,57.3,84.0
M055,159.4,12,56.2,79.3,20,58.0,85.3
M055,159.4,12,56.2,79.3,22,58.3,87.0
M055,159.4,12,56.2,79.3,24,58.6,88.0
M055,159.4,12,56.2,79.3,26,59.2,90.0
M055,159.4,12,56.2,79.3,28,59.8,92.3
M055,159.4,12,56.2,79.3,30,60.0,93.5
M055,159.4,12,56.2,79.3,32,60.8,95.2
M055,159.4,12,56.2,79.3,34,61.0,96.8
M055,159.4,12,56.2,79.3,36,61.8,97.7
M055,159.4,12,56.2,79.3,38,62.2,99.2
M055,159.4,12,56.2,79.3,40,62.7,101.6
M055,159.4,14,56.5,80.4,16,56.9,82.4
M055,159.4,14,56.5,80.4,18,57.3,84.0
M055,159.4,14,56.5,80.4,20,58.0,85.3
M055,159.4,14,56.5,80.4,22,58.3,87.0
M055,159.4,14,56.5,80.4,24,58.6,88.0
M055,159.4,14,56.5,80.4,26,59.2,90.0
M055,159.4,14,56.5,80.4,28,59.8,92.3
M055,159.4,14,56.5,80.4,30,60.0,93.5
M055,159.4,14,56.5,80.4,32,60.8,95.2
M055,159.4,14,56.5,80.4,34,61.0,96.8
M055,159.4,14,56.5,80.4,36,61.8,97.7
M055,159.4,14,56.5,80.4,38,62.2,99.2
M055,159.4,14,56.5,80.4,40,62.7,101.6
M055,159.4,16,56.9,82.4,18,57.3,84.0
M055,159.4,16,56.9,82.4,20,58.0,85.3
M055,159.4,16,56.9,82.4,22,58.3,87.0
M055,159.4,16,56.9,82.4,24,58.6,88.0
M055,159.4,16,56.9,82.4,26,59.2,90.0
M055,159.4,16,56.9,82.4,28,59.8,92.3
M055,159.4,16,56.9,82.4,30,60.0,93.5
M055,159.4,16,56.9,82.4,32,60.8,95.2
M055,159.4,16,56.9,82.4,34,61.0,96.8
M055,159.4,16,56.9,82.4,36,61.8,97.7
M055,159.4,16,56.9,82.4,38,62.2,99.2
M055,159.4,16,56.9,82.4,40,62.7,101.6
M055,159.4,18,57.3,84.0,20,58.0,85.3
M055,159.4,18,57.3,84.0,22,58.3,87.0
M055,159.4,18,57.3,84.0,24,58.6,88.0
M055,159.4,18,57.3,84.0,26,59.2,90.0
M055,159.4,18,57.3,84.0,28,59.8,92.3
M055,159.4,18,57.3,84.0,30,60.0,93.5
M055,159.4,18,57.3,84.0,32,60.8,95.2
M055,159.4,18,57.3,84.0,34,61.0,96.8
M055,159.4,18,57.3,84.0,36,61.8,97.7
M055,159.4,18,57.3,84.0,38,62.2,99.2
M055,159.4,18,57.3,84.0,40,62.7,101.6
M055,159.4,20,58.0,85.3,22,58.3,87.0
M055,159.4,20,58.0,85.3,24,58.6,88.0
M055,159.4,20,58.0,85.3,26,59.2,90.0
M055,159.4,20,58.0,85.3,28,59.8,92.3
M055,159.4,20,58.0,85.3,30,60.0,93.5
M055,159.4,20,58.0,85.3,32,60.8,95.2
M055,159.4,20,58.0,85.3,34,61.0,96.8
M055,159.4,20,58.0,85.3,36,61.8,97.7
M055,159.4,20,58.0,85.3,38,62.2,99.2
M055,159.4,20,58.0,85.3,40,62.7,101.6
M055,159.4,22,58.3,87.0,24,58.6,88.0
M055,159.4,22,58.3,87.0,26,59.2,90.0
M055,159.4,22,58.3,87.0,28,59.8,92.3
M055,159.4,22,58.3,87.0,30,60.0,93.5
M055,159.4,22,58.3,87.0,32,60.8,95.2
M055,159.4,22,58.3,87.0,34,61.0,96.8
M055,159.4,22,58.3,87.0,36,61.8,97.7
M055,159.4,22,58.3,87.0,38,62.2,99.2
M055,159.4,22,58.3,87.0,40,62.7,101.6
M055,159.4,24,58.6,88.0,26,59.2,90.0
M055,159.4,24,58.6,88.0,28,59.8,92.3
M055,159.4,24,58.6,88.0,30,60.0,93.5
M055,159.4,24,58.6,88.0,32,60.8,95.2
M055,159.4,24,58.6,88.0,34,61.0,96.8
M055,159.4,24,58.6,88.0,36,61.8,97.7
M055,159.4,24,58.6,88.0,38,62.2,99.2
M055,159.4,24,58.6,88.0,40,62.7,101.6
M055,159.4,26,59.2,90.0,28,59.8,92.3
M055,159.4,26,59.2,90.0,30,60.0,93.5
M055,159.4,26,59.2,90.0,32,60.8,95.2
M055,159.4,26,59.2,90.0,34,61.0,96.8
M055,159.4,26,59.2,90.0,36,61.8,97.7
M055,159.4,26,59.2,90.0,38,62.2,99.2
M055,159.4,26,59.2,90.0,40,62.7,101.6
M055,159.4,28,59.8,92.3,30,60.0,93.5
M055,159.4,28,59.8,92.3,32,60.8,95.2
M055,159.4,28,59.8,92.3,34,61.0,96.8
M055,159.4,28,59.8,92.3,36,61.8,97.7
M055,159.4,28,59.8,92.3,38,62.2,99.2
M055,159.4,28,59.8,92.3,40,62.7,101.6
M055,159.4,30,60.0,93.5,32,60.8,95.2
M055,159.4,30,60.0,93.5,34,61.0,96.8
M055,159.4,30,60.0,93.5,36,61.8,97.7
M055,159.4,30,60.0,93.5,38,62.2,99.2
M055,159.4,30,60.0,93.5,40,62.7,101.6
M055,159.4,32,60.8,95.2,34,61.0,96.8
M055,159.4,32,60.8,95.2,36,61.8,97.7
M055,159.4,32,60.8,95.2,38,62.2,99.2
M055,159.4,32,60.8,95.2,40,62.7,101.6
M055,159.4,34,61.0,96.8,36,61.8,97.7
M055,159.4,34,61.0,96.8,38,62.2,99.2
M055,159.4,34,61.0,96.8,40,62.7,101.6
M055,159.4,36,61.8,97.7,38,62.2,99.2
M055,159.4,36,61.8,97.7,40,62.7,101.6
M055,159.4,38,62.2,99.2,40,62.7,101.6
M056,160.3,12,51.5,80.8,14,52.0,82.4
M056,160.3,12,51.5,80.8,16,52.8,84.7
M056,160.3,12,51.5,80.8,18,53.7,85.7
M056,160.3,12,51.5,80.8,20,54.8,87.5
M056,160.3,12,51.5,80.8,22,55.6,88.6
M056,160.3,12,51.5,80.8,24,56.7,90.3
M056,160.3,12,51.5,80.8,26,57.6,91.9
M056,160.3,12,51.5,80.8,28,58.7,93.7
M056,160.3,12,51.5,80.8,30,59.6,95.7
M056,160.3,12,51.5,80.8,32,61.2,97.1
M056,160.3,12,51.5,80.8,34,62.0,99.3
M056,160.3,12,51.5,80.8,36,62.9,100.5
M056,160.3,12,51.5,80.8,38,64.0,102.2
M056,160.3,12,51.5,80.8,40,65.1,103.8
M056,160.3,14,52.0,82.4,16,52.8,84.7
M056,160.3,14,52.0,82.4,18,53.7,85.7
M056,160.3,14,52.0,82.4,20,54.8,87.5
M056,160.3,14,52.0,82.4,22,55.6,88.6
M056,160.3,14,52.0,82.4,24,56.7,90.3
M056,160.3,14,52.0,82.4,26,57.6,91.9
M056,160.3,14,52.0,82.4,28,58.7,93.7
M056,160.3,14,52.0,82.4,30,59.6,95.7
M056,160.3,14,52.0,82.4,32,61.2,97.1
M056,160.3,14,52.0,82.4,34,62.0,99.3
M056,160.3,14,52.0,82.4,36,62.9,100.5
M056,160.3,14,52.0,82.4,38,64.0,102.2
M056,160.3,14,52.0,82.4,40,65.1,103.8
M056,160.3,16,52.8,84.7,18,53.7,85.7
M056,160.3,16,52.8,84.7,20,54.8,87.5
M056,160.3,16,52.8,84.7,22,55.6,88.6
M056,160.3,16,52.8,84.7,24,56.7,90.3
M056,160.3,16,52.8,84.7,26,57.6,91.9
M056,160.3,16,52.8,84.7,28,58.7,93.7
M056,160.3,16,52.8,84.7,30,59.6,95.7
M056,160.3,16,52.8,84.7,32,61.2,97.1
M056,160.3,16,52.8,84.7,34,62.0,99.3
M056,160.3,16,52.8,84.7,36,62.9,100.5
M056,160.3,16,52.8,84.7,38,64.0,102.2
M056,160.3,16,52.8,84.7,40,65.1,103.8
M056,160.3,18,53.7,85.7,20,54.8,87.5
M056,160.3,18,53.7,85.7,22,55.6,88.6
M056,160.3,18,53.7,85.7,24,56.7,90.3
M056,160.3,18,53.7,85.7,26,57.6,91.9
M056,160.3,18,53.7,85.7,28,58.7,93.7
M056,160.3,18,53.7,85.7,30,59.6,95.7
M056,160.3,18,53.7,85.7,32,61.2,97.1
M056,160.3,18,53.7,85.7,34,62.0,99.3
M056,160.3,18,53.7,85.7,36,62.9,100.5
M056,160.3,18,53.7,85.7,38,64.0,102.2
M056,160.3,18,53.7,85.7,40,65.1,103.8
M056,160.3,20,54.8,87.5,22,55.6,88.6
M056,160.3,20,54.8,87.5,24,56.7,90.3
M056,160.3,20,54.8,87.5,26,57.6,91.9
M056,160.3,20,54.8,87.5,28,58.7,93.7
M056,160.3,20,54.8,87.5,30,59.6,95.7
M056,160.3,20,54.8,87.5,32,61.2,97.1
M056,160.3,20,54.8,87.5,34,62.0,99.3
M056,160.3,20,54.8,87.5,36,62.9,100.5
M056,160.3,20,54.8,87.5,38,64.0,102.2
M056,160.3,20,54.8,87.5,40,65.1,103.8
M056,160.3,22,55.6,88.6,24,56.7,90.3
M056,160.3,22,55.6,88.6,26,57.6,91.9
M056,160.3,22,55.6,88.6,28,58.7,93.7
M056,160.3,22,55.6,88.6,30,59.6,95.7
M056,160.3,22,55.6,88.6,32,61.2,97.1
M056,160.3,22,55.6,88.6,34,62.0,99.3
M056,160.3,22,55.6,88.6,36,62.9,100.5
M056,160.3,22,55.6,88.6,38,64.0,102.2
M056,160.3,22,55.6,88.6,40,65.1,103.8
M056,160.3,24,56.7,90.3,26,57.6,91.9
M056,160.3,24,56.7,90.3,28,58.7,93.7
M056,160.3,24,56.7,90.3,30,59.6,95.7
M056,160.3,24,56.7,90.3,32,61.2,97.1
M056,160.3,24,56.7,90.3,34,62.0,99.3
M056,160.3,24,56.7,90.3,36,62.9,100.5
M056,160.3,24,56.7,90.3,38,64.0,102.2
M056,160.3,24,56.7,90.3,40,65.1,103.8
M056,160.3,26,57.6,91.9,28,58.7,93.7
M056,160.3,26,57.6,91.9,30,59.6,95.7
M056,160.3,26,57.6,91.9,32,61.2,97.1
M056,160.3,26,57.6,91.9,34,62.0,99.3
M056,160.3,26,57.6,91.9,36,62.9,100.5
M056,160.3,26,57.6,91.9,38,64.0,102.2
M056,160.3,26,57.6,91.9,40,65.1,103.8
M056,160.3,28,58.7,93.7,30,59.6,95.7
M056,160.3,28,58.7,93.7,32,61.2,97.1
M056,160.3,28,58.7,93.7,34,62.0,99.3
M056,160.3,28,58.7,93.7,36,62.9,100.5
M056,160.3,28,58.7,93.7,38,64.0,102.2
M056,160.3,28,58.7,93.7,40,65.1,103.8
M056,160.3,30,59.6,95.7,32,61.2,97.1
M056,160.3,30,59.6,95.7,34,62.0,99.3
M056,160.3,30,59.6,95.7,36,62.9,100.5
M056,160.3,30,59.6,95.7,38,64.0,102.2
M056,160.3,30,59.6,95.7,40,65.1,103.8
M056,160.3,32,61.2,97.1,34,62.0,99.3
M056,160.3,32,61.2,97.1,36,62.9,100.5
M056,160.3,32,61.2,97.1,38,64.0,102.2
M056,160.3,32,61.2,97.1,40,65.1,103.8
M056,160.3,34,62.0,99.3,36,62.9,100.5
M056,160.3,34,62.0,99.3,38,64.0,102.2
M056,160.3,34,62.0,99.3,40,65.1,103.8
M056,160.3,36,62.9,100.5,38,64.0,102.2
M056,160.3,36,62.9,100.5,40,65.1,103.8
M056,160.3,38,64.0,102.2,40,65.1,103.8
M057,166.5,12,49.0,80.1,14,49.4,81.4
M057,166.5,12,49.0,80.1,16,50.1,83.4
M057,166.5,12,49.0,80.1,18,50.8,84.6
M057,166.5,12,49.0,80.1,20,51.1,86.4
M057,166.5,12,49.0,80.1,22,51.7,87.7
M057,166.5,12,49.0,80.1,24,52.5,90.2
M057,166.5,12,49.0,80.1,26,53.0,90.0
M057,166.5,12,49.0,80.1,28,53.7,91.7
M057,166.5,12,49.0,80.1,30,54.3,94.1
M057,166.5,12,49.0,80.1,32,54.9,94.7
M057,166.5,12,49.0,80.1,34,55.8,96.0
M057,166.5,12,49.0,80.1,36,56.7,97.5
M057,166.5,12,49.0,80.1,38,57.2,99.7
M057,166.5,12,49.0,80.1,40,58.0,100.9
M057,166.5,14,49.4,81.4,16,50.1,83.4
M057,166.5,14,49.4,81.4,18,50.8,84.6
M057,166.5,14,49.4,81.4,20,51.1,86.4
M057,166.5,14,49.4,81.4,22,51.7,87.7
M057,166.5,14,49.4,81.4,24,52.5,90.2
M057,166.5,14,49.4,81.4,26,53.0,90.0
M057,166.5,14,49.4,81.4,28,53.7,91.7
M057,166.5,14,49.4,81.4,30,54.3,94.1
M057,166.5,14,49.4,81.4,32,54.9,94.7
M057,166.5,14,49.4,81.4,34,55.8,96.0
M057,166.5,14,49.4,81.4,36,56.7,97.5
M057,166.5,14,49.4,81.4,38,57.2,99.7
M057,166.5,14,49.4,81.4,40,58.0,100.9
M057,166.5,16,50.1,83.4,18,50.8,84.6
M057,166.5,16,50.1,83.4,20,51.1,86.4
M057,166.5,16,50.1,83.4,22,51.7,87.7
M057,166.5,16,50.1,83.4,24,52.5,90.2
M057,166.5,16,50.1,83.4,26,53.0,90.0
M057,166.5,16,50.1,83.4,28,53.7,91.7
M057,166.5,16,50.1,83.4,30,54.3,94.1
M057,166.5,16,50.1,83.4,32,54.9,94.7
M057,166.5,16,50.1,83.4,34,55.8,96.0
M057,166.5,16,50.1,83.4,36,56.7,97.5
M057,166.5,16,50.1,83.4,38,57.2,99.7
M057,166.5,16,50.1,83.4,40,58.0,100.9
M057,166.5,18,50.8,84.6,20,51.1,86.4
M057,166.5,18,50.8,84.6,22,51.7,87.7
M057,166.5,18,50.8,84.6,24,52.5,90.2
M057,166.5,18,50.8,84.6,26,53.0,90.0
M057,166.5,18,50.8,84.6,28,53.7,91.7
M057,166.5,18,50.8,84.6,30,54.3,94.1
M057,166.5,18,50.8,84.6,32,54.9,94.7
M057,166.5,18,50.8,84.6,34,55.8,96.0
M057,166.5,18,50.8,84.6,36,56.7,97.5
M057,166.5,18,50.8,84.6,38,57.2,99.7
M057,166.5,18,50.8,84.6,40,58.0,100.9
M057,166.5,20,51.1,86.4,22,51.7,87.7
M057,166.5,20,51.1,86.4,24,52.5,90.2
M057,166.5,20,51.1,86.4,26,53.0,90.0
M057,166.5,20,51.1,86.4,28,53.7,91.7
M057,166.5,20,51.1,86.4,30,54.3,94.1
M057,166.5,20,51.1,86.4,32,54.9,94.7
M057,166.5,20,51.1,86.4,34,55.8,96.0
M057,166.5,20,51.1,86.4,36,56.7,97.5
M057,166.5,20,51.1,86.4,38,57.2,99.7
M057,166.5,20,51.1,86.4,40,58.0,100.9
M057,166.5,22,51.7,87.7,24,52.5,90.2
M057,166.5,22,51.7,87.7,26,53.0,90.0
M057,166.5,22,51.7,87.7,28,53.7,91.7
M057,166.5,22,51.7,87.7,30,54.3,94.1
M057,166.5,22,51.7,87.7,32,54.9,94.7
M057,166.5,22,51.7,87.7,34,55.8,96.0
M057,166.5,22,51.7,87.7,36,56.7,97.5
M057,166.5,22,51.7,87.7,38,57.2,99.7
M057,166.5,22,51.7,87.7,40,58.0,100.9
M057,166.5,24,52.5,90.2,26,53.0,90.0
M057,166.5,24,52.5,90.2,28,53.7,91.7
M057,166.5,24,52.5,90.2,30,54.3,94.1
M057,166.5,24,52.5,90.2,32,54.9,94.7
M057,166.5,24,52.5,90.2,34,55.8,96.0
M057,166.5,24,52.5,90.2,36,56.7,97.5
M057,166.5,24,52.5,90.2,38,57.2,99.7
M057,166.5,24,52.5,90.2,40,58.0,100.9
M057,166.5,26,53.0,90.0,28,53.7,91.7
M057,166.5,26,53.0,90.0,30,54.3,94.1
M057,166.5,26,53.0,90.0,32,54.9,94.7
M057,166.5,26,53.0,90.0,34,55.8,96.0
M057,166.5,26,53.0,90.0,36,56.7,97.5
M057,166.5,26,53.0,90.0,38,57.2,99.7
M057,166.5,26,53.0,90.0,40,58.0,100.9
M057,166.5,28,53.7,91.7,30,54.3,94.1
M057,166.5,28,53.7,91.7,32,54.9,94.7
M057,166.5,28,53.7,91.7,34,55.8,96.0
M057,166.5,28,53.7,91.7,36,56.7,97.5
M057,166.5,28,53.7,91.7,38,57.2,99.7
M057,166.5,28,53.7,91.7,40,58.0,100.9
M057,166.5,30,54.3,94.1,32,54.9,94.7
M057,166.5,30,54.3,94.1,34,55.8,96.0
M057,166.5,30,54.3,94.1,36,56.7,97.5
M057,166.5,30,54.3,94.1,38,57.2,99.7
M057,166.5,30,54.3,94.1,40,58.0,100.9
M057,166.5,32,54.9,94.7,34,55.8,96.0
M057,166.5,32,54.9,94.7,36,56.7,97.5
M057,166.5,32,54.9,94.7,38,57.2,99.7
M057,166.5,32,54.9,94.7,40,58.0,100.9
M057,166.5,34,55.8,96.0,36,56.7,97.5
M057,166.5,34,55.8,96.0,38,57.2,99.7
M057,166.5,34,55.8,96.0,40,58.0,100.9
M057,166.5,36,56.7,97.5,38,57.2,99.7
M057,166.5,36,56.7,97.5,40,58.0,100.9
M057,166.5,38,57.2,99.7,40,58.0,100.9
M058,161.9,12,49.8,68.0,14,50.4,70.0
M058,161.9,12,49.8,68.0,16,50.8,70.5
M058,161.9,12,49.8,68.0,18,51.5,72.5
M058,161.9,12,49.8,68.0,20,52.4,74.0
M058,161.9,12,49.8,68.0,22,52.6,75.6
M058,161.9,12,49.8,68.0,24,53.1,77.6
M058,161.9,12,49.8,68.0,26,54.2,79.4
M058,161.9,12,49.8,68.0,28,54.7,81.3
M058,161.9,12,49.8,68.0,30,55.8,82.7
M058,161.9,12,49.8,68.0,32,56.3,84.5
M058,161.9,12,49.8,68.0,34,57.1,86.5
M058,161.9,12,49.8,68.0,36,58.2,88.1
M058,161.9,12,49.8,68.0,38,59.0,90.1
M058,161.9,12,49.8,68.0,40,59.5,91.8
M058,161.9,14,50.4,70.0,16,50.8,70.5
M058,161.9,14,50.4,70.0,18,51.5,72.5
M058,161.9,14,50.4,70.0,20,52.4,74.0
M058,161.9,14,50.4,70.0,22,52.6,75.6
M058,161.9,14,50.4,70.0,24,53.1,77.6
M058,161.9,14,50.4,70.0,26,54.2,79.4
M058,161.9,14,50.4,70.0,28,54.7,81.3
M058,161.9,14,50.4,70.0,30,55.8,82.7
M058,161.9,14,50.4,70.0,32,56.3,84.5
M058,161.9,14,50.4,70.0,34,57.1,86.5
M058,161.9,14,50.4,70.0,36,58.2,88.1
M058,161.9,14,50.4,70.0,38,59.0,90.1
M058,161.9,14,50.4,70.0,40,59.5,91.8
M058,161.9,16,50.8,70.5,18,51.5,72.5
M058,161.9,16,50.8,70.5,20,52.4,74.0
M058,161.9,16,50.8,70.5,22,52.6,75.6
M058,161.9,16,50.8,70.5,24,53.1,77.6
M058,161.9,16,50.8,70.5,26,54.2,79.4
M058,161.9,16,50.8,70.5,28,54.7,81.3
M058,161.9,16,50.8,70.5,30,55.8,82.7
M058,161.9,16,50.8,70.5,32,56.3,84.5
M058,161.9,16,50.8,70.5,34,57.1,86.5
M058,161.9,16,50.8,70.5,36,58.2,88.1
M058,161.9,16,50.8,70.5,38,59.0,90.1
M058,161.9,16,50.8,70.5,40,59.5,91.8
M058,161.9,18,51.5,72.5,20,52.4,74.0
M058,161.9,18,51.5,72.5,22,52.6,75.6
M058,161.9,18,51.5,72.5,24,53.1,77.6
M058,161.9,18,51.5,72.5,26,54.2,79.4
M058,161.9,18,51.5,72.5,28,54.7,81.3
M058,161.9,18,51.5,72.5,30,55.8,82.7
M058,161.9,18,51.5,72.5,32,56.3,84.5
M058,161.9,18,51.5,72.5,34,57.1,86.5
M058,161.9,18,51.5,72.5,36,58.2,88.1
M058,161.9,18,51.5,72.5,38,59.0,90.1
M058,161.9,18,51.5,72.5,40,59.5,91.8
M058,161.9,20,52.4,74.0,22,52.6,75.6
M058,161.9,20,52.4,74.0,24,53.1,77.6
M058,161.9,20,52.4,74.0,26,54.2,79.4
M058,161.9,20,52.4,74.0,28,54.7,81.3
M058,161.9,20,52.4,74.0,30,55.8,82.7
M058,161.9,20,52.4,74.0,32,56.3,84.5
M058,161.9,20,52.4,74.0,34,57.1,86.5
M058,161.9,20,52.4,74.0,36,58.2,88.1
M058,161.9,20,52.4,74.0,38,59.0,90.1
M058,161.9,20,52.4,74.0,40,59.5,91.8
M058,161.9,22,52.6,75.6,24,53.1,77.6
M058,161.9,22,52.6,75.6,26,54.2,79.4
M058,161.9,22,52.6,75.6,28,54.7,81.3
M058,161.9,22,52.6,75.6,30,55.8,82.7
M058,161.9,22,52.6,75.6,32,56.3,84.5
M058,161.9,22,52.6,75.6,34,57.1,86.5
M058,161.9,22,52.6,75.6,36,58.2,88.1
M058,161.9,22,52.6,75.6,38,59.0,90.1
M058,161.9,22,52.6,75.6,40,59.5,91.8
M058,161.9,24,53.1,77.6,26,54.2,79.4
M058,161.9,24,53.1,77.6,28,54.7,81.3
M058,161.9,24,53.1,77.6,30,55.8,82.7
M058,161.9,24,53.1,77.6,32,56.3,84.5
M058,161.9,24,53.1,77.6,34,57.1,86.5
M058,161.9,24,53.1,77.6,36,58.2,88.1
M058,161.9,24,53.1,77.6,38,59.0,90.1
M058,161.9,24,53.1,77.6,40,59.5,91.8
M058,161.9,26,54.2,79.4,28,54.7,81.3
M058,161.9,26,54.2,79.4,30,55.8,82.7
M058,161.9,26,54.2,79.4,32,56.3,84.5
M058,161.9,26,54.2,79.4,34,57.1,86.5
M058,161.9,26,54.2,79.4,36,58.2,88.1
M058,161.9,26,54.2,79.4,38,59.0,90.1
M058,161.9,26,54.2,79.4,40,59.5,91.8
M058,161.9,28,54.7,81.3,30,55.8,82.7
M058,161.9,28,54.7,81.3,32,56.3,84.5
M058,161.9,28,54.7,81.3,34,57.1,86.5
M058,161.9,28,54.7,81.3,36,58.2,88.1
M058,161.9,28,54.7,81.3,38,59.0,90.1
M058,161.9,28,54.7,81.3,40,59.5,91.8
M058,161.9,30,55.8,82.7,32,56.3,84.5
M058,161.9,30,55.8,82.7,34,57.1,86.5
M058,161.9,30,55.8,82.7,36,58.2,88.1
M058,161.9,30,55.8,82.7,38,59.0,90.1
M058,161.9,30,55.8,82.7,40,59.5,91.8
M058,161.9,32,56.3,84.5,34,57.1,86.5
M058,161.9,32,56.3,84.5,36,58.2,88.1
M058,161.9,32,56.3,84.5,38,59.0,90.1
M058,161.9,32,56.3,84.5,40,59.5,91.8
M058,161.9,34,57.1,86.5,36,58.2,88.1
M058,161.9,34,57.1,86.5,38,59.0,90.1
M058,161.9,34,57.1,86.5,40,59.5,91.8
M058,161.9,36,58.2,88.1,38,59.0,90.1
M058,161.9,36,58.2,88.1,40,59.5,91.8
M058,161.9,38,59.0,90.1,40,59.5,91.8
M059,172.6,12,69.7,90.5,14,70.0,90.7
M059,172.6,12,69.7,90.5,16,71.0,90.7
M059,172.6,12,69.7,90.5,18,71.9,92.1
M059,172.6,12,69.7,90.5,20,72.5,92.6
M059,172.6,12,69.7,90.5,22,73.2,92.9
M059,172.6,12,69.7,90.5,24,74.2,94.3
M059,172.6,12,69.7,90.5,26,75.4,94.9
M059,172.6,12,69.7,90.5,28,76.3,95.5
M059,172.6,12,69.7,90.5,30,77.6,96.4
M059,172.6,12,69.7,90.5,32,78.4,97.1
M059,172.6,12,69.7,90.5,34,79.2,97.6
M059,172.6,12,69.7,90.5,36,79.9,98.1
M059,172.6,12,69.7,90.5,38,81.2,99.2
M059,172.6,12,69.7,90.5,40,82.1,99.8
M059,172.6,14,70.0,90.7,16,71.0,90.7
M059,172.6,14,70.0,90.7,18,71.9,92.1
M059,172.6,14,70.0,90.7,20,72.5,92.6
M059,172.6,14,70.0,90.7,22,73.2,92.9
M059,172.6,14,70.0,90.7,24,74.2,94.3
M059,172.6,14,70.0,90.7,26,75.4,94.9
M059,172.6,14,70.0,90.7,28,76.3,95.5
M059,172.6,14,70.0,90.7,30,77.6,96.4
M059,172.6,14,70.0,90.7,32,78.4,97.1
M059,172.6,14,70.0,90.7,34,79.2,97.6
M059,172.6,14,70.0,90.7,36,79.9,98.1
M059,172.6,14,70.0,90.7,38,81.2,99.2
M059,172.6,14,70.0,90.7,40,82.1,99.8
M059,172.6,16,71.0,90.7,18,71.9,92.1
M059,172.6,16,71.0,90.7,20,72.5,92.6
M059,172.6,16,71.0,90.7,22,73.2,92.9
M059,172.6,16,71.0,90.7,24,74.2,94.3
M059,172.6,16,71.0,90.7,26,75.4,94.9
M059,172.6,16,71.0,90.7,28,76.3,95.5
M059,172.6,16,71.0,90.7,30,77.6,96.4
M059,172.6,16,71.0,90.7,32,78.4,97.1
M059,172.6,16,71.0,90.7,34,79.2,97.6
M059,172.6,16,71.0,90.7,36,79.9,98.1
M059,172.6,16,71.0,90.7,38,81.2,99.2
M059,172.6,16,71.0,90.7,40,82.1,99.8
M059,172.6,18,71.9,92.1,20,72.5,92.6
M059,172.6,18,71.9,92.1,22,73.2,92.9
M059,172.6,18,71.9,92.1,24,74.2,94.3
M059,172.6,18,71.9,92.1,26,75.4,94.9
M059,172.6,18,71.9,92.1,28,76.3,95.5
M059,172.6,18,71.9,92.1,30,77.6,96.4
M059,172.6,18,71.9,92.1,32,78.4,97.1
M059,172.6,18,71.9,92.1,34,79.2,97.6
M059,172.6,18,71.9,92.1,36,79.9,98.1
M059,172.6,18,71.9,92.1,38,81.2,99.2
M059,172.6,18,71.9,92.1,40,82.1,99.8
M059,172.6,20,72.5,92.6,22,73.2,92.9
M059,172.6,20,72.5,92.6,24,74.2,94.3
M059,172.6,20,72.5,92.6,26,75.4,94.9
M059,172.6,20,72.5,92.6,28,76.3,95.5
M059,172.6,20,72.5,92.6,30,77.6,96.4
M059,172.6,20,72.5,92.6,32,78.4,97.1
M059,172.6,20,72.5,92.6,34,79.2,97.6
M059,172.6,20,72.5,92.6,36,79.9,98.1
M059,172.6,20,72.5,92.6,38,81.2,99.2
M059,172.6,20,72.5,92.6,40,82.1,99.8
M059,172.6,22,73.2,92.9,24,74.2,94.3
M059,172.6,22,73.2,92.9,26,75.4,94.9
M059,172.6,22,73.2,92.9,28,76.3,95.5
M059,172.6,22,73.2,92.9,30,77.6,96.4
M059,172.6,22,73.2,92.9,32,78.4,97.1
M059,172.6,22,73.2,92.9,34,79.2,97.6
M059,172.6,22,73.2,92.9,36,79.9,98.1
M059,172.6,22,73.2,92.9,38,81.2,99.2
M059,172.6,22,73.2,92.9,40,82.1,99.8
M059,172.6,24,74.2,94.3,26,75.4,94.9
M059,172.6,24,74.2,94.3,28,76.3,95.5
M059,172.6,24,74.2,94.3,30,77.6,96.4
M059,172.6,24,74.2,94.3,32,78.4,97.1
M059,172.6,24,74.2,94.3,34,79.2,97.6
M059,172.6,24,74.2,94.3,36,79.9,98.1
M059,172.6,24,74.2,94.3,38,81.2,99.2
M059,172.6,24,74.2,94.3,40,82.1,99.8
M059,172.6,26,75.4,94.9,28,76.3,95.5
M059,172.6,26,75.4,94.9,30,77.6,96.4
M059,172.6,26,75.4,94.9,32,78.4,97.1
M059,172.6,26,75.4,94.9,34,79.2,97.6
M059,172.6,26,75.4,94.9,36,79.9,98.1
M059,172.6,26,75.4,94.9,38,81.2,99.2
M059,172.6,26,75.4,94.9,40,82.1,99.8
M059,172.6,28,76.3,95.5,30,77.6,96.4
M059,172.6,28,76.3,95.5,32,78.4,97.1
M059,172.6,28,76.3,95.5,34,79.2,97.6
M059,172.6,28,76.3,95.5,36,79.9,98.1
M059,172.6,28,76.3,95.5,38,81.2,99.2
M059,172.6,28,76.3,95.5,40,82.1,99.8
M059,172.6,30,77.6,96.4,32,78.4,97.1
M059,172.6,30,77.6,96.4,34,79.2,97.6
M059,172.6,30,77.6,96.4,36,79.9,98.1
M059,172.6,30,77.6,96.4,38,81.2,99.2
M059,172.6,30,77.6,96.4,40,82.1,99.8
M059,172.6,32,78.4,97.1,34,79.2,97.6
M059,172.6,32,78.4,97.1,36,79.9,98.1
M059,172.6,32,78.4,97.1,38,81.2,99.2
M059,172.6,32,78.4,97.1,40,82.1,99.8
M059,172.6,34,79.2,97.6,36,79.9,98.1
M059,172.6,34,79.2,97.6,38,81.2,99.2
M059,172.6,34,79.2,97.6,40,82.1,99.8
M059,172.6,36,79.9,98.1,38,81.2,99.2
M059,172.6,36,79.9,98.1,40,82.1,99.8
M059,172.6,38,81.2,99.2,40,82.1,99.8
M060,163.6,12,56.7,70.6,14,57.4,72.1
M060,163.6,12,56.7,70.6,16,58.2,73.6
M060,163.6,12,56.7,70.6,18,58.3,75.5
M060,163.6,12,56.7,70.6,20,59.5,76.6
M060,163.6,12,56.7,70.6,22,60.5,78.8
M060,163.6,12,56.7,70.6,24,61.5,80.5
M060,163.6,12,56.7,70.6,26,62.2,82.4
M060,163.6,12,56.7,70.6,28,63.0,83.8
M060,163.6,12,56.7,70.6,30,63.8,84.6
M060,163.6,12,56.7,70.6,32,65.2,87.5
M060,163.6,12,56.7,70.6,34,66.1,89.6
M060,163.6,12,56.7,70.6,36,67.0,91.2
M060,163.6,12,56.7,70.6,38,68.1,93.3
M060,163.6,12,56.7,70.6,40,69.0,95.0
M060,163.6,14,57.4,72.1,16,58.2,73.6
M060,163.6,14,57.4,72.1,18,58.3,75.5
M060,163.6,14,57.4,72.1,20,59.5,76.6
M060,163.6,14,57.4,72.1,22,60.5,78.8
M060,163.6,14,57.4,72.1,24,61.5,80.5
M060,163.6,14,57.4,72.1,26,62.2,82.4
M060,163.6,14,57.4,72.1,28,63.0,83.8
M060,163.6,14,57.4,72.1,30,63.8,84.6
M060,163.6,14,57.4,72.1,32,65.2,87.5
M060,163.6,14,57.4,72.1,34,66.1,89.6
M060,163.6,14,57.4,72.1,36,67.0,91.2
M060,163.6,14,57.4,72.1,38,68.1,93.3
M060,163.6,14,57.4,72.1,40,69.0,95.0
M060,163.6,16,58.2,73.6,18,58.3,75.5
M060,163.6,16,58.2,73.6,20,59.5,76.6
M060,163.6,16,58.2,73.6,22,60.5,78.8
M060,163.6,16,58.2,73.6,24,61.5,80.5
M060,163.6,16,58.2,73.6,26,62.2,82.4
M060,163.6,16,58.2,73.6,28,63.0,83.8
M060,163.6,16,58.2,73.6,30,63.8,84.6
M060,163.6,16,58.2,73.6,32,65.2,87.5
M060,163.6,16,58.2,73.6,34,66.1,89.6
M060,163.6,16,58.2,73.6,36,67.0,91.2
M060,163.6,16,58.2,73.6,38,68.1,93.3
M060,163.6,16,58.2,73.6,40,69.0,95.0
M060,163.6,18,58.3,75.5,20,59.5,76.6
M060,163.6,18,58.3,75.5,22,60.5,78.8
M060,163.6,18,58.3,75.5,24,61.5,80.5
M060,163.6,18,58.3,75.5,26,62.2,82.4
M060,163.6,18,58.3,75.5,28,63.0,83.8
M060,163.6,18,58.3,75.5,30,63.8,84.6
M060,163.6,18,58.3,75.5,32,65.2,87.5
M060,163.6,18,58.3,75.5,34,66.1,89.6
M060,163.6,18,58.3,75.5,36,67.0,91.2
M060,163.6,18,58.3,75.5,38,68.1,93.3
M060,163.6,18,58.3,75.5,40,69.0,95.0
M060,163.6,20,59.5,76.6,22,60.5,78.8
M060,163.6,20,59.5,76.6,24,61.5,80.5
M060,163.6,20,59.5,76.6,26,62.2,82.4
M060,163.6,20,59.5,76.6,28,63.0,83.8
M060,163.6,20,59.5,76.6,30,63.8,84.6
M060,163.6,20,59.5,76.6,32,65.2,87.5
M060,163.6,20,59.5,76.6,34,66.1,89.6
M060,163.6,20,59.5,76.6,36,67.0,91.2
M060,163.6,20,59.5,76.6,38,68.1,93.3
M060,163.6,20,59.5,76.6,40,69.0,95.0
M060,163.6,22,60.5,78.8,24,61.5,80.5
M060,163.6,22,60.5,78.8,26,62.2,82.4
M060,163.6,22,60.5,78.8,28,63.0,83.8
M060,163.6,22,60.5,78.8,30,63.8,84.6
M060,163.6,22,60.5,78.8,32,65.2,87.5
M060,163.6,22,60.5,78.8,34,66.1,89.6
M060,163.6,22,60.5,78.8,36,67.0,91.2
M060,163.6,22,60.5,78.8,38,68.1,93.3
M060,163.6,22,60.5,78.8,40,69.0,95.0
M060,163.6,24,61.5,80.5,26,62.2,82.4
M060,163.6,24,61.5,80.5,28,63.0,83.8
M060,163.6,24,61.5,80.5,30,63.8,84.6
M060,163.6,24,61.5,80.5,32,65.2,87.5
M060,163.6,24,61.5,80.5,34,66.1,89.6
M060,163.6,24,61.5,80.5,36,67.0,91.2
M060,163.6,24,61.5,80.5,38,68.1,93.3
M060,163.6,24,61.5,80.5,40,69.0,95.0
M060,163.6,26,62.2,82.4,28,63.0,83.8
M060,163.6,26,62.2,82.4,30,63.8,84.6
M060,163.6,26,62.2,82.4,32,65.2,87.5
M060,163.6,26,62.2,82.4,34,66.1,89.6
M060,163.6,26,62.2,82.4,36,67.0,91.2
M060,163.6,26,62.2,82.4,38,68.1,93.3
M060,163.6,26,62.2,82.4,40,69.0,95.0
M060,163.6,28,63.0,83.8,30,63.8,84.6
M060,163.6,28,63.0,83.8,32,65.2,87.5
M060,163.6,28,63.0,83.8,34,66.1,89.6
M060,163.6,28,63.0,83.8,36,67.0,91.2
M060,163.6,28,63.0,83.8,38,68.1,93.3
M060,163.6,28,63.0,83.8,40,69.0,95.0
M060,163.6,30,63.8,84.6,32,65.2,87.5
M060,163.6,30,63.8,84.6,34,66.1,89.6
M060,163.6,30,63.8,84.6,36,67.0,91.2
M060,163.6,30,63.8,84.6,38,68.1,93.3
M060,163.6,30,63.8,84.6,40,69.0,95.0
M060,163.6,32,65.2,87.5,34,66.1,89.6
M060,163.6,32,65.2,87.5,36,67.0,91.2
M060,163.6,32,65.2,87.5,38,68.1,93.3
M060,163.6,32,65.2,87.5,40,69.0,95.0
M060,163.6,34,66.1,89.6,36,67.0,91.2
M060,163.6,34,66.1,89.6,38,68.1,93.3
M060,163.6,34,66.1,89.6,40,69.0,95.0
M060,163.6,36,67.0,91.2,38,68.1,93.3
M060,163.6,36,67.0,91.2,40,69.0,95.0
M060,163.6,38,68.1,93.3,40,69.0,95.0
M061,163.4,12,67.6,81.8,14,68.0,83.5
M061,163.4,12,67.6,81.8,16,68.5,85.3
M061,163.4,12,67.6,81.8,18,69.6,88.1
M061,163.4,12,67.6,81.8,20,69.8,89.9
M061,163.4,12,67.6,81.8,22,71.1,92.1
M061,163.4,12,67.6,81.8,24,71.7,94.2
M061,163.4,12,67.6,81.8,26,72.6,96.2
M061,163.4,12,67.6,81.8,28,73.6,99.1
M061,163.4,12,67.6,81.8,30,74.3,100.6
M061,163.4,12,67.6,81.8,32,75.0,103.4
M061,163.4,12,67.6,81.8,34,75.8,105.5
M061,163.4,12,67.6,81.8,36,76.6,108.4
M061,163.4,12,67.6,81.8,38,77.7,110.6
M061,163.4,12,67.6,81.8,40,78.6,112.5
M061,163.4,14,68.0,83.5,16,68.5,85.3
M061,163.4,14,68.0,83.5,18,69.6,88.1
M061,163.4,14,68.0,83.5,20,69.8,89.9
M061,163.4,14,68.0,83.5,22,71.1,92.1
M061,163.4,14,68.0,83.5,24,71.7,94.2
M061,163.4,14,68.0,83.5,26,72.6,96.2
M061,163.4,14,68.0,83.5,28,73.6,99.1
M061,163.4,14,68.0,83.5,30,74.3,100.6
M061,163.4,14,68.0,83.5,32,75.0,103.4
M061,163.4,14,68.0,83.5,34,75.8,105.5
M061,163.4,14,68.0,83.5,36,76.6,108.4
M061,163.4,14,68.0,83.5,38,77.7,110.6
M061,163.4,14,68.0,83.5,40,78.6,112.5
M061,163.4,16,68.5,85.3,18,69.6,88.1
M061,163.4,16,68.5,85.3,20,69.8,89.9
M061,163.4,16,68.5,85.3,22,71.1,92.1
M061,163.4,16,68.5,85.3,24,71.7,94.2
M061,163.4,16,68.5,85.3,26,72.6,96.2
M061,163.4,16,68.5,85.3,28,73.6,99.1
M061,163.4,16,68.5,85.3,30,74.3,100.6
M061,163.4,16,68.5,85.3,32,75.0,103.4
M061,163.4,16,68.5,85.3,34,75.8,105.5
M061,163.4,16,68.5,85.3,36,76.6,108.4
M061,163.4,16,68.5,85.3,38,77.7,110.6
M061,163.4,16,68.5,85.3,40,78.6,112.5
M061,163.4,18,69.6,88.1,20,69.8,89.9
M061,163.4,18,69.6,88.1,22,71.1,92.1
M061,163.4,18,69.6,88.1,24,71.7,94.2
M061,163.4,18,69.6,88.1,26,72.6,96.2
M061,163.4,18,69.6,88.1,28,73.6,99.1
M061,163.4,18,69.6,88.1,30,74.3,100.6
M061,163.4,18,69.6,88.1,32,75.0,103.4
M061,163.4,18,69.6,88.1,34,75.8,105.5
M061,163.4,18,69.6,88.1,36,76.6,108.4
M061,163.4,18,69.6,88.1,38,77.7,110.6
M061,163.4,18,69.6,88.1,40,78.6,112.5
M061,163.4,20,69.8,89.9,22,71.1,92.1
M061,163.4,20,69.8,89.9,24,71.7,94.2
M061,163.4,20,69.8,89.9,26,72.6,96.2
M061,163.4,20,69.8,89.9,28,73.6,99.1
M061,163.4,20,69.8,89.9,30,74.3,100.6
M061,163.4,20,69.8,89.9,32,75.0,103.4
M061,163.4,20,69.8,89.9,34,75.8,105.5
M061,163.4,20,69.8,89.9,36,76.6,108.4
M061,163.4,20,69.8,89.9,38,77.7,110.6
M061,163.4,20,69.8,89.9,40,78.6,112.5
M061,163.4,22,71.1,92.1,24,71.7,94.2
M061,163.4,22,71.1,92.1,26,72.6,96.2
M061,163.4,22,71.1,92.1,28,73.6,99.1
M061,163.4,22,71.1,92.1,30,74.3,100.6
M061,163.4,22,71.1,92.1,32,75.0,103.4
M061,163.4,22,71.1,92.1,34,75.8,105.5
M061,163.4,22,71.1,92.1,36,76.6,108.4
M061,163.4,22,71.1,92.1,38,77.7,110.6
M061,163.4,22,71.1,92.1,40,78.6,112.5
M061,163.4,24,71.7,94.2,26,72.6,96.2
M061,163.4,24,71.7,94.2,28,73.6,99.1
M061,163.4,24,71.7,94.2,30,74.3,100.6
M061,163.4,24,71.7,94.2,32,75.0,103.4
M061,163.4,24,71.7,94.2,34,75.8,105.5
M061,163.4,24,71.7,94.2,36,76.6,108.4
M061,163.4,24,71.7,94.2,38,77.7,110.6
M061,163.4,24,71.7,94.2,40,78.6,112.5
M061,163.4,26,72.6,96.2,28,73.6,99.1
M061,163.4,26,72.6,96.2,30,74.3,100.6
M061,163.4,26,72.6,96.2,32,75.0,103.4
M061,163.4,26,72.6,96.2,34,75.8,105.5
M061,163.4,26,72.6,96.2,36,76.6,108.4
M061,163.4,26,72.6,96.2,38,77.7,110.6
M061,163.4,26,72.6,96.2,40,78.6,112.5
M061,163.4,28,73.6,99.1,30,74.3,100.6
M061,163.4,28,73.6,99.1,32,75.0,103.4
M061,163.4,28,73.6,99.1,34,75.8,105.5
M061,163.4,28,73.6,99.1,36,76.6,108.4
M061,163.4,28,73.6,99.1,38,77.7,110.6
M061,163.4,28,73.6,99.1,40,78.6,112.5
M061,163.4,30,74.3,100.6,32,75.0,103.4
M061,163.4,30,74.3,100.6,34,75.8,105.5
M061,163.4,30,74.3,100.6,36,76.6,108.4
M061,163.4,30,74.3,100.6,38,77.7,110.6
M061,163.4,30,74.3,100.6,40,78.6,112.5
M061,163.4,32,75.0,103.4,34,75.8,105.5
M061,163.4,32,75.0,103.4,36,76.6,108.4
M061,163.4,32,75.0,103.4,38,77.7,110.6
M061,163.4,32,75.0,103.4,40,78.6,112.5
M061,163.4,34,75.8,105.5,36,76.6,108.4
M061,163.4,34,75.8,105.5,38,77.7,110.6
M061,163.4,34,75.8,105.5,40,78.6,112.5
M061,163.4,36,76.6,108.4,38,77.7,110.6
M061,163.4,36,76.6,108.4,40,78.6,112.5
M061,163.4,38,77.7,110.6,40,78.6,112.5
M062,160.3,12,44.8,80.2,14,45.5,82.3
M062,160.3,12,44.8,80.2,16,46.6,83.5
M062,160.3,12,44.8,80.2,18,47.4,84.3
M062,160.3,12,44.8,80.2,20,48.2,85.8
M062,160.3,12,44.8,80.2,22,49.3,86.5
M062,160.3,12,44.8,80.2,24,50.3,88.2
M062,160.3,12,44.8,80.2,26,51.4,89.2
M062,160.3,12,44.8,80.2,28,52.2,91.3
M062,160.3,12,44.8,80.2,30,53.0,91.9
M062,160.3,12,44.8,80.2,32,54.5,93.2
M062,160.3,12,44.8,80.2,34,55.2,94.9
M062,160.3,12,44.8,80.2,36,56.6,96.0
M062,160.3,12,44.8,80.2,38,57.7,97.6
M062,160.3,12,44.8,80.2,40,58.9,99.4
M062,160.3,14,45.5,82.3,16,46.6,83.5
M062,160.3,14,45.5,82.3,18,47.4,84.3
M062,160.3,14,45.5,82.3,20,48.2,85.8
M062,160.3,14,45.5,82.3,22,49.3,86.5
M062,160.3,14,45.5,82.3,24,50.3,88.2
M062,160.3,14,45.5,82.3,26,51.4,89.2
M062,160.3,14,45.5,82.3,28,52.2,91.3
M062,160.3,14,45.5,82.3,30,53.0,91.9
M062,160.3,14,45.5,82.3,32,54.5,93.2
M062,160.3,14,45.5,82.3,34,55.2,94.9
M062,160.3,14,45.5,82.3,36,56.6,96.0
M062,160.3,14,45.5,82.3,38,57.7,97.6
M062,160.3,14,45.5,82.3,40,58.9,99.4
M062,160.3,16,46.6,83.5,18,47.4,84.3
M062,160.3,16,46.6,83.5,20,48.2,85.8
M062,160.3,16,46.6,83.5,22,49.3,86.5
M062,160.3,16,46.6,83.5,24,50.3,88.2
M062,160.3,16,46.6,83.5,26,51.4,89.2
M062,160.3,16,46.6,83.5,28,52.2,91.3
M062,160.3,16,46.6,83.5,30,53.0,91.9
M062,160.3,16,46.6,83.5,32,54.5,93.2
M062,160.3,16,46.6,83.5,34,55.2,94.9
M062,160.3,16,46.6,83.5,36,56.6,96.0
M062,160.3,16,46.6,83.5,38,57.7,97.6
M062,160.3,16,46.6,83.5,40,58.9,99.4
M062,160.3,18,47.4,84.3,20,48.2,85.8
M062,160.3,18,47.4,84.3,22,49.3,86.5
M062,160.3,18,47.4,84.3,24,50.3,88.2
M062,160.3,18,47.4,84.3,26,51.4,89.2
M062,160.3,18,47.4,84.3,28,52.2,91.3
M062,160.3,18,47.4,84.3,30,53.0,91.9
M062,160.3,18,47.4,84.3,32,54.5,93.2
M062,160.3,18,47.4,84.3,34,55.2,94.9
M062,160.3,18,47.4,84.3,36,56.6,96.0
M062,160.3,18,47.4,84.3,38,57.7,97.6
M062,160.3,18,47.4,84.3,40,58.9,99.4
M062,160.3,20,48.2,85.8,22,49.3,86.5
M062,160.3,20,48.2,85.8,24,50.3,88.2
M062,160.3,20,48.2,85.8,26,51.4,89.2
M062,160.3,20,48.2,85.8,28,52.2,91.3
M062,160.3,20,48.2,85.8,30,53.0,91.9
M062,160.3,20,48.2,85.8,32,54.5,93.2
M062,160.3,20,48.2,85.8,34,55.2,94.9
M062,160.3,20,48.2,85.8,36,56.6,96.0
M062,160.3,20,48.2,85.8,38,57.7,97.6
M062,160.3,20,48.2,85.8,40,58.9,99.4
M062,160.3,22,49.3,86.5,24,50.3,88.2
M062,160.3,22,49.3,86.5,26,51.4,89.2
M062,160.3,22,49.3,86.5,28,52.2,91.3
M062,160.3,22,49.3,86.5,30,53.0,91.9
M062,160.3,22,49.3,86.5,32,54.5,93.2
M062,160.3,22,49.3,86.5,34,55.2,94.9
M062,160.3,22,49.3,86.5,36,56.6,96.0
M062,160.3,22,49.3,86.5,38,57.7,97.6
M062,160.3,22,49.3,86.5,40,58.9,99.4
M062,160.3,24,50.3,88.2,26,51.4,89.2
M062,160.3,24,50.3,88.2,28,52.2,91.3
M062,160.3,24,50.3,88.2,30,53.0,91.9
M062,160.3,24,50.3,88.2,32,54.5,93.2
M062,160.3,24,50.3,88.2,34,55.2,94.9
M062,160.3,24,50.3,88.2,36,56.6,96.0
M062,160.3,24,50.3,88.2,38,57.7,97.6
M062,160.3,24,50.3,88.2,40,58.9,99.4
M062,160.3,26,51.4,89.2,28,52.2,91.3
M062,160.3,26,51.4,89.2,30,53.0,91.9
M062,160.3,26,51.4,89.2,32,54.5,93.2
M062,160.3,26,51.4,89.2,34,55.2,94.9
M062,160.3,26,51.4,89.2,36,56.6,96.0
M062,160.3,26,51.4,89.2,38,57.7,97.6
M062,160.3,26,51.4,89.2,40,58.9,99.4
M062,160.3,28,52.2,91.3,30,53.0,91.9
M062,160.3,28,52.2,91.3,32,54.5,93.2
M062,160.3,28,52.2,91.3,34,55.2,94.9
M062,160.3,28,52.2,91.3,36,56.6,96.0
M062,160.3,28,52.2,91.3,38,57.7,97.6
M062,160.3,28,52.2,91.3,40,58.9,99.4
M062,160.3,30,53.0,91.9,32,54.5,93.2
M062,160.3,30,53.0,91.9,34,55.2,94.9
M062,160.3,30,53.0,91.9,36,56.6,96.0
M062,160.3,30,53.0,91.9,38,57.7,97.6
M062,160.3,30,53.0,91.9,40,58.9,99.4
M062,160.3,32,54.5,93.2,34,55.2,94.9
M062,160.3,32,54.5,93.2,36,56.6,96.0
M062,160.3,32,54.5,93.2,38,57.7,97.6
M062,160.3,32,54.5,93.2,40,58.9,99.4
M062,160.3,34,55.2,94.9,36,56.6,96.0
M062,160.3,34,55.2,94.9,38,57.7,97.6
M062,160.3,34,55.2,94.9,40,58.9,99.4
M062,160.3,36,56.6,96.0,38,57.7,97.6
M062,160.3,36,56.6,96.0,40,58.9,99.4
M062,160.3,38,57.7,97.6,40,58.9,99.4
M063,167.7,12,62.0,83.7,14,62.8,85.6
M063,167.7,12,62.0,83.7,16,63.7,87.2
M063,167.7,12,62.0,83.7,18,65.2,89.8
M063,167.7,12,62.0,83.7,20,66.4,91.6
M063,167.7,12,62.0,83.7,22,67.7,93.9
M063,167.7,12,62.0,83.7,24,68.8,95.1
M063,167.7,12,62.0,83.7,26,70.0,97.4
M063,167.7,12,62.0,83.7,28,71.1,99.1
M063,167.7,12,62.0,83.7,30,72.5,101.4
M063,167.7,12,62.0,83.7,32,73.7,102.9
M063,167.7,12,62.0,83.7,34,75.3,106.2
M063,167.7,12,62.0,83.7,36,76.7,107.0
M063,167.7,12,62.0,83.7,38,78.5,109.8
M063,167.7,12,62.0,83.7,40,79.8,111.7
M063,167.7,14,62.8,85.6,16,63.7,87.2
M063,167.7,14,62.8,85.6,18,65.2,89.8
M063,167.7,14,62.8,85.6,20,66.4,91.6
M063,167.7,14,62.8,85.6,22,67.7,93.9
M063,167.7,14,62.8,85.6,24,68.8,95.1
M063,167.7,14,62.8,85.6,26,70.0,97.4
M063,167.7,14,62.8,85.6,28,71.1,99.1
M063,167.7,14,62.8,85.6,30,72.5,101.4
M063,167.7,14,62.8,85.6,32,73.7,102.9
M063,167.7,14,62.8,85.6,34,75.3,106.2
M063,167.7,14,62.8,85.6,36,76.7,107.0
M063,167.7,14,62.8,85.6,38,78.5,109.8
M063,167.7,14,62.8,85.6,40,79.8,111.7
M063,167.7,16,63.7,87.2,18,65.2,89.8
M063,167.7,16,63.7,87.2,20,66.4,91.6
M063,167.7,16,63.7,87.2,22,67.7,93.9
M063,167.7,16,63.7,87.2,24,68.8,95.1
M063,167.7,16,63.7,87.2,26,70.0,97.4
M063,167.7,16,63.7,87.2,28,71.1,99.1
M063,167.7,16,63.7,87.2,30,72.5,101.4
M063,167.7,16,63.7,87.2,32,73.7,102.9
M063,167.7,16,63.7,87.2,34,75.3,106.2
M063,167.7,16,63.7,87.2,36,76.7,107.0
M063,167.7,16,63.7,87.2,38,78.5,109.8
M063,167.7,16,63.7,87.2,40,79.8,111.7
M063,167.7,18,65.2,89.8,20,66.4,91.6
M063,167.7,18,65.2,89.8,22,67.7,93.9
M063,167.7,18,65.2,89.8,24,68.8,95.1
M063,167.7,18,65.2,89.8,26,70.0,97.4
M063,167.7,18,65.2,89.8,28,71.1,99.1
M063,167.7,18,65.2,89.8,30,72.5,101.4
M063,167.7,18,65.2,89.8,32,73.7,102.9
M063,167.7,18,65.2,89.8,34,75.3,106.2
M063,167.7,18,65.2,89.8,36,76.7,107.0
M063,167.7,18,65.2,89.8,38,78.5,109.8
M063,167.7,18,65.2,89.8,40,79.8,111.7
M063,167.7,20,66.4,91.6,22,67.7,93.9
M063,167.7,20,66.4,91.6,24,68.8,95.1
M063,167.7,20,66.4,91.6,26,70.0,97.4
M063,167.7,20,66.4,91.6,28,71.1,99.1
M063,167.7,20,66.4,91.6,30,72.5,101.4
M063,167.7,20,66.4,91.6,32,73.7,102.9
M063,167.7,20,66.4,91.6,34,75.3,106.2
M063,167.7,20,66.4,91.6,36,76.7,107.0
M063,167.7,20,66.4,91.6,38,78.5,109.8
M063,167.7,20,66.4,91.6,40,79.8,111.7
M063,167.7,22,67.7,93.9,24,68.8,95.1
M063,167.7,22,67.7,93.9,26,70.0,97.4
M063,167.7,22,67.7,93.9,28,71.1,99.1
M063,167.7,22,67.7,93.9,30,72.5,101.4
M063,167.7,22,67.7,93.9,32,73.7,102.9
M063,167.7,22,67.7,93.9,34,75.3,106.2
M063,167.7,22,67.7,93.9,36,76.7,107.0
M063,167.7,22,67.7,93.9,38,78.5,109.8
M063,167.7,22,67.7,93.9,40,79.8,111.7
M063,167.7,24,68.8,95.1,26,70.0,97.4
M063,167.7,24,68.8,95.1,28,71.1,99.1
M063,167.7,24,68.8,95.1,30,72.5,101.4
M063,167.7,24,68.8,95.1,32,73.7,102.9
M063,167.7,24,68.8,95.1,34,75.3,106.2
M063,167.7,24,68.8,95.1,36,76.7,107.0
M063,167.7,24,68.8,95.1,38,78.5,109.8
M063,167.7,24,68.8,95.1,40,79.8,111.7
M063,167.7,26,70.0,97.4,28,71.1,99.1
M063,167.7,26,70.0,97.4,30,72.5,101.4
M063,167.7,26,70.0,97.4,32,73.7,102.9
M063,167.7,26,70.0,97.4,34,75.3,106.2
M063,167.7,26,70.0,97.4,36,76.7,107.0
M063,167.7,26,70.0,97.4,38,78.5,109.8
M063,167.7,26,70.0,97.4,40,79.8,111.7
M063,167.7,28,71.1,99.1,30,72.5,101.4
M063,167.7,28,71.1,99.1,32,73.7,102.9
M063,167.7,28,71.1,99.1,34,75.3,106.2
M063,167.7,28,71.1,99.1,36,76.7,107.0
M063,167.7,28,71.1,99.1,38,78.5,109.8
M063,167.7,28,71.1,99.1,40,79.8,111.7
M063,167.7,30,72.5,101.4,32,73.7,102.9
M063,167.7,30,72.5,101.4,34,75.3,106.2
M063,167.7,30,72.5,101.4,36,76.7,107.0
M063,167.7,30,72.5,101.4,38,78.5,109.8
M063,167.7,30,72.5,101.4,40,79.8,111.7
M063,167.7,32,73.7,102.9,34,75.3,106.2
M063,167.7,32,73.7,102.9,36,76.7,107.0
M063,167.7,32,73.7,102.9,38,78.5,109.8
M063,167.7,32,73.7,102.9,40,79.8,111.7
M063,167.7,34,75.3,106.2,36,76.7,107.0
M063,167.7,34,75.3,106.2,38,78.5,109.8
M063,167.7,34,75.3,106.2,40,79.8,111.7
M063,167.7,36,76.7,107.0,38,78.5,109.8
M063,167.7,36,76.7,107.0,40,79.8,111.7
M063,167.7,38,78.5,109.8,40,79.8,111.7
M064,161.7,12,55.2,78.2,14,55.7,79.7
M064,161.7,12,55.2,78.2,16,56.4,81.6
M064,161.7,12,55.2,78.2,18,57.4,82.8
M064,161.7,12,55.2,78.2,20,58.2,85.2
M064,161.7,12,55.2,78.2,22,59.6,87.0
M064,161.7,12,55.2,78.2,24,60.5,88.2
M064,161.7,12,55.2,78.2,26,61.1,90.1
M064,161.7,12,55.2,78.2,28,62.1,92.1
M064,161.7,12,55.2,78.2,30,63.4,93.9
M064,161.7,12,55.2,78.2,32,64.2,96.0
M064,161.7,12,55.2,78.2,34,65.1,97.8
M064,161.7,12,55.2,78.2,36,66.4,99.4
M064,161.7,12,55.2,78.2,38,67.5,101.3
M064,161.7,12,55.2,78.2,40,68.6,103.7
M064,161.7,14,55.7,79.7,16,56.4,81.6
M064,161.7,14,55.7,79.7,18,57.4,82.8
M064,161.7,14,55.7,79.7,20,58.2,85.2
M064,161.7,14,55.7,79.7,22,59.6,87.0
M064,161.7,14,55.7,79.7,24,60.5,88.2
M064,161.7,14,55.7,79.7,26,61.1,90.1
M064,161.7,14,55.7,79.7,28,62.1,92.1
M064,161.7,14,55.7,79.7,30,63.4,93.9
M064,161.7,14,55.7,79.7,32,64.2,96.0
M064,161.7,14,55.7,79.7,34,65.1,97.8
M064,161.7,14,55.7,79.7,36,66.4,99.4
M064,161.7,14,55.7,79.7,38,67.5,101.3
M064,161.7,14,55.7,79.7,40,68.6,103.7
M064,161.7,16,56.4,81.6,18,57.4,82.8
M064,161.7,16,56.4,81.6,20,58.2,85.2
M064,161.7,16,56.4,81.6,22,59.6,87.0
M064,161.7,16,56.4,81.6,24,60.5,88.2
M064,161.7,16,56.4,81.6,26,61.1,90.1
M064,161.7,16,56.4,81.6,28,62.1,92.1
M064,161.7,16,56.4,81.6,30,63.4,93.9
M064,161.7,16,56.4,81.6,32,64.2,96.0
M064,161.7,16,56.4,81.6,34,65.1,97.8
M064,161.7,16,56.4,81.6,36,66.4,99.4
M064,161.7,16,56.4,81.6,38,67.5,101.3
M064,161.7,16,56.4,81.6,40,68.6,103.7
M064,161.7,18,57.4,82.8,20,58.2,85.2
M064,161.7,18,57.4,82.8,22,59.6,87.0
M064,161.7,18,57.4,82.8,24,60.5,88.2
M064,161.7,18,57.4,82.8,26,61.1,90.1
M064,161.7,18,57.4,82.8,28,62.1,92.1
M064,161.7,18,57.4,82.8,30,63.4,93.9
M064,161.7,18,57.4,82.8,32,64.2,96.0
M064,161.7,18,57.4,82.8,34,65.1,97.8
M064,161.7,18,57.4,82.8,36,66.4,99.4
M064,161.7,18,57.4,82.8,38,67.5,101.3
M064,161.7,18,57.4,82.8,40,68.6,103.7
M064,161.7,20,58.2,85.2,22,59.6,87.0
M064,161.7,20,58.2,85.2,24,60.5,88.2
M064,161.7,20,58.2,85.2,26,61.1,90.1
M064,161.7,20,58.2,85.2,28,62.1,92.1
M064,161.7,20,58.2,85.2,30,63.4,93.9
M064,161.7,20,58.2,85.2,32,64.2,96.0
M064,161.7,20,58.2,85.2,34,65.1,97.8
M064,161.7,20,58.2,85.2,36,66.4,99.4
M064,161.7,20,58.2,85.2,38,67.5,101.3
M064,161.7,20,58.2,85.2,40,68.6,103.7
M064,161.7,22,59.6,87.0,24,60.5,88.2
M064,161.7,22,59.6,87.0,26,61.1,90.1
M064,161.7,22,59.6,87.0,28,62.1,92.1
M064,161.7,22,59.6,87.0,30,63.4,93.9
M064,161.7,22,59.6,87.0,32,64.2,96.0
M064,161.7,22,59.6,87.0,34,65.1,97.8
M064,161.7,22,59.6,87.0,36,66.4,99.4
M064,161.7,22,59.6,87.0,38,67.5,101.3
M064,161.7,22,59.6,87.0,40,68.6,103.7
M064,161.7,24,60.5,88.2,26,61.1,90.1
M064,161.7,24,60.5,88.2,28,62.1,92.1
M064,161.7,24,60.5,88.2,30,63.4,93.9
M064,161.7,24,60.5,88.2,32,64.2,96.0
M064,161.7,24,60.5,88.2,34,65.1,97.8
M064,161.7,24,60.5,88.2,36,66.4,99.4
M064,161.7,24,60.5,88.2,38,67.5,101.3
M064,161.7,24,60.5,88.2,40,68.6,103.7
M064,161.7,26,61.1,90.1,28,62.1,92.1
M064,161.7,26,61.1,90.1,30,63.4,93.9
M064,161.7,26,61.1,90.1,32,64.2,96.0
M064,161.7,26,61.1,90.1,34,65.1,97.8
M064,161.7,26,61.1,90.1,36,66.4,99.4
M064,161.7,26,61.1,90.1,38,67.5,101.3
M064,161.7,26,61.1,90.1,40,68.6,103.7
M064,161.7,28,62.1,92.1,30,63.4,93.9
M064,161.7,28,62.1,92.1,32,64.2,96.0
M064,161.7,28,62.1,92.1,34,65.1,97.8
M064,161.7,28,62.1,92.1,36,66.4,99.4
M064,161.7,28,62.1,92.1,38,67.5,101.3
M064,161.7,28,62.1,92.1,40,68.6,103.7
M064,161.7,30,63.4,93.9,32,64.2,96.0
M064,161.7,30,63.4,93.9,34,65.1,97.8
M064,161.7,30,63.4,93.9,36,66.4,99.4
M064,161.7,30,63.4,93.9,38,67.5,101.3
M064,161.7,30,63.4,93.9,40,68.6,103.7
M064,161.7,32,64.2,96.0,34,65.1,97.8
M064,161.7,32,64.2,96.0,36,66.4,99.4
M064,161.7,32,64.2,96.0,38,67.5,101.3
M064,161.7,32,64.2,96.0,40,68.6,103.7
M064,161.7,34,65.1,97.8,36,66.4,99.4
M064,161.7,34,65.1,97.8,38,67.5,101.3
M064,161.7,34,65.1,97.8,40,68.6,103.7
M064,161.7,36,66.4,99.4,38,67.5,101.3
M064,161.7,36,66.4,99.4,40,68.6,103.7
M064,161.7,38,67.5,101.3,40,68.6,103.7
M065,167.0,12,63.1,68.5,14,63.8,69.6
M065,167.0,12,63.1,68.5,16,64.5,71.5
M065,167.0,12,63.1,68.5,18,65.6,72.9
M065,167.0,12,63.1,68.5,20,66.4,75.1
M065,167.0,12,63.1,68.5,22,67.4,77.2
M065,167.0,12,63.1,68.5,24,68.1,78.6
M065,167.0,12,63.1,68.5,26,69.4,80.6
M065,167.0,12,63.1,68.5,28,70.3,82.2
M065,167.0,12,63.1,68.5,30,71.5,84.2
M065,167.0,12,63.1,68.5,32,72.7,86.6
M065,167.0,12,63.1,68.5,34,73.6,88.8
M065,167.0,12,63.1,68.5,36,74.7,90.0
M065,167.0,12,63.1,68.5,38,75.7,92.2
M065,167.0,12,63.1,68.5,40,77.3,94.0
M065,167.0,14,63.8,69.6,16,64.5,71.5
M065,167.0,14,63.8,69.6,18,65.6,72.9
M065,167.0,14,63.8,69.6,20,66.4,75.1
M065,167.0,14,63.8,69.6,22,67.4,77.2
M065,167.0,14,63.8,69.6,24,68.1,78.6
M065,167.0,14,63.8,69.6,26,69.4,80.6
M065,167.0,14,63.8,69.6,28,70.3,82.2
M065,167.0,14,63.8,69.6,30,71.5,84.2
M065,167.0,14,63.8,69.6,32,72.7,86.6
M065,167.0,14,63.8,69.6,34,73.6,88.8
M065,167.0,14,63.8,69.6,36,74.7,90.0
M065,167.0,14,63.8,69.6,38,75.7,92.2
M065,167.0,14,63.8,69.6,40,77.3,94.0
M065,167.0,16,64.5,71.5,18,65.6,72.9
M065,167.0,16,64.5,71.5,20,66.4,75.1
M065,167.0,16,64.5,71.5,22,67.4,77.2
M065,167.0,16,64.5,71.5,24,68.1,78.6
M065,167.0,16,64.5,71.5,26,69.4,80.6
M065,167.0,16,64.5,71.5,28,70.3,82.2
M065,167.0,16,64.5,71.5,30,71.5,84.2
M065,167.0,16,64.5,71.5,32,72.7,86.6
M065,167.0,16,64.5,71.5,34,73.6,88.8
M065,167.0,16,64.5,71.5,36,74.7,90.0
M065,167.0,16,64.5,71.5,38,75.7,92.2
M065,167.0,16,64.5,71.5,40,77.3,94.0
M065,167.0,18,65.6,72.9,20,66.4,75.1
M065,167.0,18,65.6,72.9,22,67.4,77.2
M065,167.0,18,65.6,72.9,24,68.1,78.6
M065,167.0,18,65.6,72.9,26,69.4,80.6
M065,167.0,18,65.6,72.9,28,70.3,82.2
M065,167.0,18,65.6,72.9,30,71.5,84.2
M065,167.0,18,65.6,72.9,32,72.7,86.6
M065,167.0,18,65.6,72.9,34,73.6,88.8
M065,167.0,18,65.6,72.9,36,74.7,90.0
M065,167.0,18,65.6,72.9,38,75.7,92.2
M065,167.0,18,65.6,72.9,40,77.3,94.0
M065,167.0,20,66.4,75.1,22,67.4,77.2
M065,167.0,20,66.4,75.1,24,68.1,78.6
M065,167.0,20,66.4,75.1,26,69.4,80.6
M065,167.0,20,66.4,75.1,28,70.3,82.2
M065,167.0,20,66.4,75.1,30,71.5,84.2
M065,167.0,20,66.4,75.1,32,72.7,86.6
M065,167.0,20,66.4,75.1,34,73.6,88.8
M065,167.0,20,66.4,75.1,36,74.7,90.0
M065,167.0,20,66.4,75.1,38,75.7,92.2
M065,167.0,20,66.4,75.1,40,77.3,94.0
M065,167.0,22,67.4,77.2,24,68.1,78.6
M065,167.0,22,67.4,77.2,26,69.4,80.6
M065,167.0,22,67.4,77.2,28,70.3,82.2
M065,167.0,22,67.4,77.2,30,71.5,84.2
M065,167.0,22,67.4,77.2,32,72.7,86.6
M065,167.0,22,67.4,77.2,34,73.6,88.8
M065,167.0,22,67.4,77.2,36,74.7,90.0
M065,167.0,22,67.4,77.2,38,75.7,92.2
M065,167.0,22,67.4,77.2,40,77.3,94.0
M065,167.0,24,68.1,78.6,26,69.4,80.6
M065,167.0,24,68.1,78.6,28,70.3,82.2
M065,167.0,24,68.1,78.6,30,71.5,84.2
M065,167.0,24,68.1,78.6,32,72.7,86.6
M065,167.0,24,68.1,78.6,34,73.6,88.8
M065,167.0,24,68.1,78.6,36,74.7,90.0
M065,167.0,24,68.1,78.6,38,75.7,92.2
M065,167.0,24,68.1,78.6,40,77.3,94.0
M065,167.0,26,69.4,80.6,28,70.3,82.2
M065,167.0,26,69.4,80.6,30,71.5,84.2
M065,167.0,26,69.4,80.6,32,72.7,86.6
M065,167.0,26,69.4,80.6,34,73.6,88.8
M065,167.0,26,69.4,80.6,36,74.7,90.0
M065,167.0,26,69.4,80.6,38,75.7,92.2
M065,167.0,26,69.4,80.6,40,77.3,94.0
M065,167.0,28,70.3,82.2,30,71.5,84.2
M065,167.0,28,70.3,82.2,32,72.7,86.6
M065,167.0,28,70.3,82.2,34,73.6,88.8
M065,167.0,28,70.3,82.2,36,74.7,90.0
M065,167.0,28,70.3,82.2,38,75.7,92.2
M065,167.0,28,70.3,82.2,40,77.3,94.0
M065,167.0,30,71.5,84.2,32,72.7,86.6
M065,167.0,30,71.5,84.2,34,73.6,88.8
M065,167.0,30,71.5,84.2,36,74.7,90.0
M065,167.0,30,71.5,84.2,38,75.7,92.2
M065,167.0,30,71.5,84.2,40,77.3,94.0
M065,167.0,32,72.7,86.6,34,73.6,88.8
M065,167.0,32,72.7,86.6,36,74.7,90.0
M065,167.0,32,72.7,86.6,38,75.7,92.2
M065,167.0,32,72.7,86.6,40,77.3,94.0
M065,167.0,34,73.6,88.8,36,74.7,90.0
M065,167.0,34,73.6,88.8,38,75.7,92.2
M065,167.0,34,73.6,88.8,40,77.3,94.0
M065,167.0,36,74.7,90.0,38,75.7,92.2
M065,167.0,36,74.7,90.0,40,77.3,94.0
M065,167.0,38,75.7,92.2,40,77.3,94.0
M066,169.6,12,45.9,68.2,14,45.9,69.1
M066,169.6,12,45.9,68.2,16,46.9,70.5
M066,169.6,12,45.9,68.2,18,47.5,72.3
M066,169.6,12,45.9,68.2,20,48.1,74.0
M066,169.6,12,45.9,68.2,22,48.5,74.9
M066,169.6,12,45.9,68.2,24,49.1,76.5
M066,169.6,12,45.9,68.2,26,49.7,77.7
M066,169.6,12,45.9,68.2,28,50.5,78.7
M066,169.6,12,45.9,68.2,30,51.2,80.6
M066,169.6,12,45.9,68.2,32,51.9,82.1
M066,169.6,12,45.9,68.2,34,52.8,83.6
M066,169.6,12,45.9,68.2,36,53.5,85.2
M066,169.6,12,45.9,68.2,38,53.9,86.3
M066,169.6,12,45.9,68.2,40,54.9,87.7
M066,169.6,14,45.9,69.1,16,46.9,70.5
M066,169.6,14,45.9,69.1,18,47.5,72.3
M066,169.6,14,45.9,69.1,20,48.1,74.0
M066,169.6,14,45.9,69.1,22,48.5,74.9
M066,169.6,14,45.9,69.1,24,49.1,76.5
M066,169.6,14,45.9,69.1,26,49.7,77.7
M066,169.6,14,45.9,69.1,28,50.5,78.7
M066,169.6,14,45.9,69.1,30,51.2,80.6
M066,169.6,14,45.9,69.1,32,51.9,82.1
M066,169.6,14,45.9,69.1,34,52.8,83.6
M066,169.6,14,45.9,69.1,36,53.5,85.2
M066,169.6,14,45.9,69.1,38,53.9,86.3
M066,169.6,14,45.9,69.1,40,54.9,87.7
M066,169.6,16,46.9,70.5,18,47.5,72.3
M066,169.6,16,46.9,70.5,20,48.1,74.0
M066,169.6,16,46.9,70.5,22,48.5,74.9
M066,169.6,16,46.9,70.5,24,49.1,76.5
M066,169.6,16,46.9,70.5,26,49.7,77.7
M066,169.6,16,46.9,70.5,28,50.5,78.7
M066,169.6,16,46.9,70.5,30,51.2,80.6
M066,169.6,16,46.9,70.5,32,51.9,82.1
M066,169.6,16,46.9,70.5,34,52.8,83.6
M066,169.6,16,46.9,70.5,36,53.5,85.2
M066,169.6,16,46.9,70.5,38,53.9,86.3
M066,169.6,16,46.9,70.5,40,54.9,87.7
M066,169.6,18,47.5,72.3,20,48.1,74.0
M066,169.6,18,47.5,72.3,22,48.5,74.9
M066,169.6,18,47.5,72.3,24,49.1,76.5
M066,169.6,18,47.5,72.3,26,49.7,77.7
M066,169.6,18,47.5,72.3,28,50.5,78.7
M066,169.6,18,47.5,72.3,30,51.2,80.6
M066,169.6,18,47.5,72.3,32,51.9,82.1
M066,169.6,18,47.5,72.3,34,52.8,83.6
M066,169.6,18,47.5,72.3,36,53.5,85.2
M066,169.6,18,47.5,72.3,38,53.9,86.3
M066,169.6,18,47.5,72.3,40,54.9,87.7
M066,169.6,20,48.1,74.0,22,48.5,74.9
M066,169.6,20,48.1,74.0,24,49.1,76.5
M066,169.6,20,48.1,74.0,26,49.7,77.7
M066,169.6,20,48.1,74.0,28,50.5,78.7
M066,169.6,20,48.1,74.0,30,51.2,80.6
M066,169.6,20,48.1,74.0,32,51.9,82.1
M066,169.6,20,48.1,74.0,34,52.8,83.6
M066,169.6,20,48.1,74.0,36,53.5,85.2
M066,169.6,20,48.1,74.0,38,53.9,86.3
M066,169.6,20,48.1,74.0,40,54.9,87.7
M066,169.6,22,48.5,74.9,24,49.1,76.5
M066,169.6,22,48.5,74.9,26,49.7,77.7
M066,169.6,22,48.5,74.9,28,50.5,78.7
M066,169.6,22,48.5,74.9,30,51.2,80.6
M066,169.6,22,48.5,74.9,32,51.9,82.1
M066,169.6,22,48.5,74.9,34,52.8,83.6
M066,169.6,22,48.5,74.9,36,53.5,85.2
M066,169.6,22,48.5,74.9,38,53.9,86.3
M066,169.6,22,48.5,74.9,40,54.9,87.7
M066,169.6,24,49.1,76.5,26,49.7,77.7
M066,169.6,24,49.1,76.5,28,50.5,78.7
M066,169.6,24,49.1,76.5,30,51.2,80.6
M066,169.6,24,49.1,76.5,32,51.9,82.1
M066,169.6,24,49.1,76.5,34,52.8,83.6
M066,169.6,24,49.1,76.5,36,53.5,85.2
M066,169.6,24,49.1,76.5,38,53.9,86.3
M066,169.6,24,49.1,76.5,40,54.9,87.7
M066,169.6,26,49.7,77.7,28,50.5,78.7
M066,169.6,26,49.7,77.7,30,51.2,80.6
M066,169.6,26,49.7,77.7,32,51.9,82.1
M066,169.6,26,49.7,77.7,34,52.8,83.6
M066,169.6,26,49.7,77.7,36,53.5,85.2
M066,169.6,26,49.7,77.7,38,53.9,86.3
M066,169.6,26,49.7,77.7,40,54.9,87.7
M066,169.6,28,50.5,78.7,30,51.2,80.6
M066,169.6,28,50.5,78.7,32,51.9,82.1
M066,169.6,28,50.5,78.7,34,52.8,83.6
M066,169.6,28,50.5,78.7,36,53.5,85.2
M066,169.6,28,50.5,78.7,38,53.9,86.3
M066,169.6,28,50.5,78.7,40,54.9,87.7
M066,169.6,30,51.2,80.6,32,51.9,82.1
M066,169.6,30,51.2,80.6,34,52.8,83.6
M066,169.6,30,51.2,80.6,36,53.5,85.2
M066,169.6,30,51.2,80.6,38,53.9,86.3
M066,169.6,30,51.2,80.6,40,54.9,87.7
M066,169.6,32,51.9,82.1,34,52.8,83.6
M066,169.6,32,51.9,82.1,36,53.5,85.2
M066,169.6,32,51.9,82.1,38,53.9,86.3
M066,169.6,32,51.9,82.1,40,54.9,87.7
M066,169.6,34,52.8,83.6,36,53.5,85.2
M066,169.6,34,52.8,83.6,38,53.9,86.3
M066,169.6,34,52.8,83.6,40,54.9,87.7
M066,169.6,36,53.5,85.2,38,53.9,86.3
M066,169.6,36,53.5,85.2,40,54.9,87.7
M066,169.6,38,53.9,86.3,40,54.9,87.7
M067,164.8,12,55.0,73.0,14,55.5,73.7
M067,164.8,12,55.0,73.0,16,55.8,74.8
M067,164.8,12,55.0,73.0,18,56.5,76.2
M067,164.8,12,55.0,73.0,20,57.0,77.3
M067,164.8,12,55.0,73.0,22,57.6,78.3
M067,164.8,12,55.0,73.0,24,57.9,79.6
M067,164.8,12,55.0,73.0,26,58.7,80.9
M067,164.8,12,55.0,73.0,28,59.3,81.9
M067,164.8,12,55.0,73.0,30,59.9,83.1
M067,164.8,12,55.0,73.0,32,60.7,84.5
M067,164.8,12,55.0,73.0,34,61.1,86.1
M067,164.8,12,55.0,73.0,36,61.7,87.3
M067,164.8,12,55.0,73.0,38,62.3,88.0
M067,164.8,12,55.0,73.0,40,63.1,89.3
M067,164.8,14,55.5,73.7,16,55.8,74.8
M067,164.8,14,55.5,73.7,18,56.5,76.2
M067,164.8,14,55.5,73.7,20,57.0,77.3
M067,164.8,14,55.5,73.7,22,57.6,78.3
M067,164.8,14,55.5,73.7,24,57.9,79.6
M067,164.8,14,55.5,73.7,26,58.7,80.9
M067,164.8,14,55.5,73.7,28,59.3,81.9
M067,164.8,14,55.5,73.7,30,59.9,83.1
M067,164.8,14,55.5,73.7,32,60.7,84.5
M067,164.8,14,55.5,73.7,34,61.1,86.1
M067,164.8,14,55.5,73.7,36,61.7,87.3
M067,164.8,14,55.5,73.7,38,62.3,88.0
M067,164.8,14,55.5,73.7,40,63.1,89.3
M067,164.8,16,55.8,74.8,18,56.5,76.2
M067,164.8,16,55.8,74.8,20,57.0,77.3
M067,164.8,16,55.8,74.8,22,57.6,78.3
M067,164.8,16,55.8,74.8,24,57.9,79.6
M067,164.8,16,55.8,74.8,26,58.7,80.9
M067,164.8,16,55.8,74.8,28,59.3,81.9
M067,164.8,16,55.8,74.8,30,59.9,83.1
M067,164.8,16,55.8,74.8,32,60.7,84.5
M067,164.8,16,55.8,74.8,34,61.1,86.1
M067,164.8,16,55.8,74.8,36,61.7,87.3
M067,164.8,16,55.8,74.8,38,62.3,88.0
M067,164.8,16,55.8,74.8,40,63.1,89.3
M067,164.8,18,56.5,76.2,20,57.0,77.3
M067,164.8,18,56.5,76.2,22,57.6,78.3
M067,164.8,18,56.5,76.2,24,57.9,79.6
M067,164.8,18,56.5,76.2,26,58.7,80.9
M067,164.8,18,56.5,76.2,28,59.3,81.9
M067,164.8,18,56.5,76.2,30,59.9,83.1
M067,164.8,18,56.5,76.2,32,60.7,84.5
M067,164.8,18,56.5,76.2,34,61.1,86.1
M067,164.8,18,56.5,76.2,36,61.7,87.3
M067,164.8,18,56.5,76.2,38,62.3,88.0
M067,164.8,18,56.5,76.2,40,63.1,89.3
M067,164.8,20,57.0,77.3,22,57.6,78.3
M067,164.8,20,57.0,77.3,24,57.9,79.6
M067,164.8,20,57.0,77.3,26,58.7,80.9
M067,164.8,20,57.0,77.3,28,59.3,81.9
M067,164.8,20,57.0,77.3,30,59.9,83.1
M067,164.8,20,57.0,77.3,32,60.7,84.5
M067,164.8,20,57.0,77.3,34,61.1,86.1
M067,164.8,20,57.0,77.3,36,61.7,87.3
M067,164.8,20,57.0,77.3,38,62.3,88.0
M067,164.8,20,57.0,77.3,40,63.1,89.3
M067,164.8,22,57.6,78.3,24,57.9,79.6
M067,164.8,22,57.6,78.3,26,58.7,80.9
M067,164.8,22,57.6,78.3,28,59.3,81.9
M067,164.8,22,57.6,78.3,30,59.9,83.1
M067,164.8,22,57.6,78.3,32,60.7,84.5
M067,164.8,22,57.6,78.3,34,61.1,86.1
M067,164.8,22,57.6,78.3,36,61.7,87.3
M067,164.8,22,57.6,78.3,38,62.3,88.0
M067,164.8,22,57.6,78.3,40,63.1,89.3
M067,164.8,24,57.9,79.6,26,58.7,80.9
M067,164.8,24,57.9,79.6,28,59.3,81.9
M067,164.8,24,57.9,79.6,30,59.9,83.1
M067,164.8,24,57.9,79.6,32,60.7,84.5
M067,164.8,24,57.9,79.6,34,61.1,86.1
M067,164.8,24,57.9,79.6,36,61.7,87.3
M067,164.8,24,57.9,79.6,38,62.3,88.0
M067,164.8,24,57.9,79.6,40,63.1,89.3
M067,164.8,26,58.7,80.9,28,59.3,81.9
M067,164.8,26,58.7,80.9,30,59.9,83.1
M067,164.8,26,58.7,80.9,32,60.7,84.5
M067,164.8,26,58.7,80.9,34,61.1,86.1
M067,164.8,26,58.7,80.9,36,61.7,87.3
M067,164.8,26,58.7,80.9,38,62.3,88.0
M067,164.8,26,58.7,80.9,40,63.1,89.3
M067,164.8,28,59.3,81.9,30,59.9,83.1
M067,164.8,28,59.3,81.9,32,60.7,84.5
M067,164.8,28,59.3,81.9,34,61.1,86.1
M067,164.8,28,59.3,81.9,36,61.7,87.3
M067,164.8,28,59.3,81.9,38,62.3,88.0
M067,164.8,28,59.3,81.9,40,63.1,89.3
M067,164.8,30,59.9,83.1,32,60.7,84.5
M067,164.8,30,59.9,83.1,34,61.1,86.1
M067,164.8,30,59.9,83.1,36,61.7,87.3
M067,164.8,30,59.9,83.1,38,62.3,88.0
M067,164.8,30,59.9,83.1,40,63.1,89.3
M067,164.8,32,60.7,84.5,34,61.1,86.1
M067,164.8,32,60.7,84.5,36,61.7,87.3
M067,164.8,32,60.7,84.5,38,62.3,88.0
M067,164.8,32,60.7,84.5,40,63.1,89.3
M067,164.8,34,61.1,86.1,36,61.7,87.3
M067,164.8,34,61.1,86.1,38,62.3,88.0
M067,164.8,34,61.1,86.1,40,63.1,89.3
M067,164.8,36,61.7,87.3,38,62.3,88.0
M067,164.8,36,61.7,87.3,40,63.1,89.3
M067,164.8,38,62.3,88.0,40,63.1,89.3
M068,160.9,12,54.7,88.1,14,54.7,88.9
M068,160.9,12,54.7,88.1,16,55.2,90.4
M068,160.9,12,54.7,88.1,18,55.5,91.2
M068,160.9,12,54.7,88.1,20,56.3,92.6
M068,160.9,12,54.7,88.1,22,57.0,93.8
M068,160.9,12,54.7,88.1,24,57.5,95.6
M068,160.9,12,54.7,88.1,26,57.7,96.3
M068,160.9,12,54.7,88.1,28,58.2,98.4
M068,160.9,12,54.7,88.1,30,58.9,98.9
M068,160.9,12,54.7,88.1,32,59.5,100.0
M068,160.9,12,54.7,88.1,34,60.0,101.5
M068,160.9,12,54.7,88.1,36,60.3,102.8
M068,160.9,12,54.7,88.1,38,61.2,103.8
M068,160.9,12,54.7,88.1,40,61.9,106.8
M068,160.9,14,54.7,88.9,16,55.2,90.4
M068,160.9,14,54.7,88.9,18,55.5,91.2
M068,160.9,14,54.7,88.9,20,56.3,92.6
M068,160.9,14,54.7,88.9,22,57.0,93.8
M068,160.9,14,54.7,88.9,24,57.5,95.6
M068,160.9,14,54.7,88.9,26,57.7,96.3
M068,160.9,14,54.7,88.9,28,58.2,98.4
M068,160.9,14,54.7,88.9,30,58.9,98.9
M068,160.9,14,54.7,88.9,32,59.5,100.0
M068,160.9,14,54.7,88.9,34,60.0,101.5
M068,160.9,14,54.7,88.9,36,60.3,102.8
M068,160.9,14,54.7,88.9,38,61.2,103.8
M068,160.9,14,54.7,88.9,40,61.9,106.8
M068,160.9,16,55.2,90.4,18,55.5,91.2
M068,160.9,16,55.2,90.4,20,56.3,92.6
M068,160.9,16,55.2,90.4,22,57.0,93.8
M068,160.9,16,55.2,90.4,24,57.5,95.6
M068,160.9,16,55.2,90.4,26,57.7,96.3
M068,160.9,16,55.2,90.4,28,58.2,98.4
M068,160.9,16,55.2,90.4,30,58.9,98.9
M068,160.9,16,55.2,90.4,32,59.5,100.0
M068,160.9,16,55.2,90.4,34,60.0,101.5
M068,160.9,16,55.2,90.4,36,60.3,102.8
M068,160.9,16,55.2,90.4,38,61.2,103.8
M068,160.9,16,55.2,90.4,40,61.9,106.8
M068,160.9,18,55.5,91.2,20,56.3,92.6
M068,160.9,18,55.5,91.2,22,57.0,93.8
M068,160.9,18,55.5,91.2,24,57.5,95.6
M068,160.9,18,55.5,91.2,26,57.7,96.3
M068,160.9,18,55.5,91.2,28,58.2,98.4
M068,160.9,18,55.5,91.2,30,58.9,98.9
M068,160.9,18,55.5,91.2,32,59.5,100.0
M068,160.9,18,55.5,91.2,34,60.0,101.5
M068,160.9,18,55.5,91.2,36,60.3,102.8
M068,160.9,18,55.5,91.2,38,61.2,103.8
M068,160.9,18,55.5,91.2,40,61.9,106.8
M068,160.9,20,56.3,92.6,22,57.0,93.8
M068,160.9,20,56.3,92.6,24,57.5,95.6
M068,160.9,20,56.3,92.6,26,57.7,96.3
M068,160.9,20,56.3,92.6,28,58.2,98.4
M068,160.9,20,56.3,92.6,30,58.9,98.9
M068,160.9,20,56.3,92.6,32,59.5,100.0
M068,160.9,20,56.3,92.6,34,60.0,101.5
M068,160.9,20,56.3,92.6,36,60.3,102.8
M068,160.9,20,56.3,92.6,38,61.2,103.8
M068,160.9,20,56.3,92.6,40,61.9,106.8
M068,160.9,22,57.0,93.8,24,57.5,95.6
M068,160.9,22,57.0,93.8,26,57.7,96.3
M068,160.9,22,57.0,93.8,28,58.2,98.4
M068,160.9,22,57.0,93.8,30,58.9,98.9
M068,160.9,22,57.0,93.8,32,59.5,100.0
M068,160.9,22,57.0,93.8,34,60.0,101.5
M068,160.9,22,57.0,93.8,36,60.3,102.8
M068,160.9,22,57.0,93.8,38,61.2,103.8
M068,160.9,22,57.0,93.8,40,61.9,106.8
M068,160.9,24,57.5,95.6,26,57.7,96.3
M068,160.9,24,57.5,95.6,28,58.2,98.4
M068,160.9,24,57.5,95.6,30,58.9,98.9
M068,160.9,24,57.5,95.6,32,59.5,100.0
M068,160.9,24,57.5,95.6,34,60.0,101.5
M068,160.9,24,57.5,95.6,36,60.3,102.8
M068,160.9,24,57.5,95.6,38,61.2,103.8
M068,160.9,24,57.5,95.6,40,61.9,106.8
M068,160.9,26,57.7,96.3,28,58.2,98.4
M068,160.9,26,57.7,96.3,30,58.9,98.9
M068,160.9,26,57.7,96.3,32,59.5,100.0
M068,160.9,26,57.7,96.3,34,60.0,101.5
M068,160.9,26,57.7,96.3,36,60.3,102.8
M068,160.9,26,57.7,96.3,38,61.2,103.8
M068,160.9,26,57.7,96.3,40,61.9,106.8
M068,160.9,28,58.2,98.4,30,58.9,98.9
M068,160.9,28,58.2,98.4,32,59.5,100.0
M068,160.9,28,58.2,98.4,34,60.0,101.5
M068,160.9,28,58.2,98.4,36,60.3,102.8
M068,160.9,28,58.2,98.4,38,61.2,103.8
M068,160.9,28,58.2,98.4,40,61.9,106.8
M068,160.9,30,58.9,98.9,32,59.5,100.0
M068,160.9,30,58.9,98.9,34,60.0,101.5
M068,160.9,30,58.9,98.9,36,60.3,102.8
M068,160.9,30,58.9,98.9,38,61.2,103.8
M068,160.9,30,58.9,98.9,40,61.9,106.8
M068,160.9,32,59.5,100.0,34,60.0,101.5
M068,160.9,32,59.5,100.0,36,60.3,102.8
M068,160.9,32,59.5,100.0,38,61.2,103.8
M068,160.9,32,59.5,100.0,40,61.9,106.8
M068,160.9,34,60.0,101.5,36,60.3,102.8
M068,160.9,34,60.0,101.5,38,61.2,103.8
M068,160.9,34,60.0,101.5,40,61.9,106.8
M068,160.9,36,60.3,102.8,38,61.2,103.8
M068,160.9,36,60.3,102.8,40,61.9,106.8
M068,160.9,38,61.2,103.8,40,61.9,106.8
M069,165.8,12,52.1,71.2,14,52.7,72.5
M069,165.8,12,52.1,71.2,16,53.8,73.7
M069,165.8,12,52.1,71.2,18,54.2,76.2
M069,165.8,12,52.1,71.2,20,55.0,77.4
M069,165.8,12,52.1,71.2,22,55.7,79.2
M069,165.8,12,52.1,71.2,24,56.5,80.8
M069,165.8,12,52.1,71.2,26,57.1,82.5
M069,165.8,12,52.1,71.2,28,58.0,84.4
M069,165.8,12,52.1,71.2,30,58.7,86.9
M069,165.8,12,52.1,71.2,32,59.4,88.1
M069,165.8,12,52.1,71.2,34,60.4,91.1
M069,165.8,12,52.1,71.2,36,61.1,91.7
M069,165.8,12,52.1,71.2,38,62.1,93.6
M069,165.8,12,52.1,71.2,40,62.9,95.6
M069,165.8,14,52.7,72.5,16,53.8,73.7
M069,165.8,14,52.7,72.5,18,54.2,76.2
M069,165.8,14,52.7,72.5,20,55.0,77.4
M069,165.8,14,52.7,72.5,22,55.7,79.2
M069,165.8,14,52.7,72.5,24,56.5,80.8
M069,165.8,14,52.7,72.5,26,57.1,82.5
M069,165.8,14,52.7,72.5,28,58.0,84.4
M069,165.8,14,52.7,72.5,30,58.7,86.9
M069,165.8,14,52.7,72.5,32,59.4,88.1
M069,165.8,14,52.7,72.5,34,60.4,91.1
M069,165.8,14,52.7,72.5,36,61.1,91.7
M069,165.8,14,52.7,72.5,38,62.1,93.6
M069,165.8,14,52.7,72.5,40,62.9,95.6
M069,165.8,16,53.8,73.7,18,54.2,76.2
M069,165.8,16,53.8,73.7,20,55.0,77.4
M069,165.8,16,53.8,73.7,22,55.7,79.2
M069,165.8,16,53.8,73.7,24,56.5,80.8
M069,165.8,16,53.8,73.7,26,57.1,82.5
M069,165.8,16,53.8,73.7,28,58.0,84.4
M069,165.8,16,53.8,73.7,30,58.7,86.9
M069,165.8,16,53.8,73.7,32,59.4,88.1
M069,165.8,16,53.8,73.7,34,60.4,91.1
M069,165.8,16,53.8,73.7,36,61.1,91.7
M069,165.8,16,53.8,73.7,38,62.1,93.6
M069,165.8,16,53.8,73.7,40,62.9,95.6
M069,165.8,18,54.2,76.2,20,55.0,77.4
M069,165.8,18,54.2,76.2,22,55.7,79.2
M069,165.8,18,54.2,76.2,24,56.5,80.8
M069,165.8,18,54.2,76.2,26,57.1,82.5
M069,165.8,18,54.2,76.2,28,58.0,84.4
M069,165.8,18,54.2,76.2,30,58.7,86.9
M069,165.8,18,54.2,76.2,32,59.4,88.1
M069,165.8,18,54.2,76.2,34,60.4,91.1
M069,165.8,18,54.2,76.2,36,61.1,91.7
M069,165.8,18,54.2,76.2,38,62.1,93.6
M069,165.8,18,54.2,76.2,40,62.9,95.6
M069,165.8,20,55.0,77.4,22,55.7,79.2
M069,165.8,20,55.0,77.4,24,56.5,80.8
M069,165.8,20,55.0,77.4,26,57.1,82.5
M069,165.8,20,55.0,77.4,28,58.0,84.4
M069,165.8,20,55.0,77.4,30,58.7,86.9
M069,165.8,20,55.0,77.4,32,59.4,88.1
M069,165.8,20,55.0,77.4,34,60.4,91.1
M069,165.8,20,55.0,77.4,36,61.1,91.7
M069,165.8,20,55.0,77.4,38,62.1,93.6
M069,165.8,20,55.0,77.4,40,62.9,95.6
M069,165.8,22,55.7,79.2,24,56.5,80.8
M069,165.8,22,55.7,79.2,26,57.1,82.5
M069,165.8,22,55.7,79.2,28,58.0,84.4
M069,165.8,22,55.7,79.2,30,58.7,86.9
M069,165.8,22,55.7,79.2,32,59.4,88.1
M069,165.8,22,55.7,79.2,34,60.4,91.1
M069,165.8,22,55.7,79.2,36,61.1,91.7
M069,165.8,22,55.7,79.2,38,62.1,93.6
M069,165.8,22,55.7,79.2,40,62.9,95.6
M069,165.8,24,56.5,80.8,26,57.1,82.5
M069,165.8,24,56.5,80.8,28,58.0,84.4
M069,165.8,24,56.5,80.8,30,58.7,86.9
M069,165.8,24,56.5,80.8,32,59.4,88.1
M069,165.8,24,56.5,80.8,34,60.4,91.1
M069,165.8,24,56.5,80.8,36,61.1,91.7
M069,165.8,24,56.5,80.8,38,62.1,93.6
M069,165.8,24,56.5,80.8,40,62.9,95.6
M069,165.8,26,57.1,82.5,28,58.0,84.4
M069,165.8,26,57.1,82.5,30,58.7,86.9
M069,165.8,26,57.1,82.5,32,59.4,88.1
M069,165.8,26,57.1,82.5,34,60.4,91.1
M069,165.8,26,57.1,82.5,36,61.1,91.7
M069,165.8,26,57.1,82.5,38,62.1,93.6
M069,165.8,26,57.1,82.5,40,62.9,95.6
M069,165.8,28,58.0,84.4,30,58.7,86.9
M069,165.8,28,58.0,84.4,32,59.4,88.1
M069,165.8,28,58.0,84.4,34,60.4,91.1
M069,165.8,28,58.0,84.4,36,61.1,91.7
M069,165.8,28,58.0,84.4,38,62.1,93.6
M069,165.8,28,58.0,84.4,40,62.9,95.6
M069,165.8,30,58.7,86.9,32,59.4,88.1
M069,165.8,30,58.7,86.9,34,60.4,91.1
M069,165.8,30,58.7,86.9,36,61.1,91.7
M069,165.8,30,58.7,86.9,38,62.1,93.6
M069,165.8,30,58.7,86.9,40,62.9,95.6
M069,165.8,32,59.4,88.1,34,60.4,91.1
M069,165.8,32,59.4,88.1,36,61.1,91.7
M069,165.8,32,59.4,88.1,38,62.1,93.6
M069,165.8,32,59.4,88.1,40,62.9,95.6
M069,165.8,34,60.4,91.1,36,61.1,91.7
M069,165.8,34,60.4,91.1,38,62.1,93.6
M069,165.8,34,60.4,91.1,40,62.9,95.6
M069,165.8,36,61.1,91.7,38,62.1,93.6
M069,165.8,36,61.1,91.7,40,62.9,95.6
M069,165.8,38,62.1,93.6,40,62.9,95.6
M070,150.0,12,44.8,73.8,14,45.3,75.5
M070,150.0,12,44.8,73.8,16,46.2,77.8
M070,150.0,12,44.8,73.8,18,47.2,79.2
M070,150.0,12,44.8,73.8,20,48.3,81.2
M070,150.0,12,44.8,73.8,22,49.4,83.2
M070,150.0,12,44.8,73.8,24,49.9,85.0
M070,150.0,12,44.8,73.8,26,51.0,86.6
M070,150.0,12,44.8,73.8,28,51.6,88.4
M070,150.0,12,44.8,73.8,30,52.6,90.6
M070,150.0,12,44.8,73.8,32,53.8,92.8
M070,150.0,12,44.8,73.8,34,54.7,94.7
M070,150.0,12,44.8,73.8,36,55.7,96.9
M070,150.0,12,44.8,73.8,38,57.1,98.7
M070,150.0,12,44.8,73.8,40,57.8,101.2
M070,150.0,14,45.3,75.5,16,46.2,77.8
M070,150.0,14,45.3,75.5,18,47.2,79.2
M070,150.0,14,45.3,75.5,20,48.3,81.2
M070,150.0,14,45.3,75.5,22,49.4,83.2
M070,150.0,14,45.3,75.5,24,49.9,85.0
M070,150.0,14,45.3,75.5,26,51.0,86.6
M070,150.0,14,45.3,75.5,28,51.6,88.4
M070,150.0,14,45.3,75.5,30,52.6,90.6
M070,150.0,14,45.3,75.5,32,53.8,92.8
M070,150.0,14,45.3,75.5,34,54.7,94.7
M070,150.0,14,45.3,75.5,36,55.7,96.9
M070,150.0,14,45.3,75.5,38,57.1,98.7
M070,150.0,14,45.3,75.5,40,57.8,101.2
M070,150.0,16,46.2,77.8,18,47.2,79.2
M070,150.0,16,46.2,77.8,20,48.3,81.2
M070,150.0,16,46.2,77.8,22,49.4,83.2
M070,150.0,16,46.2,77.8,24,49.9,85.0
M070,150.0,16,46.2,77.8,26,51.0,86.6
M070,150.0,16,46.2,77.8,28,51.6,88.4
M070,150.0,16,46.2,77.8,30,52.6,90.6
M070,150.0,16,46.2,77.8,32,53.8,92.8
M070,150.0,16,46.2,77.8,34,54.7,94.7
M070,150.0,16,46.2,77.8,36,55.7,96.9
M070,150.0,16,46.2,77.8,38,57.1,98.7
M070,150.0,16,46.2,77.8,40,57.8,101.2
M070,150.0,18,47.2,79.2,20,48.3,81.2
M070,150.0,18,47.2,79.2,22,49.4,83.2
M070,150.0,18,47.2,79.2,24,49.9,85.0
M070,150.0,18,47.2,79.2,26,51.0,86.6
M070,150.0,18,47.2,79.2,28,51.6,88.4
M070,150.0,18,47.2,79.2,30,52.6,90.6
M070,150.0,18,47.2,79.2,32,53.8,92.8
M070,150.0,18,47.2,79.2,34,54.7,94.7
M070,150.0,18,47.2,79.2,36,55.7,96.9
M070,150.0,18,47.2,79.2,38,57.1,98.7
M070,150.0,18,47.2,79.2,40,57.8,101.2
M070,150.0,20,48.3,81.2,22,49.4,83.2
M070,150.0,20,48.3,81.2,24,49.9,85.0
M070,150.0,20,48.3,81.2,26,51.0,86.6
M070,150.0,20,48.3,81.2,28,51.6,88.4
M070,150.0,20,48.3,81.2,30,52.6,90.6
M070,150.0,20,48.3,81.2,32,53.8,92.8
M070,150.0,20,48.3,81.2,34,54.7,94.7
M070,150.0,20,48.3,81.2,36,55.7,96.9
M070,150.0,20,48.3,81.2,38,57.1,98.7
M070,150.0,20,48.3,81.2,40,57.8,101.2
M070,150.0,22,49.4,83.2,24,49.9,85.0
M070,150.0,22,49.4,83.2,26,51.0,86.6
M070,150.0,22,49.4,83.2,28,51.6,88.4
M070,150.0,22,49.4,83.2,30,52.6,90.6
M070,150.0,22,49.4,83.2,32,53.8,92.8
M070,150.0,22,49.4,83.2,34,54.7,94.7
M070,150.0,22,49.4,83.2,36,55.7,96.9
M070,150.0,22,49.4,83.2,38,57.1,98.7
M070,150.0,22,49.4,83.2,40,57.8,101.2
M070,150.0,24,49.9,85.0,26,51.0,86.6
M070,150.0,24,49.9,85.0,28,51.6,88.4
M070,150.0,24,49.9,85.0,30,52.6,90.6
M070,150.0,24,49.9,85.0,32,53.8,92.8
M070,150.0,24,49.9,85.0,34,54.7,94.7
M070,150.0,24,49.9,85.0,36,55.7,96.9
M070,150.0,24,49.9,85.0,38,57.1,98.7
M070,150.0,24,49.9,85.0,40,57.8,101.2
M070,150.0,26,51.0,86.6,28,51.6,88.4
M070,150.0,26,51.0,86.6,30,52.6,90.6
M070,150.0,26,51.0,86.6,32,53.8,92.8
M070,150.0,26,51.0,86.6,34,54.7,94.7
M070,150.0,26,51.0,86.6,36,55.7,96.9
M070,150.0,26,51.0,86.6,38,57.1,98.7
M070,150.0,26,51.0,86.6,40,57.8,101.2
M070,150.0,28,51.6,88.4,30,52.6,90.6
M070,150.0,28,51.6,88.4,32,53.8,92.8
M070,150.0,28,51.6,88.4,34,54.7,94.7
M070,150.0,28,51.6,88.4,36,55.7,96.9
M070,150.0,28,51.6,88.4,38,57.1,98.7
M070,150.0,28,51.6,88.4,40,57.8,101.2
M070,150.0,30,52.6,90.6,32,53.8,92.8
M070,150.0,30,52.6,90.6,34,54.7,94.7
M070,150.0,30,52.6,90.6,36,55.7,96.9
M070,150.0,30,52.6,90.6,38,57.1,98.7
M070,150.0,30,52.6,90.6,40,57.8,101.2
M070,150.0,32,53.8,92.8,34,54.7,94.7
M070,150.0,32,53.8,92.8,36,55.7,96.9
M070,150.0,32,53.8,92.8,38,57.1,98.7
M070,150.0,32,53.8,92.8,40,57.8,101.2
M070,150.0,34,54.7,94.7,36,55.7,96.9
M070,150.0,34,54.7,94.7,38,57.1,98.7
M070,150.0,34,54.7,94.7,40,57.8,101.2
M070,150.0,36,55.7,96.9,38,57.1,98.7
M070,150.0,36,55.7,96.9,40,57.8,101.2
M070,150.0,38,57.1,98.7,40,57.8,101.2
M071,167.7,12,45.1,77.0,14,45.4,77.5
M071,167.7,12,45.1,77.0,16,45.9,78.6
M071,167.7,12,45.1,77.0,18,47.0,79.3
M071,167.7,12,45.1,77.0,20,47.6,80.2
M071,167.7,12,45.1,77.0,22,48.5,81.8
M071,167.7,12,45.1,77.0,24,48.8,82.0
M071,167.7,12,45.1,77.0,26,50.0,83.2
M071,167.7,12,45.1,77.0,28,50.5,84.5
M071,167.7,12,45.1,77.0,30,51.7,85.2
M071,167.7,12,45.1,77.0,32,52.4,86.4
M071,167.7,12,45.1,77.0,34,53.2,87.7
M071,167.7,12,45.1,77.0,36,53.8,88.8
M071,167.7,12,45.1,77.0,38,55.0,88.9
M071,167.7,12,45.1,77.0,40,55.8,90.4
M071,167.7,14,45.4,77.5,16,45.9,78.6
M071,167.7,14,45.4,77.5,18,47.0,79.3
M071,167.7,14,45.4,77.5,20,47.6,80.2
M071,167.7,14,45.4,77.5,22,48.5,81.8
M071,167.7,14,45.4,77.5,24,48.8,82.0
M071,167.7,14,45.4,77.5,26,50.0,83.2
M071,167.7,14,45.4,77.5,28,50.5,84.5
M071,167.7,14,45.4,77.5,30,51.7,85.2
M071,167.7,14,45.4,77.5,32,52.4,86.4
M071,167.7,14,45.4,77.5,34,53.2,87.7
M071,167.7,14,45.4,77.5,36,53.8,88.8
M071,167.7,14,45.4,77.5,38,55.0,88.9
M071,167.7,14,45.4,77.5,40,55.8,90.4
M071,167.7,16,45.9,78.6,18,47.0,79.3
M071,167.7,16,45.9,78.6,20,47.6,80.2
M071,167.7,16,45.9,78.6,22,48.5,81.8
M071,167.7,16,45.9,78.6,24,48.8,82.0
M071,167.7,16,45.9,78.6,26,50.0,83.2
M071,167.7,16,45.9,78.6,28,50.5,84.5
M071,167.7,16,45.9,78.6,30,51.7,85.2
M071,167.7,16,45.9,78.6,32,52.4,86.4
M071,167.7,16,45.9,78.6,34,53.2,87.7
M071,167.7,16,45.9,78.6,36,53.8,88.8
M071,167.7,16,45.9,78.6,38,55.0,88.9
M071,167.7,16,45.9,78.6,40,55.8,90.4
M071,167.7,18,47.0,79.3,20,47.6,80.2
M071,167.7,18,47.0,79.3,22,48.5,81.8
M071,167.7,18,47.0,79.3,24,48.8,82.0
M071,167.7,18,47.0,79.3,26,50.0,83.2
M071,167.7,18,47.0,79.3,28,50.5,84.5
M071,167.7,18,47.0,79.3,30,51.7,85.2
M071,167.7,18,47.0,79.3,32,52.4,86.4
M071,167.7,18,47.0,79.3,34,53.2,87.7
M071,167.7,18,47.0,79.3,36,53.8,88.8
M071,167.7,18,47.0,79.3,38,55.0,88.9
M071,167.7,18,47.0,79.3,40,55.8,90.4
M071,167.7,20,47.6,80.2,22,48.5,81.8
M071,167.7,20,47.6,80.2,24,48.8,82.0
M071,167.7,20,47.6,80.2,26,50.0,83.2
M071,167.7,20,47.6,80.2,28,50.5,84.5
M071,167.7,20,47.6,80.2,30,51.7,85.2
M071,167.7,20,47.6,80.2,32,52.4,86.4
M071,167.7,20,47.6,80.2,34,53.2,87.7
M071,167.7,20,47.6,80.2,36,53.8,88.8
M071,167.7,20,47.6,80.2,38,55.0,88.9
M071,167.7,20,47.6,80.2,40,55.8,90.4
M071,167.7,22,48.5,81.8,24,48.8,82.0
M071,167.7,22,48.5,81.8,26,50.0,83.2
M071,167.7,22,48.5,81.8,28,50.5,84.5
M071,167.7,22,48.5,81.8,30,51.7,85.2
M071,167.7,22,48.5,81.8,32,52.4,86.4
M071,167.7,22,48.5,81.8,34,53.2,87.7
M071,167.7,22,48.5,81.8,36,53.8,88.8
M071,167.7,22,48.5,81.8,38,55.0,88.9
M071,167.7,22,48.5,81.8,40,55.8,90.4
M071,167.7,24,48.8,82.0,26,50.0,83.2
M071,167.7,24,48.8,82.0,28,50.5,84.5
M071,167.7,24,48.8,82.0,30,51.7,85.2
M071,167.7,24,48.8,82.0,32,52.4,86.4
M071,167.7,24,48.8,82.0,34,53.2,87.7
M071,167.7,24,48.8,82.0,36,53.8,88.8
M071,167.7,24,48.8,82.0,38,55.0,88.9
M071,167.7,24,48.8,82.0,40,55.8,90.4
M071,167.7,26,50.0,83.2,28,50.5,84.5
M071,167.7,26,50.0,83.2,30,51.7,85.2
M071,167.7,26,50.0,83.2,32,52.4,86.4
M071,167.7,26,50.0,83.2,34,53.2,87.7
M071,167.7,26,50.0,83.2,36,53.8,88.8
M071,167.7,26,50.0,83.2,38,55.0,88.9
M071,167.7,26,50.0,83.2,40,55.8,90.4
M071,167.7,28,50.5,84.5,30,51.7,85.2
M071,167.7,28,50.5,84.5,32,52.4,86.4
M071,167.7,28,50.5,84.5,34,53.2,87.7
M071,167.7,28,50.5,84.5,36,53.8,88.8
M071,167.7,28,50.5,84.5,38,55.0,88.9
M071,167.7,28,50.5,84.5,40,55.8,90.4
M071,167.7,30,51.7,85.2,32,52.4,86.4
M071,167.7,30,51.7,85.2,34,53.2,87.7
M071,167.7,30,51.7,85.2,36,53.8,88.8
M071,167.7,30,51.7,85.2,38,55.0,88.9
M071,167.7,30,51.7,85.2,40,55.8,90.4
M071,167.7,32,52.4,86.4,34,53.2,87.7
M071,167.7,32,52.4,86.4,36,53.8,88.8
M071,167.7,32,52.4,86.4,38,55.0,88.9
M071,167.7,32,52.4,86.4,40,55.8,90.4
M071,167.7,34,53.2,87.7,36,53.8,88.8
M071,167.7,34,53.2,87.7,38,55.0,88.9
M071,167.7,34,53.2,87.7,40,55.8,90.4
M071,167.7,36,53.8,88.8,38,55.0,88.9
M071,167.7,36,53.8,88.8,40,55.8,90.4
M071,167.7,38,55.0,88.9,40,55.8,90.4
M072,159.9,12,48.1,76.9,14,49.1,78.2
M072,159.9,12,48.1,76.9,16,49.0,79.3
M072,159.9,12,48.1,76.9,18,50.3,80.2
M072,159.9,12,48.1,76.9,20,51.2,81.9
M072,159.9,12,48.1,76.9,22,52.0,82.6
M072,159.9,12,48.1,76.9,24,53.3,83.6
M072,159.9,12,48.1,76.9,26,54.4,84.8
M072,159.9,12,48.1,76.9,28,55.3,86.2
M072,159.9,12,48.1,76.9,30,56.4,86.8
M072,159.9,12,48.1,76.9,32,57.2,88.3
M072,159.9,12,48.1,76.9,34,58.5,89.1
M072,159.9,12,48.1,76.9,36,59.2,90.5
M072,159.9,12,48.1,76.9,38,60.3,91.9
M072,159.9,12,48.1,76.9,40,61.6,93.3
M072,159.9,14,49.1,78.2,16,49.0,79.3
M072,159.9,14,49.1,78.2,18,50.3,80.2
M072,159.9,14,49.1,78.2,20,51.2,81.9
M072,159.9,14,49.1,78.2,22,52.0,82.6
M072,159.9,14,49.1,78.2,24,53.3,83.6
M072,159.9,14,49.1,78.2,26,54.4,84.8
M072,159.9,14,49.1,78.2,28,55.3,86.2
M072,159.9,14,49.1,78.2,30,56.4,86.8
M072,159.9,14,49.1,78.2,32,57.2,88.3
M072,159.9,14,49.1,78.2,34,58.5,89.1
M072,159.9,14,49.1,78.2,36,59.2,90.5
M072,159.9,14,49.1,78.2,38,60.3,91.9
M072,159.9,14,49.1,78.2,40,61.6,93.3
M072,159.9,16,49.0,79.3,18,50.3,80.2
M072,159.9,16,49.0,79.3,20,51.2,81.9
M072,159.9,16,49.0,79.3,22,52.0,82.6
M072,159.9,16,49.0,79.3,24,53.3,83.6
M072,159.9,16,49.0,79.3,26,54.4,84.8
M072,159.9,16,49.0,79.3,28,55.3,86.2
M072,159.9,16,49.0,79.3,30,56.4,86.8
M072,159.9,16,49.0,79.3,32,57.2,88.3
M072,159.9,16,49.0,79.3,34,58.5,89.1
M072,159.9,16,49.0,79.3,36,59.2,90.5
M072,159.9,16,49.0,79.3,38,60.3,91.9
M072,159.9,16,49.0,79.3,40,61.6,93.3
M072,159.9,18,50.3,80.2,20,51.2,81.9
M072,159.9,18,50.3,80.2,22,52.0,82.6
M072,159.9,18,50.3,80.2,24,53.3,83.6
M072,159.9,18,50.3,80.2,26,54.4,84.8
M072,159.9,18,50.3,80.2,28,55.3,86.2
M072,159.9,18,50.3,80.2,30,56.4,86.8
M072,159.9,18,50.3,80.2,32,57.2,88.3
M072,159.9,18,50.3,80.2,34,58.5,89.1
M072,159.9,18,50.3,80.2,36,59.2,90.5
M072,159.9,18,50.3,80.2,38,60.3,91.9
M072,159.9,18,50.3,80.2,40,61.6,93.3
M072,159.9,20,51.2,81.9,22,52.0,82.6
M072,159.9,20,51.2,81.9,24,53.3,83.6
M072,159.9,20,51.2,81.9,26,54.4,84.8
M072,159.9,20,51.2,81.9,28,55.3,86.2
M072,159.9,20,51.2,81.9,30,56.4,86.8
M072,159.9,20,51.2,81.9,32,57.2,88.3
M072,159.9,20,51.2,81.9,34,58.5,89.1
M072,159.9,20,51.2,81.9,36,59.2,90.5
M072,159.9,20,51.2,81.9,38,60.3,91.9
M072,159.9,20,51.2,81.9,40,61.6,93.3
M072,159.9,22,52.0,82.6,24,53.3,83.6
M072,159.9,22,52.0,82.6,26,54.4,84.8
M072,159.9,22,52.0,82.6,28,55.3,86.2
M072,159.9,22,52.0,82.6,30,56.4,86.8
M072,159.9,22,52.0,82.6,32,57.2,88.3
M072,159.9,22,52.0,82.6,34,58.5,89.1
M072,159.9,22,52.0,82.6,36,59.2,90.5
M072,159.9,22,52.0,82.6,38,60.3,91.9
M072,159.9,22,52.0,82.6,40,61.6,93.3
M072,159.9,24,53.3,83.6,26,54.4,84.8
M072,159.9,24,53.3,83.6,28,55.3,86.2
M072,159.9,24,53.3,83.6,30,56.4,86.8
M072,159.9,24,53.3,83.6,32,57.2,88.3
M072,159.9,24,53.3,83.6,34,58.5,89.1
M072,159.9,24,53.3,83.6,36,59.2,90.5
M072,159.9,24,53.3,83.6,38,60.3,91.9
M072,159.9,24,53.3,83.6,40,61.6,93.3
M072,159.9,26,54.4,84.8,28,55.3,86.2
M072,159.9,26,54.4,84.8,30,56.4,86.8
M072,159.9,26,54.4,84.8,32,57.2,88.3
M072,159.9,26,54.4,84.8,34,58.5,89.1
M072,159.9,26,54.4,84.8,36,59.2,90.5
M072,159.9,26,54.4,84.8,38,60.3,91.9
M072,159.9,26,54.4,84.8,40,61.6,93.3
M072,159.9,28,55.3,86.2,30,56.4,86.8
M072,159.9,28,55.3,86.2,32,57.2,88.3
M072,159.9,28,55.3,86.2,34,58.5,89.1
M072,159.9,28,55.3,86.2,36,59.2,90.5
M072,159.9,28,55.3,86.2,38,60.3,91.9
M072,159.9,28,55.3,86.2,40,61.6,93.3
M072,159.9,30,56.4,86.8,32,57.2,88.3
M072,159.9,30,56.4,86.8,34,58.5,89.1
M072,159.9,30,56.4,86.8,36,59.2,90.5
M072,159.9,30,56.4,86.8,38,60.3,91.9
M072,159.9,30,56.4,86.8,40,61.6,93.3
M072,159.9,32,57.2,88.3,34,58.5,89.1
M072,159.9,32,57.2,88.3,36,59.2,90.5
M072,159.9,32,57.2,88.3,38,60.3,91.9
M072,159.9,32,57.2,88.3,40,61.6,93.3
M072,159.9,34,58.5,89.1,36,59.2,90.5
M072,159.9,34,58.5,89.1,38,60.3,91.9
M072,159.9,34,58.5,89.1,40,61.6,93.3
M072,159.9,36,59.2,90.5,38,60.3,91.9
M072,159.9,36,59.2,90.5,40,61.6,93.3
M072,159.9,38,60.3,91.9,40,61.6,93.3
M073,169.5,12,61.3,71.9,14,62.0,73.3
M073,169.5,12,61.3,71.9,16,62.8,74.1
M073,169.5,12,61.3,71.9,18,63.3,74.4
M073,169.5,12,61.3,71.9,20,63.9,74.8
M073,169.5,12,61.3,71.9,22,64.6,75.8
M073,169.5,12,61.3,71.9,24,65.5,76.4
M073,169.5,12,61.3,71.9,26,66.1,77.1
M073,169.5,12,61.3,71.9,28,67.2,78.0
M073,169.5,12,61.3,71.9,30,67.8,78.9
M073,169.5,12,61.3,71.9,32,69.1,80.7
M073,169.5,12,61.3,71.9,34,69.6,80.5
M073,169.5,12,61.3,71.9,36,71.0,81.4
M073,169.5,12,61.3,71.9,38,71.8,82.3
M073,169.5,12,61.3,71.9,40,72.5,84.0
M073,169.5,14,62.0,73.3,16,62.8,74.1
M073,169.5,14,62.0,73.3,18,63.3,74.4
M073,169.5,14,62.0,73.3,20,63.9,74.8
M073,169.5,14,62.0,73.3,22,64.6,75.8
M073,169.5,14,62.0,73.3,24,65.5,76.4
M073,169.5,14,62.0,73.3,26,66.1,77.1
M073,169.5,14,62.0,73.3,28,67.2,78.0
M073,169.5,14,62.0,73.3,30,67.8,78.9
M073,169.5,14,62.0,73.3,32,69.1,80.7
M073,169.5,14,62.0,73.3,34,69.6,80.5
M073,169.5,14,62.0,73.3,36,71.0,81.4
M073,169.5,14,62.0,73.3,38,71.8,82.3
M073,169.5,14,62.0,73.3,40,72.5,84.0
M073,169.5,16,62.8,74.1,18,63.3,74.4
M073,169.5,16,62.8,74.1,20,63.9,74.8
M073,169.5,16,62.8,74.1,22,64.6,75.8
M073,169.5,16,62.8,74.1,24,65.5,76.4
M073,169.5,16,62.8,74.1,26,66.1,77.1
M073,169.5,16,62.8,74.1,28,67.2,78.0
M073,169.5,16,62.8,74.1,30,67.8,78.9
M073,169.5,16,62.8,74.1,32,69.1,80.7
M073,169.5,16,62.8,74.1,34,69.6,80.5
M073,169.5,16,62.8,74.1,36,71.0,81.4
M073,169.5,16,62.8,74.1,38,71.8,82.3
M073,169.5,16,62.8,74.1,40,72.5,84.0
M073,169.5,18,63.3,74.4,20,63.9,74.8
M073,169.5,18,63.3,74.4,22,64.6,75.8
M073,169.5,18,63.3,74.4,24,65.5,76.4
M073,169.5,18,63.3,74.4,26,66.1,77.1
M073,169.5,18,63.3,74.4,28,67.2,78.0
M073,169.5,18,63.3,74.4,30,67.8,78.9
M073,169.5,18,63.3,74.4,32,69.1,80.7
M073,169.5,18,63.3,74.4,34,69.6,80.5
M073,169.5,18,63.3,74.4,36,71.0,81.4
M073,169.5,18,63.3,74.4,38,71.8,82.3
M073,169.5,18,63.3,74.4,40,72.5,84.0
M073,169.5,20,63.9,74.8,22,64.6,75.8
M073,169.5,20,63.9,74.8,24,65.5,76.4
M073,169.5,20,63.9,74.8,26,66.1,77.1
M073,169.5,20,63.9,74.8,28,67.2,78.0
M073,169.5,20,63.9,74.8,30,67.8,78.9
M073,169.5,20,63.9,74.8,32,69.1,80.7
M073,169.5,20,63.9,74.8,34,69.6,80.5
M073,169.5,20,63.9,74.8,36,71.0,81.4
M073,169.5,20,63.9,74.8,38,71.8,82.3
M073,169.5,20,63.9,74.8,40,72.5,84.0
M073,169.5,22,64.6,75.8,24,65.5,76.4
M073,169.5,22,64.6,75.8,26,66.1,77.1
M073,169.5,22,64.6,75.8,28,67.2,78.0
M073,169.5,22,64.6,75.8,30,67.8,78.9
M073,169.5,22,64.6,75.8,32,69.1,80.7
M073,169.5,22,64.6,75.8,34,69.6,80.5
M073,169.5,22,64.6,75.8,36,71.0,81.4
M073,169.5,22,64.6,75.8,38,71.8,82.3
M073,169.5,22,64.6,75.8,40,72.5,84.0
M073,169.5,24,65.5,76.4,26,66.1,77.1
M073,169.5,24,65.5,76.4,28,67.2,78.0
M073,169.5,24,65.5,76.4,30,67.8,78.9
M073,169.5,24,65.5,76.4,32,69.1,80.7
M073,169.5,24,65.5,76.4,34,69.6,80.5
M073,169.5,24,65.5,76.4,36,71.0,81.4
M073,169.5,24,65.5,76.4,38,71.8,82.3
M073,169.5,24,65.5,76.4,40,72.5,84.0
M073,169.5,26,66.1,77.1,28,67.2,78.0
M073,169.5,26,66.1,77.1,30,67.8,78.9
M073,169.5,26,66.1,77.1,32,69.1,80.7
M073,169.5,26,66.1,77.1,34,69.6,80.5
M073,169.5,26,66.1,77.1,36,71.0,81.4
M073,169.5,26,66.1,77.1,38,71.8,82.3
M073,169.5,26,66.1,77.1,40,72.5,84.0
M073,169.5,28,67.2,78.0,30,67.8,78.9
M073,169.5,28,67.2,78.0,32,69.1,80.7
M073,169.5,28,67.2,78.0,34,69.6,80.5
M073,169.5,28,67.2,78.0,36,71.0,81.4
M073,169.5,28,67.2,78.0,38,71.8,82.3
M073,169.5,28,67.2,78.0,40,72.5,84.0
M073,169.5,30,67.8,78.9,32,69.1,80.7
M073,169.5,30,67.8,78.9,34,69.6,80.5
M073,169.5,30,67.8,78.9,36,71.0,81.4
M073,169.5,30,67.8,78.9,38,71.8,82.3
M073,169.5,30,67.8,78.9,40,72.5,84.0
M073,169.5,32,69.1,80.7,34,69.6,80.5
M073,169.5,32,69.1,80.7,36,71.0,81.4
M073,169.5,32,69.1,80.7,38,71.8,82.3
M073,169.5,32,69.1,80.7,40,72.5,84.0
M073,169.5,34,69.6,80.5,36,71.0,81.4
M073,169.5,34,69.6,80.5,38,71.8,82.3
M073,169.5,34,69.6,80.5,40,72.5,84.0
M073,169.5,36,71.0,81.4,38,71.8,82.3
M073,169.5,36,71.0,81.4,40,72.5,84.0
M073,169.5,38,71.8,82.3,40,72.5,84.0
M074,163.0,12,53.0,75.8,14,53.4,77.8
M074,163.0,12,53.0,75.8,16,54.2,79.0
M074,163.0,12,53.0,75.8,18,54.5,80.0
M074,163.0,12,53.0,75.8,20,55.3,81.9
M074,163.0,12,53.0,75.8,22,56.1,85.1
M074,163.0,12,53.0,75.8,24,56.9,85.0
M074,163.0,12,53.0,75.8,26,57.2,87.3
M074,163.0,12,53.0,75.8,28,58.5,88.6
M074,163.0,12,53.0,75.8,30,59.4,89.8
M074,163.0,12,53.0,75.8,32,59.8,91.2
M074,163.0,12,53.0,75.8,34,60.9,92.8
M074,163.0,12,53.0,75.8,36,61.2,94.7
M074,163.0,12,53.0,75.8,38,62.4,96.5
M074,163.0,12,53.0,75.8,40,63.2,98.7
M074,163.0,14,53.4,77.8,16,54.2,79.0
M074,163.0,14,53.4,77.8,18,54.5,80.0
M074,163.0,14,53.4,77.8,20,55.3,81.9
M074,163.0,14,53.4,77.8,22,56.1,85.1
M074,163.0,14,53.4,77.8,24,56.9,85.0
M074,163.0,14,53.4,77.8,26,57.2,87.3
M074,163.0,14,53.4,77.8,28,58.5,88.6
M074,163.0,14,53.4,77.8,30,59.4,89.8
M074,163.0,14,53.4,77.8,32,59.8,91.2
M074,163.0,14,53.4,77.8,34,60.9,92.8
M074,163.0,14,53.4,77.8,36,61.2,94.7
M074,163.0,14,53.4,77.8,38,62.4,96.5
M074,163.0,14,53.4,77.8,40,63.2,98.7
M074,163.0,16,54.2,79.0,18,54.5,80.0
M074,163.0,16,54.2,79.0,20,55.3,81.9
M074,163.0,16,54.2,79.0,22,56.1,85.1
M074,163.0,16,54.2,79.0,24,56.9,85.0
M074,163.0,16,54.2,79.0,26,57.2,87.3
M074,163.0,16,54.2,79.0,28,58.5,88.6
M074,163.0,16,54.2,79.0,30,59.4,89.8
M074,163.0,16,54.2,79.0,32,59.8,91.2
M074,163.0,16,54.2,79.0,34,60.9,92.8
M074,163.0,16,54.2,79.0,36,61.2,94.7
M074,163.0,16,54.2,79.0,38,62.4,96.5
M074,163.0,16,54.2,79.0,40,63.2,98.7
M074,163.0,18,54.5,80.0,20,55.3,81.9
M074,163.0,18,54.5,80.0,22,56.1,85.1
M074,163.0,18,54.5,80.0,24,56.9,85.0
M074,163.0,18,54.5,80.0,26,57.2,87.3
M074,163.0,18,54.5,80.0,28,58.5,88.6
M074,163.0,18,54.5,80.0,30,59.4,89.8
M074,163.0,18,54.5,80.0,32,59.8,91.2
M074,163.0,18,54.5,80.0,34,60.9,92.8
M074,163.0,18,54.5,80.0,36,61.2,94.7
M074,163.0,18,54.5,80.0,38,62.4,96.5
M074,163.0,18,54.5,80.0,40,63.2,98.7
M074,163.0,20,55.3,81.9,22,56.1,85.1
M074,163.0,20,55.3,81.9,24,56.9,85.0
M074,163.0,20,55.3,81.9,26,57.2,87.3
M074,163.0,20,55.3,81.9,28,58.5,88.6
M074,163.0,20,55.3,81.9,30,59.4,89.8
M074,163.0,20,55.3,81.9,32,59.8,91.2
M074,163.0,20,55.3,81.9,34,60.9,92.8
M074,163.0,20,55.3,81.9,36,61.2,94.7
M074,163.0,20,55.3,81.9,38,62.4,96.5
M074,163.0,20,55.3,81.9,40,63.2,98.7
M074,163.0,22,56.1,85.1,24,56.9,85.0
M074,163.0,22,56.1,85.1,26,57.2,87.3
M074,163.0,22,56.1,85.1,28,58.5,88.6
M074,163.0,22,56.1,85.1,30,59.4,89.8
M074,163.0,22,56.1,85.1,32,59.8,91.2
M074,163.0,22,56.1,85.1,34,60.9,92.8
M074,163.0,22,56.1,85.1,36,61.2,94.7
M074,163.0,22,56.1,85.1,38,62.4,96.5
M074,163.0,22,56.1,85.1,40,63.2,98.7
M074,163.0,24,56.9,85.0,26,57.2,87.3
M074,163.0,24,56.9,85.0,28,58.5,88.6
M074,163.0,24,56.9,85.0,30,59.4,89.8
M074,163.0,24,56.9,85.0,32,59.8,91.2
M074,163.0,24,56.9,85.0,34,60.9,92.8
M074,163.0,24,56.9,85.0,36,61.2,94.7
M074,163.0,24,56.9,85.0,38,62.4,96.5
M074,163.0,24,56.9,85.0,40,63.2,98.7
M074,163.0,26,57.2,87.3,28,58.5,88.6
M074,163.0,26,57.2,87.3,30,59.4,89.8
M074,163.0,26,57.2,87.3,32,59.8,91.2
M074,163.0,26,57.2,87.3,34,60.9,92.8
M074,163.0,26,57.2,87.3,36,61.2,94.7
M074,163.0,26,57.2,87.3,38,62.4,96.5
M074,163.0,26,57.2,87.3,40,63.2,98.7
M074,163.0,28,58.5,88.6,30,59.4,89.8
M074,163.0,28,58.5,88.6,32,59.8,91.2
M074,163.0,28,58.5,88.6,34,60.9,92.8
M074,163.0,28,58.5,88.6,36,61.2,94.7
M074,163.0,28,58.5,88.6,38,62.4,96.5
M074,163.0,28,58.5,88.6,40,63.2,98.7
M074,163.0,30,59.4,89.8,32,59.8,91.2
M074,163.0,30,59.4,89.8,34,60.9,92.8
M074,163.0,30,59.4,89.8,36,61.2,94.7
M074,163.0,30,59.4,89.8,38,62.4,96.5
M074,163.0,30,59.4,89.8,40,63.2,98.7
M074,163.0,32,59.8,91.2,34,60.9,92.8
M074,163.0,32,59.8,91.2,36,61.2,94.7
M074,163.0,32,59.8,91.2,38,62.4,96.5
M074,163.0,32,59.8,91.2,40,63.2,98.7
M074,163.0,34,60.9,92.8,36,61.2,94.7
M074,163.0,34,60.9,92.8,38,62.4,96.5
M074,163.0,34,60.9,92.8,40,63.2,98.7
M074,163.0,36,61.2,94.7,38,62.4,96.5
M074,163.0,36,61.2,94.7,40,63.2,98.7
M074,163.0,38,62.4,96.5,40,63.2,98.7
M075,160.5,12,54.5,75.5,14,55.3,76.3
M075,160.5,12,54.5,75.5,16,55.8,77.6
M075,160.5,12,54.5,75.5,18,56.3,78.8
M075,160.5,12,54.5,75.5,20,57.0,80.1
M075,160.5,12,54.5,75.5,22,57.8,80.9
M075,160.5,12,54.5,75.5,24,58.7,82.9
M075,160.5,12,54.5,75.5,26,59.2,83.1
M075,160.5,12,54.5,75.5,28,60.0,84.2
M075,160.5,12,54.5,75.5,30,61.1,85.0
M075,160.5,12,54.5,75.5,32,61.9,86.6
M075,160.5,12,54.5,75.5,34,62.0,88.0
M075,160.5,12,54.5,75.5,36,63.5,88.8
M075,160.5,12,54.5,75.5,38,63.8,89.6
M075,160.5,12,54.5,75.5,40,64.9,90.9
M075,160.5,14,55.3,76.3,16,55.8,77.6
M075,160.5,14,55.3,76.3,18,56.3,78.8
M075,160.5,14,55.3,76.3,20,57.0,80.1
M075,160.5,14,55.3,76.3,22,57.8,80.9
M075,160.5,14,55.3,76.3,24,58.7,82.9
M075,160.5,14,55.3,76.3,26,59.2,83.1
M075,160.5,14,55.3,76.3,28,60.0,84.2
M075,160.5,14,55.3,76.3,30,61.1,85.0
M075,160.5,14,55.3,76.3,32,61.9,86.6
M075,160.5,14,55.3,76.3,34,62.0,88.0
M075,160.5,14,55.3,76.3,36,63.5,88.8
M075,160.5,14,55.3,76.3,38,63.8,89.6
M075,160.5,14,55.3,76.3,40,64.9,90.9
M075,160.5,16,55.8,77.6,18,56.3,78.8
M075,160.5,16,55.8,77.6,20,57.0,80.1
M075,160.5,16,55.8,77.6,22,57.8,80.9
M075,160.5,16,55.8,77.6,24,58.7,82.9
M075,160.5,16,55.8,77.6,26,59.2,83.1
M075,160.5,16,55.8,77.6,28,60.0,84.2
M075,160.5,16,55.8,77.6,30,61.1,85.0
M075,160.5,16,55.8,77.6,32,61.9,86.6
M075,160.5,16,55.8,77.6,34,62.0,88.0
M075,160.5,16,55.8,77.6,36,63.5,88.8
M075,160.5,16,55.8,77.6,38,63.8,89.6
M075,160.5,16,55.8,77.6,40,64.9,90.9
M075,160.5,18,56.3,78.8,20,57.0,80.1
M075,160.5,18,56.3,78.8,22,57.8,80.9
M075,160.5,18,56.3,78.8,24,58.7,82.9
M075,160.5,18,56.3,78.8,26,59.2,83.1
M075,160.5,18,56.3,78.8,28,60.0,84.2
M075,160.5,18,56.3,78.8,30,61.1,85.0
M075,160.5,18,56.3,78.8,32,61.9,86.6
M075,160.5,18,56.3,78.8,34,62.0,88.0
M075,160.5,18,56.3,78.8,36,63.5,88.8
M075,160.5,18,56.3,78.8,38,63.8,89.6
M075,160.5,18,56.3,78.8,40,64.9,90.9
M075,160.5,20,57.0,80.1,22,57.8,80.9
M075,160.5,20,57.0,80.1,24,58.7,82.9
M075,160.5,20,57.0,80.1,26,59.2,83.1
M075,160.5,20,57.0,80.1,28,60.0,84.2
M075,160.5,20,57.0,80.1,30,61.1,85.0
M075,160.5,20,57.0,80.1,32,61.9,86.6
M075,160.5,20,57.0,80.1,34,62.0,88.0
M075,160.5,20,57.0,80.1,36,63.5,88.8
M075,160.5,20,57.0,80.1,38,63.8,89.6
M075,160.5,20,57.0,80.1,40,64.9,90.9
M075,160.5,22,57.8,80.9,24,58.7,82.9
M075,160.5,22,57.8,80.9,26,59.2,83.1
M075,160.5,22,57.8,80.9,28,60.0,84.2
M075,160.5,22,57.8,80.9,30,61.1,85.0
M075,160.5,22,57.8,80.9,32,61.9,86.6
M075,160.5,22,57.8,80.9,34,62.0,88.0
M075,160.5,22,57.8,80.9,36,63.5,88.8
M075,160.5,22,57.8,80.9,38,63.8,89.6
M075,160.5,22,57.8,80.9,40,64.9,90.9
M075,160.5,24,58.7,82.9,26,59.2,83.1
M075,160.5,24,58.7,82.9,28,60.0,84.2
M075,160.5,24,58.7,82.9,30,61.1,85.0
M075,160.5,24,58.7,82.9,32,61.9,86.6
M075,160.5,24,58.7,82.9,34,62.0,88.0
M075,160.5,24,58.7,82.9,36,63.5,88.8
M075,160.5,24,58.7,82.9,38,63.8,89.6
M075,160.5,24,58.7,82.9,40,64.9,90.9
M075,160.5,26,59.2,83.1,28,60.0,84.2
M075,160.5,26,59.2,83.1,30,61.1,85.0
M075,160.5,26,59.2,83.1,32,61.9,86.6
M075,160.5,26,59.2,83.1,34,62.0,88.0
M075,160.5,26,59.2,83.1,36,63.5,88.8
M075,160.5,26,59.2,83.1,38,63.8,89.6
M075,160.5,26,59.2,83.1,40,64.9,90.9
M075,160.5,28,60.0,84.2,30,61.1,85.0
M075,160.5,28,60.0,84.2,32,61.9,86.6
M075,160.5,28,60.0,84.2,34,62.0,88.0
M075,160.5,28,60.0,84.2,36,63.5,88.8
M075,160.5,28,60.0,84.2,38,63.8,89.6
M075,160.5,28,60.0,84.2,40,64.9,90.9
M075,160.5,30,61.1,85.0,32,61.9,86.6
M075,160.5,30,61.1,85.0,34,62.0,88.0
M075,160.5,30,61.1,85.0,36,63.5,88.8
M075,160.5,30,61.1,85.0,38,63.8,89.6
M075,160.5,30,61.1,85.0,40,64.9,90.9
M075,160.5,32,61.9,86.6,34,62.0,88.0
M075,160.5,32,61.9,86.6,36,63.5,88.8
M075,160.5,32,61.9,86.6,38,63.8,89.6
M075,160.5,32,61.9,86.6,40,64.9,90.9
M075,160.5,34,62.0,88.0,36,63.5,88.8
M075,160.5,34,62.0,88.0,38,63.8,89.6
M075,160.5,34,62.0,88.0,40,64.9,90.9
M075,160.5,36,63.5,88.8,38,63.8,89.6
M075,160.5,36,63.5,88.8,40,64.9,90.9
M075,160.5,38,63.8,89.6,40,64.9,90.9
M076,168.5,12,60.4,83.4,14,60.9,85.0
M076,168.5,12,60.4,83.4,16,61.3,86.4
M076,168.5,12,60.4,83.4,18,61.8,87.5
M076,168.5,12,60.4,83.4,20,62.3,88.3
M076,168.5,12,60.4,83.4,22,63.7,89.7
M076,168.5,12,60.4,83.4,24,63.9,91.1
M076,168.5,12,60.4,83.4,26,64.5,92.2
M076,168.5,12,60.4,83.4,28,65.3,93.4
M076,168.5,12,60.4,83.4,30,65.7,94.2
M076,168.5,12,60.4,83.4,32,66.3,96.4
M076,168.5,12,60.4,83.4,34,67.1,97.4
M076,168.5,12,60.4,83.4,36,67.9,99.2
M076,168.5,12,60.4,83.4,38,68.3,100.2
M076,168.5,12,60.4,83.4,40,69.1,101.5
M076,168.5,14,60.9,85.0,16,61.3,86.4
M076,168.5,14,60.9,85.0,18,61.8,87.5
M076,168.5,14,60.9,85.0,20,62.3,88.3
M076,168.5,14,60.9,85.0,22,63.7,89.7
M076,168.5,14,60.9,85.0,24,63.9,91.1
M076,168.5,14,60.9,85.0,26,64.5,92.2
M076,168.5,14,60.9,85.0,28,65.3,93.4
M076,168.5,14,60.9,85.0,30,65.7,94.2
M076,168.5,14,60.9,85.0,32,66.3,96.4
M076,168.5,14,60.9,85.0,34,67.1,97.4
M076,168.5,14,60.9,85.0,36,67.9,99.2
M076,168.5,14,60.9,85.0,38,68.3,100.2
M076,168.5,14,60.9,85.0,40,69.1,101.5
M076,168.5,16,61.3,86.4,18,61.8,87.5
M076,168.5,16,61.3,86.4,20,62.3,88.3
M076,168.5,16,61.3,86.4,22,63.7,89.7
M076,168.5,16,61.3,86.4,24,63.9,91.1
M076,168.5,16,61.3,86.4,26,64.5,92.2
M076,168.5,16,61.3,86.4,28,65.3,93.4
M076,168.5,16,61.3,86.4,30,65.7,94.2
M076,168.5,16,61.3,86.4,32,66.3,96.4
M076,168.5,16,61.3,86.4,34,67.1,97.4
M076,168.5,16,61.3,86.4,36,67.9,99.2
M076,168.5,16,61.3,86.4,38,68.3,100.2
M076,168.5,16,61.3,86.4,40,69.1,101.5
M076,168.5,18,61.8,87.5,20,62.3,88.3
M076,168.5,18,61.8,87.5,22,63.7,89.7
M076,168.5,18,61.8,87.5,24,63.9,91.1
M076,168.5,18,61.8,87.5,26,64.5,92.2
M076,168.5,18,61.8,87.5,28,65.3,93.4
M076,168.5,18,61.8,87.5,30,65.7,94.2
M076,168.5,18,61.8,87.5,32,66.3,96.4
M076,168.5,18,61.8,87.5,34,67.1,97.4
M076,168.5,18,61.8,87.5,36,67.9,99.2
M076,168.5,18,61.8,87.5,38,68.3,100.2
M076,168.5,18,61.8,87.5,40,69.1,101.5
M076,168.5,20,62.3,88.3,22,63.7,89.7
M076,168.5,20,62.3,88.3,24,63.9,91.1
M076,168.5,20,62.3,88.3,26,64.5,92.2
M076,168.5,20,62.3,88.3,28,65.3,93.4
M076,168.5,20,62.3,88.3,30,65.7,94.2
M076,168.5,20,62.3,88.3,32,66.3,96.4
M076,168.5,20,62.3,88.3,34,67.1,97.4
M076,168.5,20,62.3,88.3,36,67.9,99.2
M076,168.5,20,62.3,88.3,38,68.3,100.2
M076,168.5,20,62.3,88.3,40,69.1,101.5
M076,168.5,22,63.7,89.7,24,63.9,91.1
M076,168.5,22,63.7,89.7,26,64.5,92.2
M076,168.5,22,63.7,89.7,28,65.3,93.4
M076,168.5,22,63.7,89.7,30,65.7,94.2
M076,168.5,22,63.7,89.7,32,66.3,96.4
M076,168.5,22,63.7,89.7,34,67.1,97.4
M076,168.5,22,63.7,89.7,36,67.9,99.2
M076,168.5,22,63.7,89.7,38,68.3,100.2
M076,168.5,22,63.7,89.7,40,69.1,101.5
M076,168.5,24,63.9,91.1,26,64.5,92.2
M076,168.5,24,63.9,91.1,28,65.3,93.4
M076,168.5,24,63.9,91.1,30,65.7,94.2
M076,168.5,24,63.9,91.1,32,66.3,96.4
M076,168.5,24,63.9,91.1,34,67.1,97.4
M076,168.5,24,63.9,91.1,36,67.9,99.2
M076,168.5,24,63.9,91.1,38,68.3,100.2
M076,168.5,24,63.9,91.1,40,69.1,101.5
M076,168.5,26,64.5,92.2,28,65.3,93.4
M076,168.5,26,64.5,92.2,30,65.7,94.2
M076,168.5,26,64.5,92.2,32,66.3,96.4
M076,168.5,26,64.5,92.2,34,67.1,97.4
M076,168.5,26,64.5,92.2,36,67.9,99.2
M076,168.5,26,64.5,92.2,38,68.3,100.2
M076,168.5,26,64.5,92.2,40,69.1,101.5
M076,168.5,28,65.3,93.4,30,65.7,94.2
M076,168.5,28,65.3,93.4,32,66.3,96.4
M076,168.5,28,65.3,93.4,34,67.1,97.4
M076,168.5,28,65.3,93.4,36,67.9,99.2
M076,168.5,28,65.3,93.4,38,68.3,100.2
M076,168.5,28,65.3,93.4,40,69.1,101.5
M076,168.5,30,65.7,94.2,32,66.3,96.4
M076,168.5,30,65.7,94.2,34,67.1,97.4
M076,168.5,30,65.7,94.2,36,67.9,99.2
M076,168.5,30,65.7,94.2,38,68.3,100.2
M076,168.5,30,65.7,94.2,40,69.1,101.5
M076,168.5,32,66.3,96.4,34,67.1,97.4
M076,168.5,32,66.3,96.4,36,67.9,99.2
M076,168.5,32,66.3,96.4,38,68.3,100.2
M076,168.5,32,66.3,96.4,40,69.1,101.5
M076,168.5,34,67.1,97.4,36,67.9,99.2
M076,168.5,34,67.1,97.4,38,68.3,100.2
M076,168.5,34,67.1,97.4,40,69.1,101.5
M076,168.5,36,67.9,99.2,38,68.3,100.2
M076,168.5,36,67.9,99.2,40,69.1,101.5
M076,168.5,38,68.3,100.2,40,69.1,101.5
M077,174.6,12,75.0,76.6,14,75.5,78.1
M077,174.6,12,75.0,76.6,16,76.8,78.7
M077,174.6,12,75.0,76.6,18,77.6,81.1
M077,174.6,12,75.0,76.6,20,79.1,83.0
M077,174.6,12,75.0,76.6,22,80.1,84.2
M077,174.6,12,75.0,76.6,24,81.5,85.5
M077,174.6,12,75.0,76.6,26,82.8,87.4
M077,174.6,12,75.0,76.6,28,84.3,89.2
M077,174.6,12,75.0,76.6,30,85.5,91.3
M077,174.6,12,75.0,76.6,32,86.8,92.3
M077,174.6,12,75.0,76.6,34,88.2,94.1
M077,174.6,12,75.0,76.6,36,89.3,96.1
M077,174.6,12,75.0,76.6,38,90.7,98.3
M077,174.6,12,75.0,76.6,40,91.8,99.6
M077,174.6,14,75.5,78.1,16,76.8,78.7
M077,174.6,14,75.5,78.1,18,77.6,81.1
M077,174.6,14,75.5,78.1,20,79.1,83.0
M077,174.6,14,75.5,78.1,22,80.1,84.2
M077,174.6,14,75.5,78.1,24,81.5,85.5
M077,174.6,14,75.5,78.1,26,82.8,87.4
M077,174.6,14,75.5,78.1,28,84.3,89.2
M077,174.6,14,75.5,78.1,30,85.5,91.3
M077,174.6,14,75.5,78.1,32,86.8,92.3
M077,174.6,14,75.5,78.1,34,88.2,94.1
M077,174.6,14,75.5,78.1,36,89.3,96.1
M077,174.6,14,75.5,78.1,38,90.7,98.3
M077,174.6,14,75.5,78.1,40,91.8,99.6
M077,174.6,16,76.8,78.7,18,77.6,81.1
M077,174.6,16,76.8,78.7,20,79.1,83.0
M077,174.6,16,76.8,78.7,22,80.1,84.2
M077,174.6,16,76.8,78.7,24,81.5,85.5
M077,174.6,16,76.8,78.7,26,82.8,87.4
M077,174.6,16,76.8,78.7,28,84.3,89.2
M077,174.6,16,76.8,78.7,30,85.5,91.3
M077,174.6,16,76.8,78.7,32,86.8,92.3
M077,174.6,16,76.8,78.7,34,88.2,94.1
M077,174.6,16,76.8,78.7,36,89.3,96.1
M077,174.6,16,76.8,78.7,38,90.7,98.3
M077,174.6,16,76.8,78.7,40,91.8,99.6
M077,174.6,18,77.6,81.1,20,79.1,83.0
M077,174.6,18,77.6,81.1,22,80.1,84.2
M077,174.6,18,77.6,81.1,24,81.5,85.5
M077,174.6,18,77.6,81.1,26,82.8,87.4
M077,174.6,18,77.6,81.1,28,84.3,89.2
M077,174.6,18,77.6,81.1,30,85.5,91.3
M077,174.6,18,77.6,81.1,32,86.8,92.3
M077,174.6,18,77.6,81.1,34,88.2,94.1
M077,174.6,18,77.6,81.1,36,89.3,96.1
M077,174.6,18,77.6,81.1,38,90.7,98.3
M077,174.6,18,77.6,81.1,40,91.8,99.6
M077,174.6,20,79.1,83.0,22,80.1,84.2
M077,174.6,20,79.1,83.0,24,81.5,85.5
M077,174.6,20,79.1,83.0,26,82.8,87.4
M077,174.6,20,79.1,83.0,28,84.3,89.2
M077,174.6,20,79.1,83.0,30,85.5,91.3
M077,174.6,20,79.1,83.0,32,86.8,92.3
M077,174.6,20,79.1,83.0,34,88.2,94.1
M077,174.6,20,79.1,83.0,36,89.3,96.1
M077,174.6,20,79.1,83.0,38,90.7,98.3
M077,174.6,20,79.1,83.0,40,91.8,99.6
M077,174.6,22,80.1,84.2,24,81.5,85.5
M077,174.6,22,80.1,84.2,26,82.8,87.4
M077,174.6,22,80.1,84.2,28,84.3,89.2
M077,174.6,22,80.1,84.2,30,85.5,91.3
M077,174.6,22,80.1,84.2,32,86.8,92.3
M077,174.6,22,80.1,84.2,34,88.2,94.1
M077,174.6,22,80.1,84.2,36,89.3,96.1
M077,174.6,22,80.1,84.2,38,90.7,98.3
M077,174.6,22,80.1,84.2,40,91.8,99.6
M077,174.6,24,81.5,85.5,26,82.8,87.4
M077,174.6,24,81.5,85.5,28,84.3,89.2
M077,174.6,24,81.5,85.5,30,85.5,91.3
M077,174.6,24,81.5,85.5,32,86.8,92.3
M077,174.6,24,81.5,85.5,34,88.2,94.1
M077,174.6,24,81.5,85.5,36,89.3,96.1
M077,174.6,24,81.5,85.5,38,90.7,98.3
M077,174.6,24,81.5,85.5,40,91.8,99.6
M077,174.6,26,82.8,87.4,28,84.3,89.2
M077,174.6,26,82.8,87.4,30,85.5,91.3
M077,174.6,26,82.8,87.4,32,86.8,92.3
M077,174.6,26,82.8,87.4,34,88.2,94.1
M077,174.6,26,82.8,87.4,36,89.3,96.1
M077,174.6,26,82.8,87.4,38,90.7,98.3
M077,174.6,26,82.8,87.4,40,91.8,99.6
M077,174.6,28,84.3,89.2,30,85.5,91.3
M077,174.6,28,84.3,89.2,32,86.8,92.3
M077,174.6,28,84.3,89.2,34,88.2,94.1
M077,174.6,28,84.3,89.2,36,89.3,96.1
M077,174.6,28,84.3,89.2,38,90.7,98.3
M077,174.6,28,84.3,89.2,40,91.8,99.6
M077,174.6,30,85.5,91.3,32,86.8,92.3
M077,174.6,30,85.5,91.3,34,88.2,94.1
M077,174.6,30,85.5,91.3,36,89.3,96.1
M077,174.6,30,85.5,91.3,38,90.7,98.3
M077,174.6,30,85.5,91.3,40,91.8,99.6
M077,174.6,32,86.8,92.3,34,88.2,94.1
M077,174.6,32,86.8,92.3,36,89.3,96.1
M077,174.6,32,86.8,92.3,38,90.7,98.3
M077,174.6,32,86.8,92.3,40,91.8,99.6
M077,174.6,34,88.2,94.1,36,89.3,96.1
M077,174.6,34,88.2,94.1,38,90.7,98.3
M077,174.6,34,88.2,94.1,40,91.8,99.6
M077,174.6,36,89.3,96.1,38,90.7,98.3
M077,174.6,36,89.3,96.1,40,91.8,99.6
M077,174.6,38,90.7,98.3,40,91.8,99.6
M078,164.3,12,62.8,88.1,14,63.6,88.8
M078,164.3,12,62.8,88.1,16,64.3,90.4
M078,164.3,12,62.8,88.1,18,65.1,91.8
M078,164.3,12,62.8,88.1,20,65.8,92.4
M078,164.3,12,62.8,88.1,22,66.7,93.5
M078,164.3,12,62.8,88.1,24,67.6,94.9
M078,164.3,12,62.8,88.1,26,68.1,95.1
M078,164.3,12,62.8,88.1,28,69.0,96.2
M078,164.3,12,62.8,88.1,30,70.1,98.1
M078,164.3,12,62.8,88.1,32,71.3,99.1
M078,164.3,12,62.8,88.1,34,72.1,100.3
M078,164.3,12,62.8,88.1,36,73.1,101.9
M078,164.3,12,62.8,88.1,38,74.2,102.6
M078,164.3,12,62.8,88.1,40,75.2,103.8
M078,164.3,14,63.6,88.8,16,64.3,90.4
M078,164.3,14,63.6,88.8,18,65.1,91.8
M078,164.3,14,63.6,88.8,20,65.8,92.4
M078,164.3,14,63.6,88.8,22,66.7,93.5
M078,164.3,14,63.6,88.8,24,67.6,94.9
M078,164.3,14,63.6,88.8,26,68.1,95.1
M078,164.3,14,63.6,88.8,28,69.0,96.2
M078,164.3,14,63.6,88.8,30,70.1,98.1
M078,164.3,14,63.6,88.8,32,71.3,99.1
M078,164.3,14,63.6,88.8,34,72.1,100.3
M078,164.3,14,63.6,88.8,36,73.1,101.9
M078,164.3,14,63.6,88.8,38,74.2,102.6
M078,164.3,14,63.6,88.8,40,75.2,103.8
M078,164.3,16,64.3,90.4,18,65.1,91.8
M078,164.3,16,64.3,90.4,20,65.8,92.4
M078,164.3,16,64.3,90.4,22,66.7,93.5
M078,164.3,16,64.3,90.4,24,67.6,94.9
M078,164.3,16,64.3,90.4,26,68.1,95.1
M078,164.3,16,64.3,90.4,28,69.0,96.2
M078,164.3,16,64.3,90.4,30,70.1,98.1
M078,164.3,16,64.3,90.4,32,71.3,99.1
M078,164.3,16,64.3,90.4,34,72.1,100.3
M078,164.3,16,64.3,90.4,36,73.1,101.9
M078,164.3,16,64.3,90.4,38,74.2,102.6
M078,164.3,16,64.3,90.4,40,75.2,103.8
M078,164.3,18,65.1,91.8,20,65.8,92.4
M078,164.3,18,65.1,91.8,22,66.7,93.5
M078,164.3,18,65.1,91.8,24,67.6,94.9
M078,164.3,18,65.1,91.8,26,68.1,95.1
M078,164.3,18,65.1,91.8,28,69.0,96.2
M078,164.3,18,65.1,91.8,30,70.1,98.1
M078,164.3,18,65.1,91.8,32,71.3,99.1
M078,164.3,18,65.1,91.8,34,72.1,100.3
M078,164.3,18,65.1,91.8,36,73.1,101.9
M078,164.3,18,65.1,91.8,38,74.2,102.6
M078,164.3,18,65.1,91.8,40,75.2,103.8
M078,164.3,20,65.8,92.4,22,66.7,93.5
M078,164.3,20,65.8,92.4,24,67.6,94.9
M078,164.3,20,65.8,92.4,26,68.1,95.1
M078,164.3,20,65.8,92.4,28,69.0,96.2
M078,164.3,20,65.8,92.4,30,70.1,98.1
M078,164.3,20,65.8,92.4,32,71.3,99.1
M078,164.3,20,65.8,92.4,34,72.1,100.3
M078,164.3,20,65.8,92.4,36,73.1,101.9
M078,164.3,20,65.8,92.4,38,74.2,102.6
M078,164.3,20,65.8,92.4,40,75.2,103.8
M078,164.3,22,66.7,93.5,24,67.6,94.9
M078,164.3,22,66.7,93.5,26,68.1,95.1
M078,164.3,22,66.7,93.5,28,69.0,96.2
M078,164.3,22,66.7,93.5,30,70.1,98.1
M078,164.3,22,66.7,93.5,32,71.3,99.1
M078,164.3,22,66.7,93.5,34,72.1,100.3
M078,164.3,22,66.7,93.5,36,73.1,101.9
M078,164.3,22,66.7,93.5,38,74.2,102.6
M078,164.3,22,66.7,93.5,40,75.2,103.8
M078,164.3,24,67.6,94.9,26,68.1,95.1
M078,164.3,24,67.6,94.9,28,69.0,96.2
M078,164.3,24,67.6,94.9,30,70.1,98.1
M078,164.3,24,67.6,94.9,32,71.3,99.1
M078,164.3,24,67.6,94.9,34,72.1,100.3
M078,164.3,24,67.6,94.9,36,73.1,101.9
M078,164.3,24,67.6,94.9,38,74.2,102.6
M078,164.3,24,67.6,94.9,40,75.2,103.8
M078,164.3,26,68.1,95.1,28,69.0,96.2
M078,164.3,26,68.1,95.1,30,70.1,98.1
M078,164.3,26,68.1,95.1,32,71.3,99.1
M078,164.3,26,68.1,95.1,34,72.1,100.3
M078,164.3,26,68.1,95.1,36,73.1,101.9
M078,164.3,26,68.1,95.1,38,74.2,102.6
M078,164.3,26,68.1,95.1,40,75.2,103.8
M078,164.3,28,69.0,96.2,30,70.1,98.1
M078,164.3,28,69.0,96.2,32,71.3,99.1
M078,164.3,28,69.0,96.2,34,72.1,100.3
M078,164.3,28,69.0,96.2,36,73.1,101.9
M078,164.3,28,69.0,96.2,38,74.2,102.6
M078,164.3,28,69.0,96.2,40,75.2,103.8
M078,164.3,30,70.1,98.1,32,71.3,99.1
M078,164.3,30,70.1,98.1,34,72.1,100.3
M078,164.3,30,70.1,98.1,36,73.1,101.9
M078,164.3,30,70.1,98.1,38,74.2,102.6
M078,164.3,30,70.1,98.1,40,75.2,103.8
M078,164.3,32,71.3,99.1,34,72.1,100.3
M078,164.3,32,71.3,99.1,36,73.1,101.9
M078,164.3,32,71.3,99.1,38,74.2,102.6
M078,164.3,32,71.3,99.1,40,75.2,103.8
M078,164.3,34,72.1,100.3,36,73.1,101.9
M078,164.3,34,72.1,100.3,38,74.2,102.6
M078,164.3,34,72.1,100.3,40,75.2,103.8
M078,164.3,36,73.1,101.9,38,74.2,102.6
M078,164.3,36,73.1,101.9,40,75.2,103.8
M078,164.3,38,74.2,102.6,40,75.2,103.8
M079,163.8,12,54.9,73.3,14,55.4,74.7
M079,163.8,12,54.9,73.3,16,56.6,76.6
M079,163.8,12,54.9,73.3,18,57.2,77.7
M079,163.8,12,54.9,73.3,20,57.9,79.5
M079,163.8,12,54.9,73.3,22,59.1,81.1
M079,163.8,12,54.9,73.3,24,59.8,82.7
M079,163.8,12,54.9,73.3,26,60.9,85.0
M079,163.8,12,54.9,73.3,28,61.3,86.4
M079,163.8,12,54.9,73.3,30,62.3,87.9
M079,163.8,12,54.9,73.3,32,63.0,89.7
M079,163.8,12,54.9,73.3,34,64.2,91.5
M079,163.8,12,54.9,73.3,36,65.0,94.3
M079,163.8,12,54.9,73.3,38,66.1,95.1
M079,163.8,12,54.9,73.3,40,67.0,96.5
M079,163.8,14,55.4,74.7,16,56.6,76.6
M079,163.8,14,55.4,74.7,18,57.2,77.7
M079,163.8,14,55.4,74.7,20,57.9,79.5
M079,163.8,14,55.4,74.7,22,59.1,81.1
M079,163.8,14,55.4,74.7,24,59.8,82.7
M079,163.8,14,55.4,74.7,26,60.9,85.0
M079,163.8,14,55.4,74.7,28,61.3,86.4
M079,163.8,14,55.4,74.7,30,62.3,87.9
M079,163.8,14,55.4,74.7,32,63.0,89.7
M079,163.8,14,55.4,74.7,34,64.2,91.5
M079,163.8,14,55.4,74.7,36,65.0,94.3
M079,163.8,14,55.4,74.7,38,66.1,95.1
M079,163.8,14,55.4,74.7,40,67.0,96.5
M079,163.8,16,56.6,76.6,18,57.2,77.7
M079,163.8,16,56.6,76.6,20,57.9,79.5
M079,163.8,16,56.6,76.6,22,59.1,81.1
M079,163.8,16,56.6,76.6,24,59.8,82.7
M079,163.8,16,56.6,76.6,26,60.9,85.0
M079,163.8,16,56.6,76.6,28,61.3,86.4
M079,163.8,16,56.6,76.6,30,62.3,87.9
M079,163.8,16,56.6,76.6,32,63.0,89.7
M079,163.8,16,56.6,76.6,34,64.2,91.5
M079,163.8,16,56.6,76.6,36,65.0,94.3
M079,163.8,16,56.6,76.6,38,66.1,95.1
M079,163.8,16,56.6,76.6,40,67.0,96.5
M079,163.8,18,57.2,77.7,20,57.9,79.5
M079,163.8,18,57.2,77.7,22,59.1,81.1
M079,163.8,18,57.2,77.7,24,59.8,82.7
M079,163.8,18,57.2,77.7,26,60.9,85.0
M079,163.8,18,57.2,77.7,28,61.3,86.4
M079,163.8,18,57.2,77.7,30,62.3,87.9
M079,163.8,18,57.2,77.7,32,63.0,89.7
M079,163.8,18,57.2,77.7,34,64.2,91.5
M079,163.8,18,57.2,77.7,36,65.0,94.3
M079,163.8,18,57.2,77.7,38,66.1,95.1
M079,163.8,18,57.2,77.7,40,67.0,96.5
M079,163.8,20,57.9,79.5,22,59.1,81.1
M079,163.8,20,57.9,79.5,24,59.8,82.7
M079,163.8,20,57.9,79.5,26,60.9,85.0
M079,163.8,20,57.9,79.5,28,61.3,86.4
M079,163.8,20,57.9,79.5,30,62.3,87.9
M079,163.8,20,57.9,79.5,32,63.0,89.7
M079,163.8,20,57.9,79.5,34,64.2,91.5
M079,163.8,20,57.9,79.5,36,65.0,94.3
M079,163.8,20,57.9,79.5,38,66.1,95.1
M079,163.8,20,57.9,79.5,40,67.0,96.5
M079,163.8,22,59.1,81.1,24,59.8,82.7
M079,163.8,22,59.1,81.1,26,60.9,85.0
M079,163.8,22,59.1,81.1,28,61.3,86.4
M079,163.8,22,59.1,81.1,30,62.3,87.9
M079,163.8,22,59.1,81.1,32,63.0,89.7
M079,163.8,22,59.1,81.1,34,64.2,91.5
M079,163.8,22,59.1,81.1,36,65.0,94.3
M079,163.8,22,59.1,81.1,38,66.1,95.1
M079,163.8,22,59.1,81.1,40,67.0,96.5
M079,163.8,24,59.8,82.7,26,60.9,85.0
M079,163.8,24,59.8,82.7,28,61.3,86.4
M079,163.8,24,59.8,82.7,30,62.3,87.9
M079,163.8,24,59.8,82.7,32,63.0,89.7
M079,163.8,24,59.8,82.7,34,64.2,91.5
M079,163.8,24,59.8,82.7,36,65.0,94.3
M079,163.8,24,59.8,82.7,38,66.1,95.1
M079,163.8,24,59.8,82.7,40,67.0,96.5
M079,163.8,26,60.9,85.0,28,61.3,86.4
M079,163.8,26,60.9,85.0,30,62.3,87.9
M079,163.8,26,60.9,85.0,32,63.0,89.7
M079,163.8,26,60.9,85.0,34,64.2,91.5
M079,163.8,26,60.9,85.0,36,65.0,94.3
M079,163.8,26,60.9,85.0,38,66.1,95.1
M079,163.8,26,60.9,85.0,40,67.0,96.5
M079,163.8,28,61.3,86.4,30,62.3,87.9
M079,163.8,28,61.3,86.4,32,63.0,89.7
M079,163.8,28,61.3,86.4,34,64.2,91.5
M079,163.8,28,61.3,86.4,36,65.0,94.3
M079,163.8,28,61.3,86.4,38,66.1,95.1
M079,163.8,28,61.3,86.4,40,67.0,96.5
M079,163.8,30,62.3,87.9,32,63.0,89.7
M079,163.8,30,62.3,87.9,34,64.2,91.5
M079,163.8,30,62.3,87.9,36,65.0,94.3
M079,163.8,30,62.3,87.9,38,66.1,95.1
M079,163.8,30,62.3,87.9,40,67.0,96.5
M079,163.8,32,63.0,89.7,34,64.2,91.5
M079,163.8,32,63.0,89.7,36,65.0,94.3
M079,163.8,32,63.0,89.7,38,66.1,95.1
M079,163.8,32,63.0,89.7,40,67.0,96.5
M079,163.8,34,64.2,91.5,36,65.0,94.3
M079,163.8,34,64.2,91.5,38,66.1,95.1
M079,163.8,34,64.2,91.5,40,67.0,96.5
M079,163.8,36,65.0,94.3,38,66.1,95.1
M079,163.8,36,65.0,94.3,40,67.0,96.5
M079,163.8,38,66.1,95.1,40,67.0,96.5
M080,166.6,12,63.2,80.4,14,63.7,83.4
M080,166.6,12,63.2,80.4,16,64.2,85.5
M080,166.6,12,63.2,80.4,18,65.1,86.9
M080,166.6,12,63.2,80.4,20,66.4,89.7
M080,166.6,12,63.2,80.4,22,67.0,91.3
M080,166.6,12,63.2,80.4,24,68.3,93.6
M080,166.6,12,63.2,80.4,26,68.8,96.4
M080,166.6,12,63.2,80.4,28,70.1,98.6
M080,166.6,12,63.2,80.4,30,71.1,100.2
M080,166.6,12,63.2,80.4,32,71.9,102.5
M080,166.6,12,63.2,80.4,34,73.4,104.9
M080,166.6,12,63.2,80.4,36,74.3,106.7
M080,166.6,12,63.2,80.4,38,75.2,109.8
M080,166.6,12,63.2,80.4,40,76.1,112.0
M080,166.6,14,63.7,83.4,16,64.2,85.5
M080,166.6,14,63.7,83.4,18,65.1,86.9
M080,166.6,14,63.7,83.4,20,66.4,89.7
M080,166.6,14,63.7,83.4,22,67.0,91.3
M080,166.6,14,63.7,83.4,24,68.3,93.6
M080,166.6,14,63.7,83.4,26,68.8,96.4
M080,166.6,14,63.7,83.4,28,70.1,98.6
M080,166.6,14,63.7,83.4,30,71.1,100.2
M080,166.6,14,63.7,83.4,32,71.9,102.5
M080,166.6,14,63.7,83.4,34,73.4,104.9
M080,166.6,14,63.7,83.4,36,74.3,106.7
M080,166.6,14,63.7,83.4,38,75.2,109.8
M080,166.6,14,63.7,83.4,40,76.1,112.0
M080,166.6,16,64.2,85.5,18,65.1,86.9
M080,166.6,16,64.2,85.5,20,66.4,89.7
M080,166.6,16,64.2,85.5,22,67.0,91.3
M080,166.6,16,64.2,85.5,24,68.3,93.6
M080,166.6,16,64.2,85.5,26,68.8,96.4
M080,166.6,16,64.2,85.5,28,70.1,98.6
M080,166.6,16,64.2,85.5,30,71.1,100.2
M080,166.6,16,64.2,85.5,32,71.9,102.5
M080,166.6,16,64.2,85.5,34,73.4,104.9
M080,166.6,16,64.2,85.5,36,74.3,106.7
M080,166.6,16,64.2,85.5,38,75.2,109.8
M080,166.6,16,64.2,85.5,40,76.1,112.0
M080,166.6,18,65.1,86.9,20,66.4,89.7
M080,166.6,18,65.1,86.9,22,67.0,91.3
M080,166.6,18,65.1,86.9,24,68.3,93.6
M080,166.6,18,65.1,86.9,26,68.8,96.4
M080,166.6,18,65.1,86.9,28,70.1,98.6
M080,166.6,18,65.1,86.9,30,71.1,100.2
M080,166.6,18,65.1,86.9,32,71.9,102.5
M080,166.6,18,65.1,86.9,34,73.4,104.9
M080,166.6,18,65.1,86.9,36,74.3,106.7
M080,166.6,18,65.1,86.9,38,75.2,109.8
M080,166.6,18,65.1,86.9,40,76.1,112.0
M080,166.6,20,66.4,89.7,22,67.0,91.3
M080,166.6,20,66.4,89.7,24,68.3,93.6
M080,166.6,20,66.4,89.7,26,68.8,96.4
M080,166.6,20,66.4,89.7,28,70.1,98.6
M080,166.6,20,66.4,89.7,30,71.1,100.2
M080,166.6,20,66.4,89.7,32,71.9,102.5
M080,166.6,20,66.4,89.7,34,73.4,104.9
M080,166.6,20,66.4,89.7,36,74.3,106.7
M080,166.6,20,66.4,89.7,38,75.2,109.8
M080,166.6,20,66.4,89.7,40,76.1,112.0
M080,166.6,22,67.0,91.3,24,68.3,93.6
M080,166.6,22,67.0,91.3,26,68.8,96.4
M080,166.6,22,67.0,91.3,28,70.1,98.6
M080,166.6,22,67.0,91.3,30,71.1,100.2
M080,166.6,22,67.0,91.3,32,71.9,102.5
M080,166.6,22,67.0,91.3,34,73.4,104.9
M080,166.6,22,67.0,91.3,36,74.3,106.7
M080,166.6,22,67.0,91.3,38,75.2,109.8
M080,166.6,22,67.0,91.3,40,76.1,112.0
M080,166.6,24,68.3,93.6,26,68.8,96.4
M080,166.6,24,68.3,93.6,28,70.1,98.6
M080,166.6,24,68.3,93.6,30,71.1,100.2
M080,166.6,24,68.3,93.6,32,71.9,102.5
M080,166.6,24,68.3,93.6,34,73.4,104.9
M080,166.6,24,68.3,93.6,36,74.3,106.7
M080,166.6,24,68.3,93.6,38,75.2,109.8
M080,166.6,24,68.3,93.6,40,76.1,112.0
M080,166.6,26,68.8,96.4,28,70.1,98.6
M080,166.6,26,68.8,96.4,30,71.1,100.2
M080,166.6,26,68.8,96.4,32,71.9,102.5
M080,166.6,26,68.8,96.4,34,73.4,104.9
M080,166.6,26,68.8,96.4,36,74.3,106.7
M080,166.6,26,68.8,96.4,38,75.2,109.8
M080,166.6,26,68.8,96.4,40,76.1,112.0
M080,166.6,28,70.1,98.6,30,71.1,100.2
M080,166.6,28,70.1,98.6,32,71.9,102.5
M080,166.6,28,70.1,98.6,34,73.4,104.9
M080,166.6,28,70.1,98.6,36,74.3,106.7
M080,166.6,28,70.1,98.6,38,75.2,109.8
M080,166.6,28,70.1,98.6,40,76.1,112.0
M080,166.6,30,71.1,100.2,32,71.9,102.5
M080,166.6,30,71.1,100.2,34,73.4,104.9
M080,166.6,30,71.1,100.2,36,74.3,106.7
M080,166.6,30,71.1,100.2,38,75.2,109.8
M080,166.6,30,71.1,100.2,40,76.1,112.0
M080,166.6,32,71.9,102.5,34,73.4,104.9
M080,166.6,32,71.9,102.5,36,74.3,106.7
M080,166.6,32,71.9,102.5,38,75.2,109.8
M080,166.6,32,71.9,102.5,40,76.1,112.0
M080,166.6,34,73.4,104.9,36,74.3,106.7
M080,166.6,34,73.4,104.9,38,75.2,109.8
M080,166.6,34,73.4,104.9,40,76.1,112.0
M080,166.6,36,74.3,106.7,38,75.2,109.8
M080,166.6,36,74.3,106.7,40,76.1,112.0
M080,166.6,38,75.2,109.8,40,76.1,112.0
M081,170.3,12,66.6,79.4,14,66.9,80.8
M081,170.3,12,66.6,79.4,16,67.9,82.3
M081,170.3,12,66.6,79.4,18,68.7,84.2
M081,170.3,12,66.6,79.4,20,69.3,85.8
M081,170.3,12,66.6,79.4,22,70.6,86.7
M081,170.3,12,66.6,79.4,24,70.6,88.0
M081,170.3,12,66.6,79.4,26,72.0,90.2
M081,170.3,12,66.6,79.4,28,73.4,92.3
M081,170.3,12,66.6,79.4,30,74.3,93.9
M081,170.3,12,66.6,79.4,32,75.3,95.4
M081,170.3,12,66.6,79.4,34,76.4,96.9
M081,170.3,12,66.6,79.4,36,77.2,98.9
M081,170.3,12,66.6,79.4,38,78.5,100.4
M081,170.3,12,66.6,79.4,40,79.4,101.3
M081,170.3,14,66.9,80.8,16,67.9,82.3
M081,170.3,14,66.9,80.8,18,68.7,84.2
M081,170.3,14,66.9,80.8,20,69.3,85.8
M081,170.3,14,66.9,80.8,22,70.6,86.7
M081,170.3,14,66.9,80.8,24,70.6,88.0
M081,170.3,14,66.9,80.8,26,72.0,90.2
M081,170.3,14,66.9,80.8,28,73.4,92.3
M081,170.3,14,66.9,80.8,30,74.3,93.9
M081,170.3,14,66.9,80.8,32,75.3,95.4
M081,170.3,14,66.9,80.8,34,76.4,96.9
M081,170.3,14,66.9,80.8,36,77.2,98.9
M081,170.3,14,66.9,80.8,38,78.5,100.4
M081,170.3,14,66.9,80.8,40,79.4,101.3
M081,170.3,16,67.9,82.3,18,68.7,84.2
M081,170.3,16,67.9,82.3,20,69.3,85.8
M081,170.3,16,67.9,82.3,22,70.6,86.7
M081,170.3,16,67.9,82.3,24,70.6,88.0
M081,170.3,16,67.9,82.3,26,72.0,90.2
M081,170.3,16,67.9,82.3,28,73.4,92.3
M081,170.3,16,67.9,82.3,30,74.3,93.9
M081,170.3,16,67.9,82.3,32,75.3,95.4
M081,170.3,16,67.9,82.3,34,76.4,96.9
M081,170.3,16,67.9,82.3,36,77.2,98.9
M081,170.3,16,67.9,82.3,38,78.5,100.4
M081,170.3,16,67.9,82.3,40,79.4,101.3
M081,170.3,18,68.7,84.2,20,69.3,85.8
M081,170.3,18,68.7,84.2,22,70.6,86.7
M081,170.3,18,68.7,84.2,24,70.6,88.0
M081,170.3,18,68.7,84.2,26,72.0,90.2
M081,170.3,18,68.7,84.2,28,73.4,92.3
M081,170.3,18,68.7,84.2,30,74.3,93.9
M081,170.3,18,68.7,84.2,32,75.3,95.4
M081,170.3,18,68.7,84.2,34,76.4,96.9
M081,170.3,18,68.7,84.2,36,77.2,98.9
M081,170.3,18,68.7,84.2,38,78.5,100.4
M081,170.3,18,68.7,84.2,40,79.4,101.3
M081,170.3,20,69.3,85.8,22,70.6,86.7
M081,170.3,20,69.3,85.8,24,70.6,88.0
M081,170.3,20,69.3,85.8,26,72.0,90.2
M081,170.3,20,69.3,85.8,28,73.4,92.3
M081,170.3,20,69.3,85.8,30,74.3,93.9
M081,170.3,20,69.3,85.8,32,75.3,95.4
M081,170.3,20,69.3,85.8,34,76.4,96.9
M081,170.3,20,69.3,85.8,36,77.2,98.9
M081,170.3,20,69.3,85.8,38,78.5,100.4
M081,170.3,20,69.3,85.8,40,79.4,101.3
M081,170.3,22,70.6,86.7,24,70.6,88.0
M081,170.3,22,70.6,86.7,26,72.0,90.2
M081,170.3,22,70.6,86.7,28,73.4,92.3
M081,170.3,22,70.6,86.7,30,74.3,93.9
M081,170.3,22,70.6,86.7,32,75.3,95.4
M081,170.3,22,70.6,86.7,34,76.4,96.9
M081,170.3,22,70.6,86.7,36,77.2,98.9
M081,170.3,22,70.6,86.7,38,78.5,100.4
M081,170.3,22,70.6,86.7,40,79.4,101.3
M081,170.3,24,70.6,88.0,26,72.0,90.2
M081,170.3,24,70.6,88.0,28,73.4,92.3
M081,170.3,24,70.6,88.0,30,74.3,93.9
M081,170.3,24,70.6,88.0,32,75.3,95.4
M081,170.3,24,70.6,88.0,34,76.4,96.9
M081,170.3,24,70.6,88.0,36,77.2,98.9
M081,170.3,24,70.6,88.0,38,78.5,100.4
M081,170.3,24,70.6,88.0,40,79.4,101.3
M081,170.3,26,72.0,90.2,28,73.4,92.3
M081,170.3,26,72.0,90.2,30,74.3,93.9
M081,170.3,26,72.0,90.2,32,75.3,95.4
M081,170.3,26,72.0,90.2,34,76.4,96.9
M081,170.3,26,72.0,90.2,36,77.2,98.9
M081,170.3,26,72.0,90.2,38,78.5,100.4
M081,170.3,26,72.0,90.2,40,79.4,101.3
M081,170.3,28,73.4,92.3,30,74.3,93.9
M081,170.3,28,73.4,92.3,32,75.3,95.4
M081,170.3,28,73.4,92.3,34,76.4,96.9
M081,170.3,28,73.4,92.3,36,77.2,98.9
M081,170.3,28,73.4,92.3,38,78.5,100.4
M081,170.3,28,73.4,92.3,40,79.4,101.3
M081,170.3,30,74.3,93.9,32,75.3,95.4
M081,170.3,30,74.3,93.9,34,76.4,96.9
M081,170.3,30,74.3,93.9,36,77.2,98.9
M081,170.3,30,74.3,93.9,38,78.5,100.4
M081,170.3,30,74.3,93.9,40,79.4,101.3
M081,170.3,32,75.3,95.4,34,76.4,96.9
M081,170.3,32,75.3,95.4,36,77.2,98.9
M081,170.3,32,75.3,95.4,38,78.5,100.4
M081,170.3,32,75.3,95.4,40,79.4,101.3
M081,170.3,34,76.4,96.9,36,77.2,98.9
M081,170.3,34,76.4,96.9,38,78.5,100.4
M081,170.3,34,76.4,96.9,40,79.4,101.3
M081,170.3,36,77.2,98.9,38,78.5,100.4
M081,170.3,36,77.2,98.9,40,79.4,101.3
M081,170.3,38,78.5,100.4,40,79.4,101.3
M082,173.4,12,52.3,72.1,14,53.2,73.1
M082,173.4,12,52.3,72.1,16,53.3,74.7
M082,173.4,12,52.3,72.1,18,54.0,75.4
M082,173.4,12,52.3,72.1,20,54.2,77.5
M082,173.4,12,52.3,72.1,22,54.5,78.1
M082,173.4,12,52.3,72.1,24,55.5,79.0
M082,173.4,12,52.3,72.1,26,55.9,80.8
M082,173.4,12,52.3,72.1,28,56.3,82.0
M082,173.4,12,52.3,72.1,30,57.1,82.9
M082,173.4,12,52.3,72.1,32,57.5,84.1
M082,173.4,12,52.3,72.1,34,58.1,86.9
M082,173.4,12,52.3,72.1,36,58.7,87.5
M082,173.4,12,52.3,72.1,38,59.2,88.0
M082,173.4,12,52.3,72.1,40,60.0,89.1
M082,173.4,14,53.2,73.1,16,53.3,74.7
M082,173.4,14,53.2,73.1,18,54.0,75.4
M082,173.4,14,53.2,73.1,20,54.2,77.5
M082,173.4,14,53.2,73.1,22,54.5,78.1
M082,173.4,14,53.2,73.1,24,55.5,79.0
M082,173.4,14,53.2,73.1,26,55.9,80.8
M082,173.4,14,53.2,73.1,28,56.3,82.0
M082,173.4,14,53.2,73.1,30,57.1,82.9
M082,173.4,14,53.2,73.1,32,57.5,84.1
M082,173.4,14,53.2,73.1,34,58.1,86.9
M082,173.4,14,53.2,73.1,36,58.7,87.5
M082,173.4,14,53.2,73.1,38,59.2,88.0
M082,173.4,14,53.2,73.1,40,60.0,89.1
M082,173.4,16,53.3,74.7,18,54.0,75.4
M082,173.4,16,53.3,74.7,20,54.2,77.5
M082,173.4,16,53.3,74.7,22,54.5,78.1
M082,173.4,16,53.3,74.7,24,55.5,79.0
M082,173.4,16,53.3,74.7,26,55.9,80.8
M082,173.4,16,53.3,74.7,28,56.3,82.0
M082,173.4,16,53.3,74.7,30,57.1,82.9
M082,173.4,16,53.3,74.7,32,57.5,84.1
M082,173.4,16,53.3,74.7,34,58.1,86.9
M082,173.4,16,53.3,74.7,36,58.7,87.5
M082,173.4,16,53.3,74.7,38,59.2,88.0
M082,173.4,16,53.3,74.7,40,60.0,89.1
M082,173.4,18,54.0,75.4,20,54.2,77.5
M082,173.4,18,54.0,75.4,22,54.5,78.1
M082,173.4,18,54.0,75.4,24,55.5,79.0
M082,173.4,18,54.0,75.4,26,55.9,80.8
M082,173.4,18,54.0,75.4,28,56.3,82.0
M082,173.4,18,54.0,75.4,30,57.1,82.9
M082,173.4,18,54.0,75.4,32,57.5,84.1
M082,173.4,18,54.0,75.4,34,58.1,86.9
M082,173.4,18,54.0,75.4,36,58.7,87.5
M082,173.4,18,54.0,75.4,38,59.2,88.0
M082,173.4,18,54.0,75.4,40,60.0,89.1
M082,173.4,20,54.2,77.5,22,54.5,78.1
M082,173.4,20,54.2,77.5,24,55.5,79.0
M082,173.4,20,54.2,77.5,26,55.9,80.8
M082,173.4,20,54.2,77.5,28,56.3,82.0
M082,173.4,20,54.2,77.5,30,57.1,82.9
M082,173.4,20,54.2,77.5,32,57.5,84.1
M082,173.4,20,54.2,77.5,34,58.1,86.9
M082,173.4,20,54.2,77.5,36,58.7,87.5
M082,173.4,20,54.2,77.5,38,59.2,88.0
M082,173.4,20,54.2,77.5,40,60.0,89.1
M082,173.4,22,54.5,78.1,24,55.5,79.0
M082,173.4,22,54.5,78.1,26,55.9,80.8
M082,173.4,22,54.5,78.1,28,56.3,82.0
M082,173.4,22,54.5,78.1,30,57.1,82.9
M082,173.4,22,54.5,78.1,32,57.5,84.1
M082,173.4,22,54.5,78.1,34,58.1,86.9
M082,173.4,22,54.5,78.1,36,58.7,87.5
M082,173.4,22,54.5,78.1,38,59.2,88.0
M082,173.4,22,54.5,78.1,40,60.0,89.1
M082,173.4,24,55.5,79.0,26,55.9,80.8
M082,173.4,24,55.5,79.0,28,56.3,82.0
M082,173.4,24,55.5,79.0,30,57.1,82.9
M082,173.4,24,55.5,79.0,32,57.5,84.1
M082,173.4,24,55.5,79.0,34,58.1,86.9
M082,173.4,24,55.5,79.0,36,58.7,87.5
M082,173.4,24,55.5,79.0,38,59.2,88.0
M082,173.4,24,55.5,79.0,40,60.0,89.1
M082,173.4,26,55.9,80.8,28,56.3,82.0
M082,173.4,26,55.9,80.8,30,57.1,82.9
M082,173.4,26,55.9,80.8,32,57.5,84.1
M082,173.4,26,55.9,80.8,34,58.1,86.9
M082,173.4,26,55.9,80.8,36,58.7,87.5
M082,173.4,26,55.9,80.8,38,59.2,88.0
M082,173.4,26,55.9,80.8,40,60.0,89.1
M082,173.4,28,56.3,82.0,30,57.1,82.9
M082,173.4,28,56.3,82.0,32,57.5,84.1
M082,173.4,28,56.3,82.0,34,58.1,86.9
M082,173.4,28,56.3,82.0,36,58.7,87.5
M082,173.4,28,56.3,82.0,38,59.2,88.0
M082,173.4,28,56.3,82.0,40,60.0,89.1
M082,173.4,30,57.1,82.9,32,57.5,84.1
M082,173.4,30,57.1,82.9,34,58.1,86.9
M082,173.4,30,57.1,82.9,36,58.7,87.5
M082,173.4,30,57.1,82.9,38,59.2,88.0
M082,173.4,30,57.1,82.9,40,60.0,89.1
M082,173.4,32,57.5,84.1,34,58.1,86.9
M082,173.4,32,57.5,84.1,36,58.7,87.5
M082,173.4,32,57.5,84.1,38,59.2,88.0
M082,173.4,32,57.5,84.1,40,60.0,89.1
M082,173.4,34,58.1,86.9,36,58.7,87.5
M082,173.4,34,58.1,86.9,38,59.2,88.0
M082,173.4,34,58.1,86.9,40,60.0,89.1
M082,173.4,36,58.7,87.5,38,59.2,88.0
M082,173.4,36,58.7,87.5,40,60.0,89.1
M082,173.4,38,59.2,88.0,40,60.0,89.1
M083,173.2,12,55.5,77.5,14,56.2,78.4
M083,173.2,12,55.5,77.5,16,56.9,80.6
M083,173.2,12,55.5,77.5,18,57.8,81.8
M083,173.2,12,55.5,77.5,20,58.6,82.8
M083,173.2,12,55.5,77.5,22,59.6,83.8
M083,173.2,12,55.5,77.5,24,60.3,85.7
M083,173.2,12,55.5,77.5,26,61.1,86.7
M083,173.2,12,55.5,77.5,28,62.5,88.2
M083,173.2,12,55.5,77.5,30,63.2,90.2
M083,173.2,12,55.5,77.5,32,64.6,91.3
M083,173.2,12,55.5,77.5,34,65.6,93.0
M083,173.2,12,55.5,77.5,36,65.9,94.8
M083,173.2,12,55.5,77.5,38,67.1,96.3
M083,173.2,12,55.5,77.5,40,68.4,96.5
M083,173.2,14,56.2,78.4,16,56.9,80.6
M083,173.2,14,56.2,78.4,18,57.8,81.8
M083,173.2,14,56.2,78.4,20,58.6,82.8
M083,173.2,14,56.2,78.4,22,59.6,83.8
M083,173.2,14,56.2,78.4,24,60.3,85.7
M083,173.2,14,56.2,78.4,26,61.1,86.7
M083,173.2,14,56.2,78.4,28,62.5,88.2
M083,173.2,14,56.2,78.4,30,63.2,90.2
M083,173.2,14,56.2,78.4,32,64.6,91.3
M083,173.2,14,56.2,78.4,34,65.6,93.0
M083,173.2,14,56.2,78.4,36,65.9,94.8
M083,173.2,14,56.2,78.4,38,67.1,96.3
M083,173.2,14,56.2,78.4,40,68.4,96.5
M083,173.2,16,56.9,80.6,18,57.8,81.8
M083,173.2,16,56.9,80.6,20,58.6,82.8
M083,173.2,16,56.9,80.6,22,59.6,83.8
M083,173.2,16,56.9,80.6,24,60.3,85.7
M083,173.2,16,56.9,80.6,26,61.1,86.7
M083,173.2,16,56.9,80.6,28,62.5,88.2
M083,173.2,16,56.9,80.6,30,63.2,90.2
M083,173.2,16,56.9,80.6,32,64.6,91.3
M083,173.2,16,56.9,80.6,34,65.6,93.0
M083,173.2,16,56.9,80.6,36,65.9,94.8
M083,173.2,16,56.9,80.6,38,67.1,96.3
M083,173.2,16,56.9,80.6,40,68.4,96.5
M083,173.2,18,57.8,81.8,20,58.6,82.8
M083,173.2,18,57.8,81.8,22,59.6,83.8
M083,173.2,18,57.8,81.8,24,60.3,85.7
M083,173.2,18,57.8,81.8,26,61.1,86.7
M083,173.2,18,57.8,81.8,28,62.5,88.2
M083,173.2,18,57.8,81.8,30,63.2,90.2
M083,173.2,18,57.8,81.8,32,64.6,91.3
M083,173.2,18,57.8,81.8,34,65.6,93.0
M083,173.2,18,57.8,81.8,36,65.9,94.8
M083,173.2,18,57.8,81.8,38,67.1,96.3
M083,173.2,18,57.8,81.8,40,68.4,96.5
M083,173.2,20,58.6,82.8,22,59.6,83.8
M083,173.2,20,58.6,82.8,24,60.3,85.7
M083,173.2,20,58.6,82.8,26,61.1,86.7
M083,173.2,20,58.6,82.8,28,62.5,88.2
M083,173.2,20,58.6,82.8,30,63.2,90.2
M083,173.2,20,58.6,82.8,32,64.6,91.3
M083,173.2,20,58.6,82.8,34,65.6,93.0
M083,173.2,20,58.6,82.8,36,65.9,94.8
M083,173.2,20,58.6,82.8,38,67.1,96.3
M083,173.2,20,58.6,82.8,40,68.4,96.5
M083,173.2,22,59.6,83.8,24,60.3,85.7
M083,173.2,22,59.6,83.8,26,61.1,86.7
M083,173.2,22,59.6,83.8,28,62.5,88.2
M083,173.2,22,59.6,83.8,30,63.2,90.2
M083,173.2,22,59.6,83.8,32,64.6,91.3
M083,173.2,22,59.6,83.8,34,65.6,93.0
M083,173.2,22,59.6,83.8,36,65.9,94.8
M083,173.2,22,59.6,83.8,38,67.1,96.3
M083,173.2,22,59.6,83.8,40,68.4,96.5
M083,173.2,24,60.3,85.7,26,61.1,86.7
M083,173.2,24,60.3,85.7,28,62.5,88.2
M083,173.2,24,60.3,85.7,30,63.2,90.2
M083,173.2,24,60.3,85.7,32,64.6,91.3
M083,173.2,24,60.3,85.7,34,65.6,93.0
M083,173.2,24,60.3,85.7,36,65.9,94.8
M083,173.2,24,60.3,85.7,38,67.1,96.3
M083,173.2,24,60.3,85.7,40,68.4,96.5
M083,173.2,26,61.1,86.7,28,62.5,88.2
M083,173.2,26,61.1,86.7,30,63.2,90.2
M083,173.2,26,61.1,86.7,32,64.6,91.3
M083,173.2,26,61.1,86.7,34,65.6,93.0
M083,173.2,26,61.1,86.7,36,65.9,94.8
M083,173.2,26,61.1,86.7,38,67.1,96.3
M083,173.2,26,61.1,86.7,40,68.4,96.5
M083,173.2,28,62.5,88.2,30,63.2,90.2
M083,173.2,28,62.5,88.2,32,64.6,91.3
M083,173.2,28,62.5,88.2,34,65.6,93.0
M083,173.2,28,62.5,88.2,36,65.9,94.8
M083,173.2,28,62.5,88.2,38,67.1,96.3
M083,173.2,28,62.5,88.2,40,68.4,96.5
M083,173.2,30,63.2,90.2,32,64.6,91.3
M083,173.2,30,63.2,90.2,34,65.6,93.0
M083,173.2,30,63.2,90.2,36,65.9,94.8
M083,173.2,30,63.2,90.2,38,67.1,96.3
M083,173.2,30,63.2,90.2,40,68.4,96.5
M083,173.2,32,64.6,91.3,34,65.6,93.0
M083,173.2,32,64.6,91.3,36,65.9,94.8
M083,173.2,32,64.6,91.3,38,67.1,96.3
M083,173.2,32,64.6,91.3,40,68.4,96.5
M083,173.2,34,65.6,93.0,36,65.9,94.8
M083,173.2,34,65.6,93.0,38,67.1,96.3
M083,173.2,34,65.6,93.0,40,68.4,96.5
M083,173.2,36,65.9,94.8,38,67.1,96.3
M083,173.2,36,65.9,94.8,40,68.4,96.5
M083,173.2,38,67.1,96.3,40,68.4,96.5
M084,164.8,12,56.6,75.2,14,57.3,76.7
M084,164.8,12,56.6,75.2,16,58.2,78.8
M084,164.8,12,56.6,75.2,18,59.0,80.4
M084,164.8,12,56.6,75.2,20,59.8,81.7
M084,164.8,12,56.6,75.2,22,60.0,83.2
M084,164.8,12,56.6,75.2,24,61.1,85.4
M084,164.8,12,56.6,75.2,26,61.6,87.6
M084,164.8,12,56.6,75.2,28,62.6,89.7
M084,164.8,12,56.6,75.2,30,63.3,90.9
M084,164.8,12,56.6,75.2,32,64.0,92.9
M084,164.8,12,56.6,75.2,34,65.0,94.7
M084,164.8,12,56.6,75.2,36,66.0,96.7
M084,164.8,12,56.6,75.2,38,66.6,98.7
M084,164.8,12,56.6,75.2,40,67.3,101.2
M084,164.8,14,57.3,76.7,16,58.2,78.8
M084,164.8,14,57.3,76.7,18,59.0,80.4
M084,164.8,14,57.3,76.7,20,59.8,81.7
M084,164.8,14,57.3,76.7,22,60.0,83.2
M084,164.8,14,57.3,76.7,24,61.1,85.4
M084,164.8,14,57.3,76.7,26,61.6,87.6
M084,164.8,14,57.3,76.7,28,62.6,89.7
M084,164.8,14,57.3,76.7,30,63.3,90.9
M084,164.8,14,57.3,76.7,32,64.0,92.9
M084,164.8,14,57.3,76.7,34,65.0,94.7
M084,164.8,14,57.3,76.7,36,66.0,96.7
M084,164.8,14,57.3,76.7,38,66.6,98.7
M084,164.8,14,57.3,76.7,40,67.3,101.2
M084,164.8,16,58.2,78.8,18,59.0,80.4
M084,164.8,16,58.2,78.8,20,59.8,81.7
M084,164.8,16,58.2,78.8,22,60.0,83.2
M084,164.8,16,58.2,78.8,24,61.1,85.4
M084,164.8,16,58.2,78.8,26,61.6,87.6
M084,164.8,16,58.2,78.8,28,62.6,89.7
M084,164.8,16,58.2,78.8,30,63.3,90.9
M084,164.8,16,58.2,78.8,32,64.0,92.9
M084,164.8,16,58.2,78.8,34,65.0,94.7
M084,164.8,16,58.2,78.8,36,66.0,96.7
M084,164.8,16,58.2,78.8,38,66.6,98.7
M084,164.8,16,58.2,78.8,40,67.3,101.2
M084,164.8,18,59.0,80.4,20,59.8,81.7
M084,164.8,18,59.0,80.4,22,60.0,83.2
M084,164.8,18,59.0,80.4,24,61.1,85.4
M084,164.8,18,59.0,80.4,26,61.6,87.6
M084,164.8,18,59.0,80.4,28,62.6,89.7
M084,164.8,18,59.0,80.4,30,63.3,90.9
M084,164.8,18,59.0,80.4,32,64.0,92.9
M084,164.8,18,59.0,80.4,34,65.0,94.7
M084,164.8,18,59.0,80.4,36,66.0,96.7
M084,164.8,18,59.0,80.4,38,66.6,98.7
M084,164.8,18,59.0,80.4,40,67.3,101.2
M084,164.8,20,59.8,81.7,22,60.0,83.2
M084,164.8,20,59.8,81.7,24,61.1,85.4
M084,164.8,20,59.8,81.7,26,61.6,87.6
M084,164.8,20,59.8,81.7,28,62.6,89.7
M084,164.8,20,59.8,81.7,30,63.3,90.9
M084,164.8,20,59.8,81.7,32,64.0,92.9
M084,164.8,20,59.8,81.7,34,65.0,94.7
M084,164.8,20,59.8,81.7,36,66.0,96.7
M084,164.8,20,59.8,81.7,38,66.6,98.7
M084,164.8,20,59.8,81.7,40,67.3,101.2
M084,164.8,22,60.0,83.2,24,61.1,85.4
M084,164.8,22,60.0,83.2,26,61.6,87.6
M084,164.8,22,60.0,83.2,28,62.6,89.7
M084,164.8,22,60.0,83.2,30,63.3,90.9
M084,164.8,22,60.0,83.2,32,64.0,92.9
M084,164.8,22,60.0,83.2,34,65.0,94.7
M084,164.8,22,60.0,83.2,36,66.0,96.7
M084,164.8,22,60.0,83.2,38,66.6,98.7
M084,164.8,22,60.0,83.2,40,67.3,101.2
M084,164.8,24,61.1,85.4,26,61.6,87.6
M084,164.8,24,61.1,85.4,28,62.6,89.7
M084,164.8,24,61.1,85.4,30,63.3,90.9
M084,164.8,24,61.1,85.4,32,64.0,92.9
M084,164.8,24,61.1,85.4,34,65.0,94.7
M084,164.8,24,61.1,85.4,36,66.0,96.7
M084,164.8,24,61.1,85.4,38,66.6,98.7
M084,164.8,24,61.1,85.4,40,67.3,101.2
M084,164.8,26,61.6,87.6,28,62.6,89.7
M084,164.8,26,61.6,87.6,30,63.3,90.9
M084,164.8,26,61.6,87.6,32,64.0,92.9
M084,164.8,26,61.6,87.6,34,65.0,94.7
M084,164.8,26,61.6,87.6,36,66.0,96.7
M084,164.8,26,61.6,87.6,38,66.6,98.7
M084,164.8,26,61.6,87.6,40,67.3,101.2
M084,164.8,28,62.6,89.7,30,63.3,90.9
M084,164.8,28,62.6,89.7,32,64.0,92.9
M084,164.8,28,62.6,89.7,34,65.0,94.7
M084,164.8,28,62.6,89.7,36,66.0,96.7
M084,164.8,28,62.6,89.7,38,66.6,98.7
M084,164.8,28,62.6,89.7,40,67.3,101.2
M084,164.8,30,63.3,90.9,32,64.0,92.9
M084,164.8,30,63.3,90.9,34,65.0,94.7
M084,164.8,30,63.3,90.9,36,66.0,96.7
M084,164.8,30,63.3,90.9,38,66.6,98.7
M084,164.8,30,63.3,90.9,40,67.3,101.2
M084,164.8,32,64.0,92.9,34,65.0,94.7
M084,164.8,32,64.0,92.9,36,66.0,96.7
M084,164.8,32,64.0,92.9,38,66.6,98.7
M084,164.8,32,64.0,92.9,40,67.3,101.2
M084,164.8,34,65.0,94.7,36,66.0,96.7
M084,164.8,34,65.0,94.7,38,66.6,98.7
M084,164.8,34,65.0,94.7,40,67.3,101.2
M084,164.8,36,66.0,96.7,38,66.6,98.7
M084,164.8,36,66.0,96.7,40,67.3,101.2
M084,164.8,38,66.6,98.7,40,67.3,101.2
M085,169.6,12,59.7,80.4,14,60.2,82.0
M085,169.6,12,59.7,80.4,16,60.9,82.9
M085,169.6,12,59.7,80.4,18,61.3,85.6
M085,169.6,12,59.7,80.4,20,62.4,86.4
M085,169.6,12,59.7,80.4,22,63.1,88.0
M085,169.6,12,59.7,80.4,24,63.9,89.5
M085,169.6,12,59.7,80.4,26,65.2,91.9
M085,169.6,12,59.7,80.4,28,65.7,93.2
M085,169.6,12,59.7,80.4,30,66.4,94.3
M085,169.6,12,59.7,80.4,32,67.5,96.5
M085,169.6,12,59.7,80.4,34,68.4,97.9
M085,169.6,12,59.7,80.4,36,69.0,99.1
M085,169.6,12,59.7,80.4,38,69.6,101.6
M085,169.6,12,59.7,80.4,40,70.8,103.7
M085,169.6,14,60.2,82.0,16,60.9,82.9
M085,169.6,14,60.2,82.0,18,61.3,85.6
M085,169.6,14,60.2,82.0,20,62.4,86.4
M085,169.6,14,60.2,82.0,22,63.1,88.0
M085,169.6,14,60.2,82.0,24,63.9,89.5
M085,169.6,14,60.2,82.0,26,65.2,91.9
M085,169.6,14,60.2,82.0,28,65.7,93.2
M085,169.6,14,60.2,82.0,30,66.4,94.3
M085,169.6,14,60.2,82.0,32,67.5,96.5
M085,169.6,14,60.2,82.0,34,68.4,97.9
M085,169.6,14,60.2,82.0,36,69.0,99.1
M085,169.6,14,60.2,82.0,38,69.6,101.6
M085,169.6,14,60.2,82.0,40,70.8,103.7
M085,169.6,16,60.9,82.9,18,61.3,85.6
M085,169.6,16,60.9,82.9,20,62.4,86.4
M085,169.6,16,60.9,82.9,22,63.1,88.0
M085,169.6,16,60.9,82.9,24,63.9,89.5
M085,169.6,16,60.9,82.9,26,65.2,91.9
M085,169.6,16,60.9,82.9,28,65.7,93.2
M085,169.6,16,60.9,82.9,30,66.4,94.3
M085,169.6,16,60.9,82.9,32,67.5,96.5
M085,169.6,16,60.9,82.9,34,68.4,97.9
M085,169.6,16,60.9,82.9,36,69.0,99.1
M085,169.6,16,60.9,82.9,38,69.6,101.6
M085,169.6,16,60.9,82.9,40,70.8,103.7
M085,169.6,18,61.3,85.6,20,62.4,86.4
M085,169.6,18,61.3,85.6,22,63.1,88.0
M085,169.6,18,61.3,85.6,24,63.9,89.5
M085,169.6,18,61.3,85.6,26,65.2,91.9
M085,169.6,18,61.3,85.6,28,65.7,93.2
M085,169.6,18,61.3,85.6,30,66.4,94.3
M085,169.6,18,61.3,85.6,32,67.5,96.5
M085,169.6,18,61.3,85.6,34,68.4,97.9
M085,169.6,18,61.3,85.6,36,69.0,99.1
M085,169.6,18,61.3,85.6,38,69.6,101.6
M085,169.6,18,61.3,85.6,40,70.8,103.7
M085,169.6,20,62.4,86.4,22,63.1,88.0
M085,169.6,20,62.4,86.4,24,63.9,89.5
M085,169.6,20,62.4,86.4,26,65.2,91.9
M085,169.6,20,62.4,86.4,28,65.7,93.2
M085,169.6,20,62.4,86.4,30,66.4,94.3
M085,169.6,20,62.4,86.4,32,67.5,96.5
M085,169.6,20,62.4,86.4,34,68.4,97.9
M085,169.6,20,62.4,86.4,36,69.0,99.1
M085,169.6,20,62.4,86.4,38,69.6,101.6
M085,169.6,20,62.4,86.4,40,70.8,103.7
M085,169.6,22,63.1,88.0,24,63.9,89.5
M085,169.6,22,63.1,88.0,26,65.2,91.9
M085,169.6,22,63.1,88.0,28,65.7,93.2
M085,169.6,22,63.1,88.0,30,66.4,94.3
M085,169.6,22,63.1,88.0,32,67.5,96.5
M085,169.6,22,63.1,88.0,34,68.4,97.9
M085,169.6,22,63.1,88.0,36,69.0,99.1
M085,169.6,22,63.1,88.0,38,69.6,101.6
M085,169.6,22,63.1,88.0,40,70.8,103.7
M085,169.6,24,63.9,89.5,26,65.2,91.9
M085,169.6,24,63.9,89.5,28,65.7,93.2
M085,169.6,24,63.9,89.5,30,66.4,94.3
M085,169.6,24,63.9,89.5,32,67.5,96.5
M085,169.6,24,63.9,89.5,34,68.4,97.9
M085,169.6,24,63.9,89.5,36,69.0,99.1
M085,169.6,24,63.9,89.5,38,69.6,101.6
M085,169.6,24,63.9,89.5,40,70.8,103.7
M085,169.6,26,65.2,91.9,28,65.7,93.2
M085,169.6,26,65.2,91.9,30,66.4,94.3
M085,169.6,26,65.2,91.9,32,67.5,96.5
M085,169.6,26,65.2,91.9,34,68.4,97.9
M085,169.6,26,65.2,91.9,36,69.0,99.1
M085,169.6,26,65.2,91.9,38,69.6,101.6
M085,169.6,26,65.2,91.9,40,70.8,103.7
M085,169.6,28,65.7,93.2,30,66.4,94.3
M085,169.6,28,65.7,93.2,32,67.5,96.5
M085,169.6,28,65.7,93.2,34,68.4,97.9
M085,169.6,28,65.7,93.2,36,69.0,99.1
M085,169.6,28,65.7,93.2,38,69.6,101.6
M085,169.6,28,65.7,93.2,40,70.8,103.7
M085,169.6,30,66.4,94.3,32,67.5,96.5
M085,169.6,30,66.4,94.3,34,68.4,97.9
M085,169.6,30,66.4,94.3,36,69.0,99.1
M085,169.6,30,66.4,94.3,38,69.6,101.6
M085,169.6,30,66.4,94.3,40,70.8,103.7
M085,169.6,32,67.5,96.5,34,68.4,97.9
M085,169.6,32,67.5,96.5,36,69.0,99.1
M085,169.6,32,67.5,96.5,38,69.6,101.6
M085,169.6,32,67.5,96.5,40,70.8,103.7
M085,169.6,34,68.4,97.9,36,69.0,99.1
M085,169.6,34,68.4,97.9,38,69.6,101.6
M085,169.6,34,68.4,97.9,40,70.8,103.7
M085,169.6,36,69.0,99.1,38,69.6,101.6
M085,169.6,36,69.0,99.1,40,70.8,103.7
M085,169.6,38,69.6,101.6,40,70.8,103.7
M086,165.3,12,60.2,81.2,14,61.0,82.8
M086,165.3,12,60.2,81.2,16,62.0,83.7
M086,165.3,12,60.2,81.2,18,63.0,86.0
M086,165.3,12,60.2,81.2,20,63.2,87.7
M086,165.3,12,60.2,81.2,22,64.0,89.6
M086,165.3,12,60.2,81.2,24,64.9,91.2
M086,165.3,12,60.2,81.2,26,66.1,92.6
M086,165.3,12,60.2,81.2,28,66.8,94.3
M086,165.3,12,60.2,81.2,30,67.7,95.8
M086,165.3,12,60.2,81.2,32,68.5,97.5
M086,165.3,12,60.2,81.2,34,69.3,98.8
M086,165.3,12,60.2,81.2,36,70.2,101.2
M086,165.3,12,60.2,81.2,38,71.5,102.7
M086,165.3,12,60.2,81.2,40,72.5,104.2
M086,165.3,14,61.0,82.8,16,62.0,83.7
M086,165.3,14,61.0,82.8,18,63.0,86.0
M086,165.3,14,61.0,82.8,20,63.2,87.7
M086,165.3,14,61.0,82.8,22,64.0,89.6
M086,165.3,14,61.0,82.8,24,64.9,91.2
M086,165.3,14,61.0,82.8,26,66.1,92.6
M086,165.3,14,61.0,82.8,28,66.8,94.3
M086,165.3,14,61.0,82.8,30,67.7,95.8
M086,165.3,14,61.0,82.8,32,68.5,97.5
M086,165.3,14,61.0,82.8,34,69.3,98.8
M086,165.3,14,61.0,82.8,36,70.2,101.2
M086,165.3,14,61.0,82.8,38,71.5,102.7
M086,165.3,14,61.0,82.8,40,72.5,104.2
M086,165.3,16,62.0,83.7,18,63.0,86.0
M086,165.3,16,62.0,83.7,20,63.2,87.7
M086,165.3,16,62.0,83.7,22,64.0,89.6
M086,165.3,16,62.0,83.7,24,64.9,91.2
M086,165.3,16,62.0,83.7,26,66.1,92.6
M086,165.3,16,62.0,83.7,28,66.8,94.3
M086,165.3,16,62.0,83.7,30,67.7,95.8
M086,165.3,16,62.0,83.7,32,68.5,97.5
M086,165.3,16,62.0,83.7,34,69.3,98.8
M086,165.3,16,62.0,83.7,36,70.2,101.2
M086,165.3,16,62.0,83.7,38,71.5,102.7
M086,165.3,16,62.0,83.7,40,72.5,104.2
M086,165.3,18,63.0,86.0,20,63.2,87.7
M086,165.3,18,63.0,86.0,22,64.0,89.6
M086,165.3,18,63.0,86.0,24,64.9,91.2
M086,165.3,18,63.0,86.0,26,66.1,92.6
M086,165.3,18,63.0,86.0,28,66.8,94.3
M086,165.3,18,63.0,86.0,30,67.7,95.8
M086,165.3,18,63.0,86.0,32,68.5,97.5
M086,165.3,18,63.0,86.0,34,69.3,98.8
M086,165.3,18,63.0,86.0,36,70.2,101.2
M086,165.3,18,63.0,86.0,38,71.5,102.7
M086,165.3,18,63.0,86.0,40,72.5,104.2
M086,165.3,20,63.2,87.7,22,64.0,89.6
M086,165.3,20,63.2,87.7,24,64.9,91.2
M086,165.3,20,63.2,87.7,26,66.1,92.6
M086,165.3,20,63.2,87.7,28,66.8,94.3
M086,165.3,20,63.2,87.7,30,67.7,95.8
M086,165.3,20,63.2,87.7,32,68.5,97.5
M086,165.3,20,63.2,87.7,34,69.3,98.8
M086,165.3,20,63.2,87.7,36,70.2,101.2
M086,165.3,20,63.2,87.7,38,71.5,102.7
M086,165.3,20,63.2,87.7,40,72.5,104.2
M086,165.3,22,64.0,89.6,24,64.9,91.2
M086,165.3,22,64.0,89.6,26,66.1,92.6
M086,165.3,22,64.0,89.6,28,66.8,94.3
M086,165.3,22,64.0,89.6,30,67.7,95.8
M086,165.3,22,64.0,89.6,32,68.5,97.5
M086,165.3,22,64.0,89.6,34,69.3,98.8
M086,165.3,22,64.0,89.6,36,70.2,101.2
M086,165.3,22,64.0,89.6,38,71.5,102.7
M086,165.3,22,64.0,89.6,40,72.5,104.2
M086,165.3,24,64.9,91.2,26,66.1,92.6
M086,165.3,24,64.9,91.2,28,66.8,94.3
M086,165.3,24,64.9,91.2,30,67.7,95.8
M086,165.3,24,64.9,91.2,32,68.5,97.5
M086,165.3,24,64.9,91.2,34,69.3,98.8
M086,165.3,24,64.9,91.2,36,70.2,101.2
M086,165.3,24,64.9,91.2,38,71.5,102.7
M086,165.3,24,64.9,91.2,40,72.5,104.2
M086,165.3,26,66.1,92.6,28,66.8,94.3
M086,165.3,26,66.1,92.6,30,67.7,95.8
M086,165.3,26,66.1,92.6,32,68.5,97.5
M086,165.3,26,66.1,92.6,34,69.3,98.8
M086,165.3,26,66.1,92.6,36,70.2,101.2
M086,165.3,26,66.1,92.6,38,71.5,102.7
M086,165.3,26,66.1,92.6,40,72.5,104.2
M086,165.3,28,66.8,94.3,30,67.7,95.8
M086,165.3,28,66.8,94.3,32,68.5,97.5
M086,165.3,28,66.8,94.3,34,69.3,98.8
M086,165.3,28,66.8,94.3,36,70.2,101.2
M086,165.3,28,66.8,94.3,38,71.5,102.7
M086,165.3,28,66.8,94.3,40,72.5,104.2
M086,165.3,30,67.7,95.8,32,68.5,97.5
M086,165.3,30,67.7,95.8,34,69.3,98.8
M086,165.3,30,67.7,95.8,36,70.2,101.2
M086,165.3,30,67.7,95.8,38,71.5,102.7
M086,165.3,30,67.7,95.8,40,72.5,104.2
M086,165.3,32,68.5,97.5,34,69.3,98.8
M086,165.3,32,68.5,97.5,36,70.2,101.2
M086,165.3,32,68.5,97.5,38,71.5,102.7
M086,165.3,32,68.5,97.5,40,72.5,104.2
M086,165.3,34,69.3,98.8,36,70.2,101.2
M086,165.3,34,69.3,98.8,38,71.5,102.7
M086,165.3,34,69.3,98.8,40,72.5,104.2
M086,165.3,36,70.2,101.2,38,71.5,102.7
M086,165.3,36,70.2,101.2,40,72.5,104.2
M086,165.3,38,71.5,102.7,40,72.5,104.2
M087,173.8,12,70.2,82.8,14,70.9,84.7
M087,173.8,12,70.2,82.8,16,71.6,85.4
M087,173.8,12,70.2,82.8,18,72.3,86.4
M087,173.8,12,70.2,82.8,20,72.5,87.9
M087,173.8,12,70.2,82.8,22,73.5,89.5
M087,173.8,12,70.2,82.8,24,74.6,90.7
M087,173.8,12,70.2,82.8,26,75.4,91.9
M087,173.8,12,70.2,82.8,28,76.5,93.2
M087,173.8,12,70.2,82.8,30,77.1,95.3
M087,173.8,12,70.2,82.8,32,78.3,96.6
M087,173.8,12,70.2,82.8,34,78.8,98.1
M087,173.8,12,70.2,82.8,36,80.1,99.6
M087,173.8,12,70.2,82.8,38,81.0,101.5
M087,173.8,12,70.2,82.8,40,81.8,102.5
M087,173.8,14,70.9,84.7,16,71.6,85.4
M087,173.8,14,70.9,84.7,18,72.3,86.4
M087,173.8,14,70.9,84.7,20,72.5,87.9
M087,173.8,14,70.9,84.7,22,73.5,89.5
M087,173.8,14,70.9,84.7,24,74.6,90.7
M087,173.8,14,70.9,84.7,26,75.4,91.9
M087,173.8,14,70.9,84.7,28,76.5,93.2
M087,173.8,14,70.9,84.7,30,77.1,95.3
M087,173.8,14,70.9,84.7,32,78.3,96.6
M087,173.8,14,70.9,84.7,34,78.8,98.1
M087,173.8,14,70.9,84.7,36,80.1,99.6
M087,173.8,14,70.9,84.7,38,81.0,101.5
M087,173.8,14,70.9,84.7,40,81.8,102.5
M087,173.8,16,71.6,85.4,18,72.3,86.4
M087,173.8,16,71.6,85.4,20,72.5,87.9
M087,173.8,16,71.6,85.4,22,73.5,89.5
M087,173.8,16,71.6,85.4,24,74.6,90.7
M087,173.8,16,71.6,85.4,26,75.4,91.9
M087,173.8,16,71.6,85.4,28,76.5,93.2
M087,173.8,16,71.6,85.4,30,77.1,95.3
M087,173.8,16,71.6,85.4,32,78.3,96.6
M087,173.8,16,71.6,85.4,34,78.8,98.1
M087,173.8,16,71.6,85.4,36,80.1,99.6
M087,173.8,16,71.6,85.4,38,81.0,101.5
M087,173.8,16,71.6,85.4,40,81.8,102.5
M087,173.8,18,72.3,86.4,20,72.5,87.9
M087,173.8,18,72.3,86.4,22,73.5,89.5
M087,173.8,18,72.3,86.4,24,74.6,90.7
M087,173.8,18,72.3,86.4,26,75.4,91.9
M087,173.8,18,72.3,86.4,28,76.5,93.2
M087,173.8,18,72.3,86.4,30,77.1,95.3
M087,173.8,18,72.3,86.4,32,78.3,96.6
M087,173.8,18,72.3,86.4,34,78.8,98.1
M087,173.8,18,72.3,86.4,36,80.1,99.6
M087,173.8,18,72.3,86.4,38,81.0,101.5
M087,173.8,18,72.3,86.4,40,81.8,102.5
M087,173.8,20,72.5,87.9,22,73.5,89.5
M087,173.8,20,72.5,87.9,24,74.6,90.7
M087,173.8,20,72.5,87.9,26,75.4,91.9
M087,173.8,20,72.5,87.9,28,76.5,93.2
M087,173.8,20,72.5,87.9,30,77.1,95.3
M087,173.8,20,72.5,87.9,32,78.3,96.6
M087,173.8,20,72.5,87.9,34,78.8,98.1
M087,173.8,20,72.5,87.9,36,80.1,99.6
M087,173.8,20,72.5,87.9,38,81.0,101.5
M087,173.8,20,72.5,87.9,40,81.8,102.5
M087,173.8,22,73.5,89.5,24,74.6,90.7
M087,173.8,22,73.5,89.5,26,75.4,91.9
M087,173.8,22,73.5,89.5,28,76.5,93.2
M087,173.8,22,73.5,89.5,30,77.1,95.3
M087,173.8,22,73.5,89.5,32,78.3,96.6
M087,173.8,22,73.5,89.5,34,78.8,98.1
M087,173.8,22,73.5,89.5,36,80.1,99.6
M087,173.8,22,73.5,89.5,38,81.0,101.5
M087,173.8,22,73.5,89.5,40,81.8,102.5
M087,173.8,24,74.6,90.7,26,75.4,91.9
M087,173.8,24,74.6,90.7,28,76.5,93.2
M087,173.8,24,74.6,90.7,30,77.1,95.3
M087,173.8,24,74.6,90.7,32,78.3,96.6
M087,173.8,24,74.6,90.7,34,78.8,98.1
M087,173.8,24,74.6,90.7,36,80.1,99.6
M087,173.8,24,74.6,90.7,38,81.0,101.5
M087,173.8,24,74.6,90.7,40,81.8,102.5
M087,173.8,26,75.4,91.9,28,76.5,93.2
M087,173.8,26,75.4,91.9,30,77.1,95.3
M087,173.8,26,75.4,91.9,32,78.3,96.6
M087,173.8,26,75.4,91.9,34,78.8,98.1
M087,173.8,26,75.4,91.9,36,80.1,99.6
M087,173.8,26,75.4,91.9,38,81.0,101.5
M087,173.8,26,75.4,91.9,40,81.8,102.5
M087,173.8,28,76.5,93.2,30,77.1,95.3
M087,173.8,28,76.5,93.2,32,78.3,96.6
M087,173.8,28,76.5,93.2,34,78.8,98.1
M087,173.8,28,76.5,93.2,36,80.1,99.6
M087,173.8,28,76.5,93.2,38,81.0,101.5
M087,173.8,28,76.5,93.2,40,81.8,102.5
M087,173.8,30,77.1,95.3,32,78.3,96.6
M087,173.8,30,77.1,95.3,34,78.8,98.1
M087,173.8,30,77.1,95.3,36,80.1,99.6
M087,173.8,30,77.1,95.3,38,81.0,101.5
M087,173.8,30,77.1,95.3,40,81.8,102.5
M087,173.8,32,78.3,96.6,34,78.8,98.1
M087,173.8,32,78.3,96.6,36,80.1,99.6
M087,173.8,32,78.3,96.6,38,81.0,101.5
M087,173.8,32,78.3,96.6,40,81.8,102.5
M087,173.8,34,78.8,98.1,36,80.1,99.6
M087,173.8,34,78.8,98.1,38,81.0,101.5
M087,173.8,34,78.8,98.1,40,81.8,102.5
M087,173.8,36,80.1,99.6,38,81.0,101.5
M087,173.8,36,80.1,99.6,40,81.8,102.5
M087,173.8,38,81.0,101.5,40,81.8,102.5
M088,163.6,12,59.0,73.0,14,60.2,74.2
M088,163.6,12,59.0,73.0,16,60.7,75.2
M088,163.6,12,59.0,73.0,18,61.0,76.3
M088,163.6,12,59.0,73.0,20,62.3,77.3
M088,163.6,12,59.0,73.0,22,63.3,78.5
M088,163.6,12,59.0,73.0,24,64.5,79.7
M088,163.6,12,59.0,73.0,26,65.4,80.8
M088,163.6,12,59.0,73.0,28,66.2,81.7
M088,163.6,12,59.0,73.0,30,67.2,83.6
M088,163.6,12,59.0,73.0,32,68.0,84.6
M088,163.6,12,59.0,73.0,34,69.3,85.4
M088,163.6,12,59.0,73.0,36,70.8,87.3
M088,163.6,12,59.0,73.0,38,71.7,88.2
M088,163.6,12,59.0,73.0,40,73.0,90.1
M088,163.6,14,60.2,74.2,16,60.7,75.2
M088,163.6,14,60.2,74.2,18,61.0,76.3
M088,163.6,14,60.2,74.2,20,62.3,77.3
M088,163.6,14,60.2,74.2,22,63.3,78.5
M088,163.6,14,60.2,74.2,24,64.5,79.7
M088,163.6,14,60.2,74.2,26,65.4,80.8
M088,163.6,14,60.2,74.2,28,66.2,81.7
M088,163.6,14,60.2,74.2,30,67.2,83.6
M088,163.6,14,60.2,74.2,32,68.0,84.6
M088,163.6,14,60.2,74.2,34,69.3,85.4
M088,163.6,14,60.2,74.2,36,70.8,87.3
M088,163.6,14,60.2,74.2,38,71.7,88.2
M088,163.6,14,60.2,74.2,40,73.0,90.1
M088,163.6,16,60.7,75.2,18,61.0,76.3
M088,163.6,16,60.7,75.2,20,62.3,77.3
M088,163.6,16,60.7,75.2,22,63.3,78.5
M088,163.6,16,60.7,75.2,24,64.5,79.7
M088,163.6,16,60.7,75.2,26,65.4,80.8
M088,163.6,16,60.7,75.2,28,66.2,81.7
M088,163.6,16,60.7,75.2,30,67.2,83.6
M088,163.6,16,60.7,75.2,32,68.0,84.6
M088,163.6,16,60.7,75.2,34,69.3,85.4
M088,163.6,16,60.7,75.2,36,70.8,87.3
M088,163.6,16,60.7,75.2,38,71.7,88.2
M088,163.6,16,60.7,75.2,40,73.0,90.1
M088,163.6,18,61.0,76.3,20,62.3,77.3
M088,163.6,18,61.0,76.3,22,63.3,78.5
M088,163.6,18,61.0,76.3,24,64.5,79.7
M088,163.6,18,61.0,76.3,26,65.4,80.8
M088,163.6,18,61.0,76.3,28,66.2,81.7
M088,163.6,18,61.0,76.3,30,67.2,83.6
M088,163.6,18,61.0,76.3,32,68.0,84.6
M088,163.6,18,61.0,76.3,34,69.3,85.4
M088,163.6,18,61.0,76.3,36,70.8,87.3
M088,163.6,18,61.0,76.3,38,71.7,88.2
M088,163.6,18,61.0,76.3,40,73.0,90.1
M088,163.6,20,62.3,77.3,22,63.3,78.5
M088,163.6,20,62.3,77.3,24,64.5,79.7
M088,163.6,20,62.3,77.3,26,65.4,80.8
M088,163.6,20,62.3,77.3,28,66.2,81.7
M088,163.6,20,62.3,77.3,30,67.2,83.6
M088,163.6,20,62.3,77.3,32,68.0,84.6
M088,163.6,20,62.3,77.3,34,69.3,85.4
M088,163.6,20,62.3,77.3,36,70.8,87.3
M088,163.6,20,62.3,77.3,38,71.7,88.2
M088,163.6,20,62.3,77.3,40,73.0,90.1
M088,163.6,22,63.3,78.5,24,64.5,79.7
M088,163.6,22,63.3,78.5,26,65.4,80.8
M088,163.6,22,63.3,78.5,28,66.2,81.7
M088,163.6,22,63.3,78.5,30,67.2,83.6
M088,163.6,22,63.3,78.5,32,68.0,84.6
M088,163.6,22,63.3,78.5,34,69.3,85.4
M088,163.6,22,63.3,78.5,36,70.8,87.3
M088,163.6,22,63.3,78.5,38,71.7,88.2
M088,163.6,22,63.3,78.5,40,73.0,90.1
M088,163.6,24,64.5,79.7,26,65.4,80.8
M088,163.6,24,64.5,79.7,28,66.2,81.7
M088,163.6,24,64.5,79.7,30,67.2,83.6
M088,163.6,24,64.5,79.7,32,68.0,84.6
M088,163.6,24,64.5,79.7,34,69.3,85.4
M088,163.6,24,64.5,79.7,36,70.8,87.3
M088,163.6,24,64.5,79.7,38,71.7,88.2
M088,163.6,24,64.5,79.7,40,73.0,90.1
M088,163.6,26,65.4,80.8,28,66.2,81.7
M088,163.6,26,65.4,80.8,30,67.2,83.6
M088,163.6,26,65.4,80.8,32,68.0,84.6
M088,163.6,26,65.4,80.8,34,69.3,85.4
M088,163.6,26,65.4,80.8,36,70.8,87.3
M088,163.6,26,65.4,80.8,38,71.7,88.2
M088,163.6,26,65.4,80.8,40,73.0,90.1
M088,163.6,28,66.2,81.7,30,67.2,83.6
M088,163.6,28,66.2,81.7,32,68.0,84.6
M088,163.6,28,66.2,81.7,34,69.3,85.4
M088,163.6,28,66.2,81.7,36,70.8,87.3
M088,163.6,28,66.2,81.7,38,71.7,88.2
M088,163.6,28,66.2,81.7,40,73.0,90.1
M088,163.6,30,67.2,83.6,32,68.0,84.6
M088,163.6,30,67.2,83.6,34,69.3,85.4
M088,163.6,30,67.2,83.6,36,70.8,87.3
M088,163.6,30,67.2,83.6,38,71.7,88.2
M088,163.6,30,67.2,83.6,40,73.0,90.1
M088,163.6,32,68.0,84.6,34,69.3,85.4
M088,163.6,32,68.0,84.6,36,70.8,87.3
M088,163.6,32,68.0,84.6,38,71.7,88.2
M088,163.6,32,68.0,84.6,40,73.0,90.1
M088,163.6,34,69.3,85.4,36,70.8,87.3
M088,163.6,34,69.3,85.4,38,71.7,88.2
M088,163.6,34,69.3,85.4,40,73.0,90.1
M088,163.6,36,70.8,87.3,38,71.7,88.2
M088,163.6,36,70.8,87.3,40,73.0,90.1
M088,163.6,38,71.7,88.2,40,73.0,90.1
M089,170.1,12,72.4,75.3,14,72.8,76.7
M089,170.1,12,72.4,75.3,16,73.7,78.2
M089,170.1,12,72.4,75.3,18,74.1,79.3
M089,170.1,12,72.4,75.3,20,74.8,80.7
M089,170.1,12,72.4,75.3,22,75.6,82.0
M089,170.1,12,72.4,75.3,24,76.8,84.7
M089,170.1,12,72.4,75.3,26,77.6,86.0
M089,170.1,12,72.4,75.3,28,78.5,87.7
M089,170.1,12,72.4,75.3,30,78.9,89.6
M089,170.1,12,72.4,75.3,32,80.0,91.7
M089,170.1,12,72.4,75.3,34,80.9,93.0
M089,170.1,12,72.4,75.3,36,82.0,94.4
M089,170.1,12,72.4,75.3,38,83.1,96.4
M089,170.1,12,72.4,75.3,40,83.8,97.7
M089,170.1,14,72.8,76.7,16,73.7,78.2
M089,170.1,14,72.8,76.7,18,74.1,79.3
M089,170.1,14,72.8,76.7,20,74.8,80.7
M089,170.1,14,72.8,76.7,22,75.6,82.0
M089,170.1,14,72.8,76.7,24,76.8,84.7
M089,170.1,14,72.8,76.7,26,77.6,86.0
M089,170.1,14,72.8,76.7,28,78.5,87.7
M089,170.1,14,72.8,76.7,30,78.9,89.6
M089,170.1,14,72.8,76.7,32,80.0,91.7
M089,170.1,14,72.8,76.7,34,80.9,93.0
M089,170.1,14,72.8,76.7,36,82.0,94.4
M089,170.1,14,72.8,76.7,38,83.1,96.4
M089,170.1,14,72.8,76.7,40,83.8,97.7
M089,170.1,16,73.7,78.2,18,74.1,79.3
M089,170.1,16,73.7,78.2,20,74.8,80.7
M089,170.1,16,73.7,78.2,22,75.6,82.0
M089,170.1,16,73.7,78.2,24,76.8,84.7
M089,170.1,16,73.7,78.2,26,77.6,86.0
M089,170.1,16,73.7,78.2,28,78.5,87.7
M089,170.1,16,73.7,78.2,30,78.9,89.6
M089,170.1,16,73.7,78.2,32,80.0,91.7
M089,170.1,16,73.7,78.2,34,80.9,93.0
M089,170.1,16,73.7,78.2,36,82.0,94.4
M089,170.1,16,73.7,78.2,38,83.1,96.4
M089,170.1,16,73.7,78.2,40,83.8,97.7
M089,170.1,18,74.1,79.3,20,74.8,80.7
M089,170.1,18,74.1,79.3,22,75.6,82.0
M089,170.1,18,74.1,79.3,24,76.8,84.7
M089,170.1,18,74.1,79.3,26,77.6,86.0
M089,170.1,18,74.1,79.3,28,78.5,87.7
M089,170.1,18,74.1,79.3,30,78.9,89.6
M089,170.1,18,74.1,79.3,32,80.0,91.7
M089,170.1,18,74.1,79.3,34,80.9,93.0
M089,170.1,18,74.1,79.3,36,82.0,94.4
M089,170.1,18,74.1,79.3,38,83.1,96.4
M089,170.1,18,74.1,79.3,40,83.8,97.7
M089,170.1,20,74.8,80.7,22,75.6,82.0
M089,170.1,20,74.8,80.7,24,76.8,84.7
M089,170.1,20,74.8,80.7,26,77.6,86.0
M089,170.1,20,74.8,80.7,28,78.5,87.7
M089,170.1,20,74.8,80.7,30,78.9,89.6
M089,170.1,20,74.8,80.7,32,80.0,91.7
M089,170.1,20,74.8,80.7,34,80.9,93.0
M089,170.1,20,74.8,80.7,36,82.0,94.4
M089,170.1,20,74.8,80.7,38,83.1,96.4
M089,170.1,20,74.8,80.7,40,83.8,97.7
M089,170.1,22,75.6,82.0,24,76.8,84.7
M089,170.1,22,75.6,82.0,26,77.6,86.0
M089,170.1,22,75.6,82.0,28,78.5,87.7
M089,170.1,22,75.6,82.0,30,78.9,89.6
M089,170.1,22,75.6,82.0,32,80.0,91.7
M089,170.1,22,75.6,82.0,34,80.9,93.0
M089,170.1,22,75.6,82.0,36,82.0,94.4
M089,170.1,22,75.6,82.0,38,83.1,96.4
M089,170.1,22,75.6,82.0,40,83.8,97.7
M089,170.1,24,76.8,84.7,26,77.6,86.0
M089,170.1,24,76.8,84.7,28,78.5,87.7
M089,170.1,24,76.8,84.7,30,78.9,89.6
M089,170.1,24,76.8,84.7,32,80.0,91.7
M089,170.1,24,76.8,84.7,34,80.9,93.0
M089,170.1,24,76.8,84.7,36,82.0,94.4
M089,170.1,24,76.8,84.7,38,83.1,96.4
M089,170.1,24,76.8,84.7,40,83.8,97.7
M089,170.1,26,77.6,86.0,28,78.5,87.7
M089,170.1,26,77.6,86.0,30,78.9,89.6
M089,170.1,26,77.6,86.0,32,80.0,91.7
M089,170.1,26,77.6,86.0,34,80.9,93.0
M089,170.1,26,77.6,86.0,36,82.0,94.4
M089,170.1,26,77.6,86.0,38,83.1,96.4
M089,170.1,26,77.6,86.0,40,83.8,97.7
M089,170.1,28,78.5,87.7,30,78.9,89.6
M089,170.1,28,78.5,87.7,32,80.0,91.7
M089,170.1,28,78.5,87.7,34,80.9,93.0
M089,170.1,28,78.5,87.7,36,82.0,94.4
M089,170.1,28,78.5,87.7,38,83.1,96.4
M089,170.1,28,78.5,87.7,40,83.8,97.7
M089,170.1,30,78.9,89.6,32,80.0,91.7
M089,170.1,30,78.9,89.6,34,80.9,93.0
M089,170.1,30,78.9,89.6,36,82.0,94.4
M089,170.1,30,78.9,89.6,38,83.1,96.4
M089,170.1,30,78.9,89.6,40,83.8,97.7
M089,170.1,32,80.0,91.7,34,80.9,93.0
M089,170.1,32,80.0,91.7,36,82.0,94.4
M089,170.1,32,80.0,91.7,38,83.1,96.4
M089,170.1,32,80.0,91.7,40,83.8,97.7
M089,170.1,34,80.9,93.0,36,82.0,94.4
M089,170.1,34,80.9,93.0,38,83.1,96.4
M089,170.1,34,80.9,93.0,40,83.8,97.7
M089,170.1,36,82.0,94.4,38,83.1,96.4
M089,170.1,36,82.0,94.4,40,83.8,97.7
M089,170.1,38,83.1,96.4,40,83.8,97.7
M090,157.1,12,55.4,81.8,14,56.1,82.5
M090,157.1,12,55.4,81.8,16,56.6,83.6
M090,157.1,12,55.4,81.8,18,57.8,84.3
M090,157.1,12,55.4,81.8,20,58.2,85.8
M090,157.1,12,55.4,81.8,22,58.9,86.8
M090,157.1,12,55.4,81.8,24,60.3,87.9
M090,157.1,12,55.4,81.8,26,60.8,87.7
M090,157.1,12,55.4,81.8,28,62.1,89.7
M090,157.1,12,55.4,81.8,30,63.0,90.4
M090,157.1,12,55.4,81.8,32,64.3,91.3
M090,157.1,12,55.4,81.8,34,65.3,92.6
M090,157.1,12,55.4,81.8,36,66.1,94.3
M090,157.1,12,55.4,81.8,38,67.4,94.7
M090,157.1,12,55.4,81.8,40,68.6,95.4
M090,157.1,14,56.1,82.5,16,56.6,83.6
M090,157.1,14,56.1,82.5,18,57.8,84.3
M090,157.1,14,56.1,82.5,20,58.2,85.8
M090,157.1,14,56.1,82.5,22,58.9,86.8
M090,157.1,14,56.1,82.5,24,60.3,87.9
M090,157.1,14,56.1,82.5,26,60.8,87.7
M090,157.1,14,56.1,82.5,28,62.1,89.7
M090,157.1,14,56.1,82.5,30,63.0,90.4
M090,157.1,14,56.1,82.5,32,64.3,91.3
M090,157.1,14,56.1,82.5,34,65.3,92.6
M090,157.1,14,56.1,82.5,36,66.1,94.3
M090,157.1,14,56.1,82.5,38,67.4,94.7
M090,157.1,14,56.1,82.5,40,68.6,95.4
M090,157.1,16,56.6,83.6,18,57.8,84.3
M090,157.1,16,56.6,83.6,20,58.2,85.8
M090,157.1,16,56.6,83.6,22,58.9,86.8
M090,157.1,16,56.6,83.6,24,60.3,87.9
M090,157.1,16,56.6,83.6,26,60.8,87.7
M090,157.1,16,56.6,83.6,28,62.1,89.7
M090,157.1,16,56.6,83.6,30,63.0,90.4
M090,157.1,16,56.6,83.6,32,64.3,91.3
M090,157.1,16,56.6,83.6,34,65.3,92.6
M090,157.1,16,56.6,83.6,36,66.1,94.3
M090,157.1,16,56.6,83.6,38,67.4,94.7
M090,157.1,16,56.6,83.6,40,68.6,95.4
M090,157.1,18,57.8,84.3,20,58.2,85.8
M090,157.1,18,57.8,84.3,22,58.9,86.8
M090,157.1,18,57.8,84.3,24,60.3,87.9
M090,157.1,18,57.8,84.3,26,60.8,87.7
M090,157.1,18,57.8,84.3,28,62.1,89.7
M090,157.1,18,57.8,84.3,30,63.0,90.4
M090,157.1,18,57.8,84.3,32,64.3,91.3
M090,157.1,18,57.8,84.3,34,65.3,92.6
M090,157.1,18,57.8,84.3,36,66.1,94.3
M090,157.1,18,57.8,84.3,38,67.4,94.7
M090,157.1,18,57.8,84.3,40,68.6,95.4
M090,157.1,20,58.2,85.8,22,58.9,86.8
M090,157.1,20,58.2,85.8,24,60.3,87.9
M090,157.1,20,58.2,85.8,26,60.8,87.7
M090,157.1,20,58.2,85.8,28,62.1,89.7
M090,157.1,20,58.2,85.8,30,63.0,90.4
M090,157.1,20,58.2,85.8,32,64.3,91.3
M090,157.1,20,58.2,85.8,34,65.3,92.6
M090,157.1,20,58.2,85.8,36,66.1,94.3
M090,157.1,20,58.2,85.8,38,67.4,94.7
M090,157.1,20,58.2,85.8,40,68.6,95.4
M090,157.1,22,58.9,86.8,24,60.3,87.9
M090,157.1,22,58.9,86.8,26,60.8,87.7
M090,157.1,22,58.9,86.8,28,62.1,89.7
M090,157.1,22,58.9,86.8,30,63.0,90.4
M090,157.1,22,58.9,86.8,32,64.3,91.3
M090,157.1,22,58.9,86.8,34,65.3,92.6
M090,157.1,22,58.9,86.8,36,66.1,94.3
M090,157.1,22,58.9,86.8,38,67.4,94.7
M090,157.1,22,58.9,86.8,40,68.6,95.4
M090,157.1,24,60.3,87.9,26,60.8,87.7
M090,157.1,24,60.3,87.9,28,62.1,89.7
M090,157.1,24,60.3,87.9,30,63.0,90.4
M090,157.1,24,60.3,87.9,32,64.3,91.3
M090,157.1,24,60.3,87.9,34,65.3,92.6
M090,157.1,24,60.3,87.9,36,66.1,94.3
M090,157.1,24,60.3,87.9,38,67.4,94.7
M090,157.1,24,60.3,87.9,40,68.6,95.4
M090,157.1,26,60.8,87.7,28,62.1,89.7
M090,157.1,26,60.8,87.7,30,63.0,90.4
M090,157.1,26,60.8,87.7,32,64.3,91.3
M090,157.1,26,60.8,87.7,34,65.3,92.6
M090,157.1,26,60.8,87.7,36,66.1,94.3
M090,157.1,26,60.8,87.7,38,67.4,94.7
M090,157.1,26,60.8,87.7,40,68.6,95.4
M090,157.1,28,62.1,89.7,30,63.0,90.4
M090,157.1,28,62.1,89.7,32,64.3,91.3
M090,157.1,28,62.1,89.7,34,65.3,92.6
M090,157.1,28,62.1,89.7,36,66.1,94.3
M090,157.1,28,62.1,89.7,38,67.4,94.7
M090,157.1,28,62.1,89.7,40,68.6,95.4
M090,157.1,30,63.0,90.4,32,64.3,91.3
M090,157.1,30,63.0,90.4,34,65.3,92.6
M090,157.1,30,63.0,90.4,36,66.1,94.3
M090,157.1,30,63.0,90.4,38,67.4,94.7
M090,157.1,30,63.0,90.4,40,68.6,95.4
M090,157.1,32,64.3,91.3,34,65.3,92.6
M090,157.1,32,64.3,91.3,36,66.1,94.3
M090,157.1,32,64.3,91.3,38,67.4,94.7
M090,157.1,32,64.3,91.3,40,68.6,95.4
M090,157.1,34,65.3,92.6,36,66.1,94.3
M090,157.1,34,65.3,92.6,38,67.4,94.7
M090,157.1,34,65.3,92.6,40,68.6,95.4
M090,157.1,36,66.1,94.3,38,67.4,94.7
M090,157.1,36,66.1,94.3,40,68.6,95.4
M090,157.1,38,67.4,94.7,40,68.6,95.4
M091,165.1,12,56.8,78.0,14,57.2,79.3
M091,165.1,12,56.8,78.0,16,57.9,81.1
M091,165.1,12,56.8,78.0,18,58.5,82.8
M091,165.1,12,56.8,78.0,20,59.1,84.4
M091,165.1,12,56.8,78.0,22,59.9,85.1
M091,165.1,12,56.8,78.0,24,61.1,87.0
M091,165.1,12,56.8,78.0,26,61.9,88.9
M091,165.1,12,56.8,78.0,28,62.7,90.1
M091,165.1,12,56.8,78.0,30,63.5,91.5
M091,165.1,12,56.8,78.0,32,64.8,92.4
M091,165.1,12,56.8,78.0,34,65.7,94.8
M091,165.1,12,56.8,78.0,36,67.0,95.8
M091,165.1,12,56.8,78.0,38,67.4,97.8
M091,165.1,12,56.8,78.0,40,68.5,98.7
M091,165.1,14,57.2,79.3,16,57.9,81.1
M091,165.1,14,57.2,79.3,18,58.5,82.8
M091,165.1,14,57.2,79.3,20,59.1,84.4
M091,165.1,14,57.2,79.3,22,59.9,85.1
M091,165.1,14,57.2,79.3,24,61.1,87.0
M091,165.1,14,57.2,79.3,26,61.9,88.9
M091,165.1,14,57.2,79.3,28,62.7,90.1
M091,165.1,14,57.2,79.3,30,63.5,91.5
M091,165.1,14,57.2,79.3,32,64.8,92.4
M091,165.1,14,57.2,79.3,34,65.7,94.8
M091,165.1,14,57.2,79.3,36,67.0,95.8
M091,165.1,14,57.2,79.3,38,67.4,97.8
M091,165.1,14,57.2,79.3,40,68.5,98.7
M091,165.1,16,57.9,81.1,18,58.5,82.8
M091,165.1,16,57.9,81.1,20,59.1,84.4
M091,165.1,16,57.9,81.1,22,59.9,85.1
M091,165.1,16,57.9,81.1,24,61.1,87.0
M091,165.1,16,57.9,81.1,26,61.9,88.9
M091,165.1,16,57.9,81.1,28,62.7,90.1
M091,165.1,16,57.9,81.1,30,63.5,91.5
M091,165.1,16,57.9,81.1,32,64.8,92.4
M091,165.1,16,57.9,81.1,34,65.7,94.8
M091,165.1,16,57.9,81.1,36,67.0,95.8
M091,165.1,16,57.9,81.1,38,67.4,97.8
M091,165.1,16,57.9,81.1,40,68.5,98.7
M091,165.1,18,58.5,82.8,20,59.1,84.4
M091,165.1,18,58.5,82.8,22,59.9,85.1
M091,165.1,18,58.5,82.8,24,61.1,87.0
M091,165.1,18,58.5,82.8,26,61.9,88.9
M091,165.1,18,58.5,82.8,28,62.7,90.1
M091,165.1,18,58.5,82.8,30,63.5,91.5
M091,165.1,18,58.5,82.8,32,64.8,92.4
M091,165.1,18,58.5,82.8,34,65.7,94.8
M091,165.1,18,58.5,82.8,36,67.0,95.8
M091,165.1,18,58.5,82.8,38,67.4,97.8
M091,165.1,18,58.5,82.8,40,68.5,98.7
M091,165.1,20,59.1,84.4,22,59.9,85.1
M091,165.1,20,59.1,84.4,24,61.1,87.0
M091,165.1,20,59.1,84.4,26,61.9,88.9
M091,165.1,20,59.1,84.4,28,62.7,90.1
M091,165.1,20,59.1,84.4,30,63.5,91.5
M091,165.1,20,59.1,84.4,32,64.8,92.4
M091,165.1,20,59.1,84.4,34,65.7,94.8
M091,165.1,20,59.1,84.4,36,67.0,95.8
M091,165.1,20,59.1,84.4,38,67.4,97.8
M091,165.1,20,59.1,84.4,40,68.5,98.7
M091,165.1,22,59.9,85.1,24,61.1,87.0
M091,165.1,22,59.9,85.1,26,61.9,88.9
M091,165.1,22,59.9,85.1,28,62.7,90.1
M091,165.1,22,59.9,85.1,30,63.5,91.5
M091,165.1,22,59.9,85.1,32,64.8,92.4
M091,165.1,22,59.9,85.1,34,65.7,94.8
M091,165.1,22,59.9,85.1,36,67.0,95.8
M091,165.1,22,59.9,85.1,38,67.4,97.8
M091,165.1,22,59.9,85.1,40,68.5,98.7
M091,165.1,24,61.1,87.0,26,61.9,88.9
M091,165.1,24,61.1,87.0,28,62.7,90.1
M091,165.1,24,61.1,87.0,30,63.5,91.5
M091,165.1,24,61.1,87.0,32,64.8,92.4
M091,165.1,24,61.1,87.0,34,65.7,94.8
M091,165.1,24,61.1,87.0,36,67.0,95.8
M091,165.1,24,61.1,87.0,38,67.4,97.8
M091,165.1,24,61.1,87.0,40,68.5,98.7
M091,165.1,26,61.9,88.9,28,62.7,90.1
M091,165.1,26,61.9,88.9,30,63.5,91.5
M091,165.1,26,61.9,88.9,32,64.8,92.4
M091,165.1,26,61.9,88.9,34,65.7,94.8
M091,165.1,26,61.9,88.9,36,67.0,95.8
M091,165.1,26,61.9,88.9,38,67.4,97.8
M091,165.1,26,61.9,88.9,40,68.5,98.7
M091,165.1,28,62.7,90.1,30,63.5,91.5
M091,165.1,28,62.7,90.1,32,64.8,92.4
M091,165.1,28,62.7,90.1,34,65.7,94.8
M091,165.1,28,62.7,90.1,36,67.0,95.8
M091,165.1,28,62.7,90.1,38,67.4,97.8
M091,165.1,28,62.7,90.1,40,68.5,98.7
M091,165.1,30,63.5,91.5,32,64.8,92.4
M091,165.1,30,63.5,91.5,34,65.7,94.8
M091,165.1,30,63.5,91.5,36,67.0,95.8
M091,165.1,30,63.5,91.5,38,67.4,97.8
M091,165.1,30,63.5,91.5,40,68.5,98.7
M091,165.1,32,64.8,92.4,34,65.7,94.8
M091,165.1,32,64.8,92.4,36,67.0,95.8
M091,165.1,32,64.8,92.4,38,67.4,97.8
M091,165.1,32,64.8,92.4,40,68.5,98.7
M091,165.1,34,65.7,94.8,36,67.0,95.8
M091,165.1,34,65.7,94.8,38,67.4,97.8
M091,165.1,34,65.7,94.8,40,68.5,98.7
M091,165.1,36,67.0,95.8,38,67.4,97.8
M091,165.1,36,67.0,95.8,40,68.5,98.7
M091,165.1,38,67.4,97.8,40,68.5,98.7
M092,166.1,12,65.9,73.4,14,66.7,74.2
M092,166.1,12,65.9,73.4,16,67.5,74.1
M092,166.1,12,65.9,73.4,18,68.4,75.2
M092,166.1,12,65.9,73.4,20,69.2,76.3
M092,166.1,12,65.9,73.4,22,70.0,76.5
M092,166.1,12,65.9,73.4,24,71.0,77.6
M092,166.1,12,65.9,73.4,26,72.3,78.6
M092,166.1,12,65.9,73.4,28,73.3,79.5
M092,166.1,12,65.9,73.4,30,74.3,80.2
M092,166.1,12,65.9,73.4,32,76.0,80.5
M092,166.1,12,65.9,73.4,34,76.4,81.4
M092,166.1,12,65.9,73.4,36,77.8,82.3
M092,166.1,12,65.9,73.4,38,79.0,83.0
M092,166.1,12,65.9,73.4,40,80.1,84.0
M092,166.1,14,66.7,74.2,16,67.5,74.1
M092,166.1,14,66.7,74.2,18,68.4,75.2
M092,166.1,14,66.7,74.2,20,69.2,76.3
M092,166.1,14,66.7,74.2,22,70.0,76.5
M092,166.1,14,66.7,74.2,24,71.0,77.6
M092,166.1,14,66.7,74.2,26,72.3,78.6
M092,166.1,14,66.7,74.2,28,73.3,79.5
M092,166.1,14,66.7,74.2,30,74.3,80.2
M092,166.1,14,66.7,74.2,32,76.0,80.5
M092,166.1,14,66.7,74.2,34,76.4,81.4
M092,166.1,14,66.7,74.2,36,77.8,82.3
M092,166.1,14,66.7,74.2,38,79.0,83.0
M092,166.1,14,66.7,74.2,40,80.1,84.0
M092,166.1,16,67.5,74.1,18,68.4,75.2
M092,166.1,16,67.5,74.1,20,69.2,76.3
M092,166.1,16,67.5,74.1,22,70.0,76.5
M092,166.1,16,67.5,74.1,24,71.0,77.6
M092,166.1,16,67.5,74.1,26,72.3,78.6
M092,166.1,16,67.5,74.1,28,73.3,79.5
M092,166.1,16,67.5,74.1,30,74.3,80.2
M092,166.1,16,67.5,74.1,32,76.0,80.5
M092,166.1,16,67.5,74.1,34,76.4,81.4
M092,166.1,16,67.5,74.1,36,77.8,82.3
M092,166.1,16,67.5,74.1,38,79.0,83.0
M092,166.1,16,67.5,74.1,40,80.1,84.0
M092,166.1,18,68.4,75.2,20,69.2,76.3
M092,166.1,18,68.4,75.2,22,70.0,76.5
M092,166.1,18,68.4,75.2,24,71.0,77.6
M092,166.1,18,68.4,75.2,26,72.3,78.6
M092,166.1,18,68.4,75.2,28,73.3,79.5
M092,166.1,18,68.4,75.2,30,74.3,80.2
M092,166.1,18,68.4,75.2,32,76.0,80.5
M092,166.1,18,68.4,75.2,34,76.4,81.4
M092,166.1,18,68.4,75.2,36,77.8,82.3
M092,166.1,18,68.4,75.2,38,79.0,83.0
M092,166.1,18,68.4,75.2,40,80.1,84.0
M092,166.1,20,69.2,76.3,22,70.0,76.5
M092,166.1,20,69.2,76.3,24,71.0,77.6
M092,166.1,20,69.2,76.3,26,72.3,78.6
M092,166.1,20,69.2,76.3,28,73.3,79.5
M092,166.1,20,69.2,76.3,30,74.3,80.2
M092,166.1,20,69.2,76.3,32,76.0,80.5
M092,166.1,20,69.2,76.3,34,76.4,81.4
M092,166.1,20,69.2,76.3,36,77.8,82.3
M092,166.1,20,69.2,76.3,38,79.0,83.0
M092,166.1,20,69.2,76.3,40,80.1,84.0
M092,166.1,22,70.0,76.5,24,71.0,77.6
M092,166.1,22,70.0,76.5,26,72.3,78.6
M092,166.1,22,70.0,76.5,28,73.3,79.5
M092,166.1,22,70.0,76.5,30,74.3,80.2
M092,166.1,22,70.0,76.5,32,76.0,80.5
M092,166.1,22,70.0,76.5,34,76.4,81.4
M092,166.1,22,70.0,76.5,36,77.8,82.3
M092,166.1,22,70.0,76.5,38,79.0,83.0
M092,166.1,22,70.0,76.5,40,80.1,84.0
M092,166.1,24,71.0,77.6,26,72.3,78.6
M092,166.1,24,71.0,77.6,28,73.3,79.5
M092,166.1,24,71.0,77.6,30,74.3,80.2
M092,166.1,24,71.0,77.6,32,76.0,80.5
M092,166.1,24,71.0,77.6,34,76.4,81.4
M092,166.1,24,71.0,77.6,36,77.8,82.3
M092,166.1,24,71.0,77.6,38,79.0,83.0
M092,166.1,24,71.0,77.6,40,80.1,84.0
M092,166.1,26,72.3,78.6,28,73.3,79.5
M092,166.1,26,72.3,78.6,30,74.3,80.2
M092,166.1,26,72.3,78.6,32,76.0,80.5
M092,166.1,26,72.3,78.6,34,76.4,81.4
M092,166.1,26,72.3,78.6,36,77.8,82.3
M092,166.1,26,72.3,78.6,38,79.0,83.0
M092,166.1,26,72.3,78.6,40,80.1,84.0
M092,166.1,28,73.3,79.5,30,74.3,80.2
M092,166.1,28,73.3,79.5,32,76.0,80.5
M092,166.1,28,73.3,79.5,34,76.4,81.4
M092,166.1,28,73.3,79.5,36,77.8,82.3
M092,166.1,28,73.3,79.5,38,79.0,83.0
M092,166.1,28,73.3,79.5,40,80.1,84.0
M092,166.1,30,74.3,80.2,32,76.0,80.5
M092,166.1,30,74.3,80.2,34,76.4,81.4
M092,166.1,30,74.3,80.2,36,77.8,82.3
M092,166.1,30,74.3,80.2,38,79.0,83.0
M092,166.1,30,74.3,80.2,40,80.1,84.0
M092,166.1,32,76.0,80.5,34,76.4,81.4
M092,166.1,32,76.0,80.5,36,77.8,82.3
M092,166.1,32,76.0,80.5,38,79.0,83.0
M092,166.1,32,76.0,80.5,40,80.1,84.0
M092,166.1,34,76.4,81.4,36,77.8,82.3
M092,166.1,34,76.4,81.4,38,79.0,83.0
M092,166.1,34,76.4,81.4,40,80.1,84.0
M092,166.1,36,77.8,82.3,38,79.0,83.0
M092,166.1,36,77.8,82.3,40,80.1,84.0
M092,166.1,38,79.0,83.0,40,80.1,84.0
M093,171.0,12,47.6,78.9,14,48.3,79.7
M093,171.0,12,47.6,78.9,16,49.3,81.2
M093,171.0,12,47.6,78.9,18,49.9,81.5
M093,171.0,12,47.6,78.9,20,50.6,83.0
M093,171.0,12,47.6,78.9,22,51.6,84.3
M093,171.0,12,47.6,78.9,24,52.9,85.6
M093,171.0,12,47.6,78.9,26,54.1,86.4
M093,171.0,12,47.6,78.9,28,54.9,86.8
M093,171.0,12,47.6,78.9,30,56.0,88.1
M093,171.0,12,47.6,78.9,32,57.1,88.7
M093,171.0,12,47.6,78.9,34,57.9,90.0
M093,171.0,12,47.6,78.9,36,59.1,91.6
M093,171.0,12,47.6,78.9,38,60.1,93.1
M093,171.0,12,47.6,78.9,40,61.3,93.6
M093,171.0,14,48.3,79.7,16,49.3,81.2
M093,171.0,14,48.3,79.7,18,49.9,81.5
M093,171.0,14,48.3,79.7,20,50.6,83.0
M093,171.0,14,48.3,79.7,22,51.6,84.3
M093,171.0,14,48.3,79.7,24,52.9,85.6
M093,171.0,14,48.3,79.7,26,54.1,86.4
M093,171.0,14,48.3,79.7,28,54.9,86.8
M093,171.0,14,48.3,79.7,30,56.0,88.1
M093,171.0,14,48.3,79.7,32,57.1,88.7
M093,171.0,14,48.3,79.7,34,57.9,90.0
M093,171.0,14,48.3,79.7,36,59.1,91.6
M093,171.0,14,48.3,79.7,38,60.1,93.1
M093,171.0,14,48.3,79.7,40,61.3,93.6
M093,171.0,16,49.3,81.2,18,49.9,81.5
M093,171.0,16,49.3,81.2,20,50.6,83.0
M093,171.0,16,49.3,81.2,22,51.6,84.3
M093,171.0,16,49.3,81.2,24,52.9,85.6
M093,171.0,16,49.3,81.2,26,54.1,86.4
M093,171.0,16,49.3,81.2,28,54.9,86.8
M093,171.0,16,49.3,81.2,30,56.0,88.1
M093,171.0,16,49.3,81.2,32,57.1,88.7
M093,171.0,16,49.3,81.2,34,57.9,90.0
M093,171.0,16,49.3,81.2,36,59.1,91.6
M093,171.0,16,49.3,81.2,38,60.1,93.1
M093,171.0,16,49.3,81.2,40,61.3,93.6
M093,171.0,18,49.9,81.5,20,50.6,83.0
M093,171.0,18,49.9,81.5,22,51.6,84.3
M093,171.0,18,49.9,81.5,24,52.9,85.6
M093,171.0,18,49.9,81.5,26,54.1,86.4
M093,171.0,18,49.9,81.5,28,54.9,86.8
M093,171.0,18,49.9,81.5,30,56.0,88.1
M093,171.0,18,49.9,81.5,32,57.1,88.7
M093,171.0,18,49.9,81.5,34,57.9,90.0
M093,171.0,18,49.9,81.5,36,59.1,91.6
M093,171.0,18,49.9,81.5,38,60.1,93.1
M093,171.0,18,49.9,81.5,40,61.3,93.6
M093,171.0,20,50.6,83.0,22,51.6,84.3
M093,171.0,20,50.6,83.0,24,52.9,85.6
M093,171.0,20,50.6,83.0,26,54.1,86.4
M093,171.0,20,50.6,83.0,28,54.9,86.8
M093,171.0,20,50.6,83.0,30,56.0,88.1
M093,171.0,20,50.6,83.0,32,57.1,88.7
M093,171.0,20,50.6,83.0,34,57.9,90.0
M093,171.0,20,50.6,83.0,36,59.1,91.6
M093,171.0,20,50.6,83.0,38,60.1,93.1
M093,171.0,20,50.6,83.0,40,61.3,93.6
M093,171.0,22,51.6,84.3,24,52.9,85.6
M093,171.0,22,51.6,84.3,26,54.1,86.4
M093,171.0,22,51.6,84.3,28,54.9,86.8
M093,171.0,22,51.6,84.3,30,56.0,88.1
M093,171.0,22,51.6,84.3,32,57.1,88.7
M093,171.0,22,51.6,84.3,34,57.9,90.0
M093,171.0,22,51.6,84.3,36,59.1,91.6
M093,171.0,22,51.6,84.3,38,60.1,93.1
M093,171.0,22,51.6,84.3,40,61.3,93.6
M093,171.0,24,52.9,85.6,26,54.1,86.4
M093,171.0,24,52.9,85.6,28,54.9,86.8
M093,171.0,24,52.9,85.6,30,56.0,88.1
M093,171.0,24,52.9,85.6,32,57.1,88.7
M093,171.0,24,52.9,85.6,34,57.9,90.0
M093,171.0,24,52.9,85.6,36,59.1,91.6
M093,171.0,24,52.9,85.6,38,60.1,93.1
M093,171.0,24,52.9,85.6,40,61.3,93.6
M093,171.0,26,54.1,86.4,28,54.9,86.8
M093,171.0,26,54.1,86.4,30,56.0,88.1
M093,171.0,26,54.1,86.4,32,57.1,88.7
M093,171.0,26,54.1,86.4,34,57.9,90.0
M093,171.0,26,54.1,86.4,36,59.1,91.6
M093,171.0,26,54.1,86.4,38,60.1,93.1
M093,171.0,26,54.1,86.4,40,61.3,93.6
M093,171.0,28,54.9,86.8,30,56.0,88.1
M093,171.0,28,54.9,86.8,32,57.1,88.7
M093,171.0,28,54.9,86.8,34,57.9,90.0
M093,171.0,28,54.9,86.8,36,59.1,91.6
M093,171.0,28,54.9,86.8,38,60.1,93.1
M093,171.0,28,54.9,86.8,40,61.3,93.6
M093,171.0,30,56.0,88.1,32,57.1,88.7
M093,171.0,30,56.0,88.1,34,57.9,90.0
M093,171.0,30,56.0,88.1,36,59.1,91.6
M093,171.0,30,56.0,88.1,38,60.1,93.1
M093,171.0,30,56.0,88.1,40,61.3,93.6
M093,171.0,32,57.1,88.7,34,57.9,90.0
M093,171.0,32,57.1,88.7,36,59.1,91.6
M093,171.0,32,57.1,88.7,38,60.1,93.1
M093,171.0,32,57.1,88.7,40,61.3,93.6
M093,171.0,34,57.9,90.0,36,59.1,91.6
M093,171.0,34,57.9,90.0,38,60.1,93.1
M093,171.0,34,57.9,90.0,40,61.3,93.6
M093,171.0,36,59.1,91.6,38,60.1,93.1
M093,171.0,36,59.1,91.6,40,61.3,93.6
M093,171.0,38,60.1,93.1,40,61.3,93.6
M094,160.2,12,53.1,76.0,14,53.8,77.5
M094,160.2,12,53.1,76.0,16,54.6,78.4
M094,160.2,12,53.1,76.0,18,55.5,80.8
M094,160.2,12,53.1,76.0,20,56.2,81.3
M094,160.2,12,53.1,76.0,22,57.5,83.1
M094,160.2,12,53.1,76.0,24,58.0,84.8
M094,160.2,12,53.1,76.0,26,59.6,85.4
M094,160.2,12,53.1,76.0,28,60.5,86.5
M094,160.2,12,53.1,76.0,30,61.6,89.1
M094,160.2,12,53.1,76.0,32,62.2,89.5
M094,160.2,12,53.1,76.0,34,63.5,91.6
M094,160.2,12,53.1,76.0,36,64.4,93.1
M094,160.2,12,53.1,76.0,38,65.6,94.7
M094,160.2,12,53.1,76.0,40,66.8,96.1
M094,160.2,14,53.8,77.5,16,54.6,78.4
M094,160.2,14,53.8,77.5,18,55.5,80.8
M094,160.2,14,53.8,77.5,20,56.2,81.3
M094,160.2,14,53.8,77.5,22,57.5,83.1
M094,160.2,14,53.8,77.5,24,58.0,84.8
M094,160.2,14,53.8,77.5,26,59.6,85.4
M094,160.2,14,53.8,77.5,28,60.5,86.5
M094,160.2,14,53.8,77.5,30,61.6,89.1
M094,160.2,14,53.8,77.5,32,62.2,89.5
M094,160.2,14,53.8,77.5,34,63.5,91.6
M094,160.2,14,53.8,77.5,36,64.4,93.1
M094,160.2,14,53.8,77.5,38,65.6,94.7
M094,160.2,14,53.8,77.5,40,66.8,96.1
M094,160.2,16,54.6,78.4,18,55.5,80.8
M094,160.2,16,54.6,78.4,20,56.2,81.3
M094,160.2,16,54.6,78.4,22,57.5,83.1
M094,160.2,16,54.6,78.4,24,58.0,84.8
M094,160.2,16,54.6,78.4,26,59.6,85.4
M094,160.2,16,54.6,78.4,28,60.5,86.5
M094,160.2,16,54.6,78.4,30,61.6,89.1
M094,160.2,16,54.6,78.4,32,62.2,89.5
M094,160.2,16,54.6,78.4,34,63.5,91.6
M094,160.2,16,54.6,78.4,36,64.4,93.1
M094,160.2,16,54.6,78.4,38,65.6,94.7
M094,160.2,16,54.6,78.4,40,66.8,96.1
M094,160.2,18,55.5,80.8,20,56.2,81.3
M094,160.2,18,55.5,80.8,22,57.5,83.1
M094,160.2,18,55.5,80.8,24,58.0,84.8
M094,160.2,18,55.5,80.8,26,59.6,85.4
M094,160.2,18,55.5,80.8,28,60.5,86.5
M094,160.2,18,55.5,80.8,30,61.6,89.1
M094,160.2,18,55.5,80.8,32,62.2,89.5
M094,160.2,18,55.5,80.8,34,63.5,91.6
M094,160.2,18,55.5,80.8,36,64.4,93.1
M094,160.2,18,55.5,80.8,38,65.6,94.7
M094,160.2,18,55.5,80.8,40,66.8,96.1
M094,160.2,20,56.2,81.3,22,57.5,83.1
M094,160.2,20,56.2,81.3,24,58.0,84.8
M094,160.2,20,56.2,81.3,26,59.6,85.4
M094,160.2,20,56.2,81.3,28,60.5,86.5
M094,160.2,20,56.2,81.3,30,61.6,89.1
M094,160.2,20,56.2,81.3,32,62.2,89.5
M094,160.2,20,56.2,81.3,34,63.5,91.6
M094,160.2,20,56.2,81.3,36,64.4,93.1
M094,160.2,20,56.2,81.3,38,65.6,94.7
M094,160.2,20,56.2,81.3,40,66.8,96.1
M094,160.2,22,57.5,83.1,24,58.0,84.8
M094,160.2,22,57.5,83.1,26,59.6,85.4
M094,160.2,22,57.5,83.1,28,60.5,86.5
M094,160.2,22,57.5,83.1,30,61.6,89.1
M094,160.2,22,57.5,83.1,32,62.2,89.5
M094,160.2,22,57.5,83.1,34,63.5,91.6
M094,160.2,22,57.5,83.1,36,64.4,93.1
M094,160.2,22,57.5,83.1,38,65.6,94.7
M094,160.2,22,57.5,83.1,40,66.8,96.1
M094,160.2,24,58.0,84.8,26,59.6,85.4
M094,160.2,24,58.0,84.8,28,60.5,86.5
M094,160.2,24,58.0,84.8,30,61.6,89.1
M094,160.2,24,58.0,84.8,32,62.2,89.5
M094,160.2,24,58.0,84.8,34,63.5,91.6
M094,160.2,24,58.0,84.8,36,64.4,93.1
M094,160.2,24,58.0,84.8,38,65.6,94.7
M094,160.2,24,58.0,84.8,40,66.8,96.1
M094,160.2,26,59.6,85.4,28,60.5,86.5
M094,160.2,26,59.6,85.4,30,61.6,89.1
M094,160.2,26,59.6,85.4,32,62.2,89.5
M094,160.2,26,59.6,85.4,34,63.5,91.6
M094,160.2,26,59.6,85.4,36,64.4,93.1
M094,160.2,26,59.6,85.4,38,65.6,94.7
M094,160.2,26,59.6,85.4,40,66.8,96.1
M094,160.2,28,60.5,86.5,30,61.6,89.1
M094,160.2,28,60.5,86.5,32,62.2,89.5
M094,160.2,28,60.5,86.5,34,63.5,91.6
M094,160.2,28,60.5,86.5,36,64.4,93.1
M094,160.2,28,60.5,86.5,38,65.6,94.7
M094,160.2,28,60.5,86.5,40,66.8,96.1
M094,160.2,30,61.6,89.1,32,62.2,89.5
M094,160.2,30,61.6,89.1,34,63.5,91.6
M094,160.2,30,61.6,89.1,36,64.4,93.1
M094,160.2,30,61.6,89.1,38,65.6,94.7
M094,160.2,30,61.6,89.1,40,66.8,96.1
M094,160.2,32,62.2,89.5,34,63.5,91.6
M094,160.2,32,62.2,89.5,36,64.4,93.1
M094,160.2,32,62.2,89.5,38,65.6,94.7
M094,160.2,32,62.2,89.5,40,66.8,96.1
M094,160.2,34,63.5,91.6,36,64.4,93.1
M094,160.2,34,63.5,91.6,38,65.6,94.7
M094,160.2,34,63.5,91.6,40,66.8,96.1
M094,160.2,36,64.4,93.1,38,65.6,94.7
M094,160.2,36,64.4,93.1,40,66.8,96.1
M094,160.2,38,65.6,94.7,40,66.8,96.1
M095,158.6,12,50.1,73.1,14,50.8,74.6
M095,158.6,12,50.1,73.1,16,51.5,75.5
M095,158.6,12,50.1,73.1,18,52.6,77.1
M095,158.6,12,50.1,73.1,20,53.5,78.0
M095,158.6,12,50.1,73.1,22,54.3,79.9
M095,158.6,12,50.1,73.1,24,55.5,81.2
M095,158.6,12,50.1,73.1,26,56.3,82.8
M095,158.6,12,50.1,73.1,28,57.2,83.8
M095,158.6,12,50.1,73.1,30,58.6,85.7
M095,158.6,12,50.1,73.1,32,59.7,86.8
M095,158.6,12,50.1,73.1,34,60.6,88.4
M095,158.6,12,50.1,73.1,36,61.7,89.7
M095,158.6,12,50.1,73.1,38,62.8,91.3
M095,158.6,12,50.1,73.1,40,64.1,92.8
M095,158.6,14,50.8,74.6,16,51.5,75.5
M095,158.6,14,50.8,74.6,18,52.6,77.1
M095,158.6,14,50.8,74.6,20,53.5,78.0
M095,158.6,14,50.8,74.6,22,54.3,79.9
M095,158.6,14,50.8,74.6,24,55.5,81.2
M095,158.6,14,50.8,74.6,26,56.3,82.8
M095,158.6,14,50.8,74.6,28,57.2,83.8
M095,158.6,14,50.8,74.6,30,58.6,85.7
M095,158.6,14,50.8,74.6,32,59.7,86.8
M095,158.6,14,50.8,74.6,34,60.6,88.4
M095,158.6,14,50.8,74.6,36,61.7,89.7
M095,158.6,14,50.8,74.6,38,62.8,91.3
M095,158.6,14,50.8,74.6,40,64.1,92.8
M095,158.6,16,51.5,75.5,18,52.6,77.1
M095,158.6,16,51.5,75.5,20,53.5,78.0
M095,158.6,16,51.5,75.5,22,54.3,79.9
M095,158.6,16,51.5,75.5,24,55.5,81.2
M095,158.6,16,51.5,75.5,26,56.3,82.8
M095,158.6,16,51.5,75.5,28,57.2,83.8
M095,158.6,16,51.5,75.5,30,58.6,85.7
M095,158.6,16,51.5,75.5,32,59.7,86.8
M095,158.6,16,51.5,75.5,34,60.6,88.4
M095,158.6,16,51.5,75.5,36,61.7,89.7
M095,158.6,16,51.5,75.5,38,62.8,91.3
M095,158.6,16,51.5,75.5,40,64.1,92.8
M095,158.6,18,52.6,77.1,20,53.5,78.0
M095,158.6,18,52.6,77.1,22,54.3,79.9
M095,158.6,18,52.6,77.1,24,55.5,81.2
M095,158.6,18,52.6,77.1,26,56.3,82.8
M095,158.6,18,52.6,77.1,28,57.2,83.8
M095,158.6,18,52.6,77.1,30,58.6,85.7
M095,158.6,18,52.6,77.1,32,59.7,86.8
M095,158.6,18,52.6,77.1,34,60.6,88.4
M095,158.6,18,52.6,77.1,36,61.7,89.7
M095,158.6,18,52.6,77.1,38,62.8,91.3
M095,158.6,18,52.6,77.1,40,64.1,92.8
M095,158.6,20,53.5,78.0,22,54.3,79.9
M095,158.6,20,53.5,78.0,24,55.5,81.2
M095,158.6,20,53.5,78.0,26,56.3,82.8
M095,158.6,20,53.5,78.0,28,57.2,83.8
M095,158.6,20,53.5,78.0,30,58.6,85.7
M095,158.6,20,53.5,78.0,32,59.7,86.8
M095,158.6,20,53.5,78.0,34,60.6,88.4
M095,158.6,20,53.5,78.0,36,61.7,89.7
M095,158.6,20,53.5,78.0,38,62.8,91.3
M095,158.6,20,53.5,78.0,40,64.1,92.8
M095,158.6,22,54.3,79.9,24,55.5,81.2
M095,158.6,22,54.3,79.9,26,56.3,82.8
M095,158.6,22,54.3,79.9,28,57.2,83.8
M095,158.6,22,54.3,79.9,30,58.6,85.7
M095,158.6,22,54.3,79.9,32,59.7,86.8
M095,158.6,22,54.3,79.9,34,60.6,88.4
M095,158.6,22,54.3,79.9,36,61.7,89.7
M095,158.6,22,54.3,79.9,38,62.8,91.3
M095,158.6,22,54.3,79.9,40,64.1,92.8
M095,158.6,24,55.5,81.2,26,56.3,82.8
M095,158.6,24,55.5,81.2,28,57.2,83.8
M095,158.6,24,55.5,81.2,30,58.6,85.7
M095,158.6,24,55.5,81.2,32,59.7,86.8
M095,158.6,24,55.5,81.2,34,60.6,88.4
M095,158.6,24,55.5,81.2,36,61.7,89.7
M095,158.6,24,55.5,81.2,38,62.8,91.3
M095,158.6,24,55.5,81.2,40,64.1,92.8
M095,158.6,26,56.3,82.8,28,57.2,83.8
M095,158.6,26,56.3,82.8,30,58.6,85.7
M095,158.6,26,56.3,82.8,32,59.7,86.8
M095,158.6,26,56.3,82.8,34,60.6,88.4
M095,158.6,26,56.3,82.8,36,61.7,89.7
M095,158.6,26,56.3,82.8,38,62.8,91.3
M095,158.6,26,56.3,82.8,40,64.1,92.8
M095,158.6,28,57.2,83.8,30,58.6,85.7
M095,158.6,28,57.2,83.8,32,59.7,86.8
M095,158.6,28,57.2,83.8,34,60.6,88.4
M095,158.6,28,57.2,83.8,36,61.7,89.7
M095,158.6,28,57.2,83.8,38,62.8,91.3
M095,158.6,28,57.2,83.8,40,64.1,92.8
M095,158.6,30,58.6,85.7,32,59.7,86.8
M095,158.6,30,58.6,85.7,34,60.6,88.4
M095,158.6,30,58.6,85.7,36,61.7,89.7
M095,158.6,30,58.6,85.7,38,62.8,91.3
M095,158.6,30,58.6,85.7,40,64.1,92.8
M095,158.6,32,59.7,86.8,34,60.6,88.4
M095,158.6,32,59.7,86.8,36,61.7,89.7
M095,158.6,32,59.7,86.8,38,62.8,91.3
M095,158.6,32,59.7,86.8,40,64.1,92.8
M095,158.6,34,60.6,88.4,36,61.7,89.7
M095,158.6,34,60.6,88.4,38,62.8,91.3
M095,158.6,34,60.6,88.4,40,64.1,92.8
M095,158.6,36,61.7,89.7,38,62.8,91.3
M095,158.6,36,61.7,89.7,40,64.1,92.8
M095,158.6,38,62.8,91.3,40,64.1,92.8
M096,173.3,12,44.7,72.3,14,45.2,72.9
M096,173.3,12,44.7,72.3,16,45.4,74.2
M096,173.3,12,44.7,72.3,18,45.6,75.9
M096,173.3,12,44.7,72.3,20,46.5,76.7
M096,173.3,12,44.7,72.3,22,46.7,78.7
M096,173.3,12,44.7,72.3,24,47.0,81.3
M096,173.3,12,44.7,72.3,26,47.8,82.0
M096,173.3,12,44.7,72.3,28,47.7,83.9
M096,173.3,12,44.7,72.3,30,48.5,85.0
M096,173.3,12,44.7,72.3,32,48.7,87.1
M096,173.3,12,44.7,72.3,34,48.8,88.5
M096,173.3,12,44.7,72.3,36,49.5,89.7
M096,173.3,12,44.7,72.3,38,50.0,90.7
M096,173.3,12,44.7,72.3,40,50.6,93.0
M096,173.3,14,45.2,72.9,16,45.4,74.2
M096,173.3,14,45.2,72.9,18,45.6,75.9
M096,173.3,14,45.2,72.9,20,46.5,76.7
M096,173.3,14,45.2,72.9,22,46.7,78.7
M096,173.3,14,45.2,72.9,24,47.0,81.3
M096,173.3,14,45.2,72.9,26,47.8,82.0
M096,173.3,14,45.2,72.9,28,47.7,83.9
M096,173.3,14,45.2,72.9,30,48.5,85.0
M096,173.3,14,45.2,72.9,32,48.7,87.1
M096,173.3,14,45.2,72.9,34,48.8,88.5
M096,173.3,14,45.2,72.9,36,49.5,89.7
M096,173.3,14,45.2,72.9,38,50.0,90.7
M096,173.3,14,45.2,72.9,40,50.6,93.0
M096,173.3,16,45.4,74.2,18,45.6,75.9
M096,173.3,16,45.4,74.2,20,46.5,76.7
M096,173.3,16,45.4,74.2,22,46.7,78.7
M096,173.3,16,45.4,74.2,24,47.0,81.3
M096,173.3,16,45.4,74.2,26,47.8,82.0
M096,173.3,16,45.4,74.2,28,47.7,83.9
M096,173.3,16,45.4,74.2,30,48.5,85.0
M096,173.3,16,45.4,74.2,32,48.7,87.1
M096,173.3,16,45.4,74.2,34,48.8,88.5
M096,173.3,16,45.4,74.2,36,49.5,89.7
M096,173.3,16,45.4,74.2,38,50.0,90.7
M096,173.3,16,45.4,74.2,40,50.6,93.0
M096,173.3,18,45.6,75.9,20,46.5,76.7
M096,173.3,18,45.6,75.9,22,46.7,78.7
M096,173.3,18,45.6,75.9,24,47.0,81.3
M096,173.3,18,45.6,75.9,26,47.8,82.0
M096,173.3,18,45.6,75.9,28,47.7,83.9
M096,173.3,18,45.6,75.9,30,48.5,85.0
M096,173.3,18,45.6,75.9,32,48.7,87.1
M096,173.3,18,45.6,75.9,34,48.8,88.5
M096,173.3,18,45.6,75.9,36,49.5,89.7
M096,173.3,18,45.6,75.9,38,50.0,90.7
M096,173.3,18,45.6,75.9,40,50.6,93.0
M096,173.3,20,46.5,76.7,22,46.7,78.7
M096,173.3,20,46.5,76.7,24,47.0,81.3
M096,173.3,20,46.5,76.7,26,47.8,82.0
M096,173.3,20,46.5,76.7,28,47.7,83.9
M096,173.3,20,46.5,76.7,30,48.5,85.0
M096,173.3,20,46.5,76.7,32,48.7,87.1
M096,173.3,20,46.5,76.7,34,48.8,88.5
M096,173.3,20,46.5,76.7,36,49.5,89.7
M096,173.3,20,46.5,76.7,38,50.0,90.7
M096,173.3,20,46.5,76.7,40,50.6,93.0
M096,173.3,22,46.7,78.7,24,47.0,81.3
M096,173.3,22,46.7,78.7,26,47.8,82.0
M096,173.3,22,46.7,78.7,28,47.7,83.9
M096,173.3,22,46.7,78.7,30,48.5,85.0
M096,173.3,22,46.7,78.7,32,48.7,87.1
M096,173.3,22,46.7,78.7,34,48.8,88.5
M096,173.3,22,46.7,78.7,36,49.5,89.7
M096,173.3,22,46.7,78.7,38,50.0,90.7
M096,173.3,22,46.7,78.7,40,50.6,93.0
M096,173.3,24,47.0,81.3,26,47.8,82.0
M096,173.3,24,47.0,81.3,28,47.7,83.9
M096,173.3,24,47.0,81.3,30,48.5,85.0
M096,173.3,24,47.0,81.3,32,48.7,87.1
M096,173.3,24,47.0,81.3,34,48.8,88.5
M096,173.3,24,47.0,81.3,36,49.5,89.7
M096,173.3,24,47.0,81.3,38,50.0,90.7
M096,173.3,24,47.0,81.3,40,50.6,93.0
M096,173.3,26,47.8,82.0,28,47.7,83.9
M096,173.3,26,47.8,82.0,30,48.5,85.0
M096,173.3,26,47.8,82.0,32,48.7,87.1
M096,173.3,26,47.8,82.0,34,48.8,88.5
M096,173.3,26,47.8,82.0,36,49.5,89.7
M096,173.3,26,47.8,82.0,38,50.0,90.7
M096,173.3,26,47.8,82.0,40,50.6,93.0
M096,173.3,28,47.7,83.9,30,48.5,85.0
M096,173.3,28,47.7,83.9,32,48.7,87.1
M096,173.3,28,47.7,83.9,34,48.8,88.5
M096,173.3,28,47.7,83.9,36,49.5,89.7
M096,173.3,28,47.7,83.9,38,50.0,90.7
M096,173.3,28,47.7,83.9,40,50.6,93.0
M096,173.3,30,48.5,85.0,32,48.7,87.1
M096,173.3,30,48.5,85.0,34,48.8,88.5
M096,173.3,30,48.5,85.0,36,49.5,89.7
M096,173.3,30,48.5,85.0,38,50.0,90.7
M096,173.3,30,48.5,85.0,40,50.6,93.0
M096,173.3,32,48.7,87.1,34,48.8,88.5
M096,173.3,32,48.7,87.1,36,49.5,89.7
M096,173.3,32,48.7,87.1,38,50.0,90.7
M096,173.3,32,48.7,87.1,40,50.6,93.0
M096,173.3,34,48.8,88.5,36,49.5,89.7
M096,173.3,34,48.8,88.5,38,50.0,90.7
M096,173.3,34,48.8,88.5,40,50.6,93.0
M096,173.3,36,49.5,89.7,38,50.0,90.7
M096,173.3,36,49.5,89.7,40,50.6,93.0
M096,173.3,38,50.0,90.7,40,50.6,93.0
M097,162.8,12,62.4,77.8,14,62.9,78.6
M097,162.8,12,62.4,77.8,16,62.8,81.0
M097,162.8,12,62.4,77.8,18,63.2,81.6
M097,162.8,12,62.4,77.8,20,63.6,82.7
M097,162.8,12,62.4,77.8,22,64.2,85.2
M097,162.8,12,62.4,77.8,24,64.7,86.0
M097,162.8,12,62.4,77.8,26,65.1,87.9
M097,162.8,12,62.4,77.8,28,65.6,88.3
M097,162.8,12,62.4,77.8,30,66.1,90.3
M097,162.8,12,62.4,77.8,32,66.4,92.0
M097,162.8,12,62.4,77.8,34,67.2,93.4
M097,162.8,12,62.4,77.8,36,67.9,94.8
M097,162.8,12,62.4,77.8,38,68.1,95.5
M097,162.8,12,62.4,77.8,40,68.7,98.5
M097,162.8,14,62.9,78.6,16,62.8,81.0
M097,162.8,14,62.9,78.6,18,63.2,81.6
M097,162.8,14,62.9,78.6,20,63.6,82.7
M097,162.8,14,62.9,78.6,22,64.2,85.2
M097,162.8,14,62.9,78.6,24,64.7,86.0
M097,162.8,14,62.9,78.6,26,65.1,87.9
M097,162.8,14,62.9,78.6,28,65.6,88.3
M097,162.8,14,62.9,78.6,30,66.1,90.3
M097,162.8,14,62.9,78.6,32,66.4,92.0
M097,162.8,14,62.9,78.6,34,67.2,93.4
M097,162.8,14,62.9,78.6,36,67.9,94.8
M097,162.8,14,62.9,78.6,38,68.1,95.5
M097,162.8,14,62.9,78.6,40,68.7,98.5
M097,162.8,16,62.8,81.0,18,63.2,81.6
M097,162.8,16,62.8,81.0,20,63.6,82.7
M097,162.8,16,62.8,81.0,22,64.2,85.2
M097,162.8,16,62.8,81.0,24,64.7,86.0
M097,162.8,16,62.8,81.0,26,65.1,87.9
M097,162.8,16,62.8,81.0,28,65.6,88.3
M097,162.8,16,62.8,81.0,30,66.1,90.3
M097,162.8,16,62.8,81.0,32,66.4,92.0
M097,162.8,16,62.8,81.0,34,67.2,93.4
M097,162.8,16,62.8,81.0,36,67.9,94.8
M097,162.8,16,62.8,81.0,38,68.1,95.5
M097,162.8,16,62.8,81.0,40,68.7,98.5
M097,162.8,18,63.2,81.6,20,63.6,82.7
M097,162.8,18,63.2,81.6,22,64.2,85.2
M097,162.8,18,63.2,81.6,24,64.7,86.0
M097,162.8,18,63.2,81.6,26,65.1,87.9
M097,162.8,18,63.2,81.6,28,65.6,88.3
M097,162.8,18,63.2,81.6,30,66.1,90.3
M097,162.8,18,63.2,81.6,32,66.4,92.0
M097,162.8,18,63.2,81.6,34,67.2,93.4
M097,162.8,18,63.2,81.6,36,67.9,94.8
M097,162.8,18,63.2,81.6,38,68.1,95.5
M097,162.8,18,63.2,81.6,40,68.7,98.5
M097,162.8,20,63.6,82.7,22,64.2,85.2
M097,162.8,20,63.6,82.7,24,64.7,86.0
M097,162.8,20,63.6,82.7,26,65.1,87.9
M097,162.8,20,63.6,82.7,28,65.6,88.3
M097,162.8,20,63.6,82.7,30,66.1,90.3
M097,162.8,20,63.6,82.7,32,66.4,92.0
M097,162.8,20,63.6,82.7,34,67.2,93.4
M097,162.8,20,63.6,82.7,36,67.9,94.8
M097,162.8,20,63.6,82.7,38,68.1,95.5
M097,162.8,20,63.6,82.7,40,68.7,98.5
M097,162.8,22,64.2,85.2,24,64.7,86.0
M097,162.8,22,64.2,85.2,26,65.1,87.9
M097,162.8,22,64.2,85.2,28,65.6,88.3
M097,162.8,22,64.2,85.2,30,66.1,90.3
M097,162.8,22,64.2,85.2,32,66.4,92.0
M097,162.8,22,64.2,85.2,34,67.2,93.4
M097,162.8,22,64.2,85.2,36,67.9,94.8
M097,162.8,22,64.2,85.2,38,68.1,95.5
M097,162.8,22,64.2,85.2,40,68.7,98.5
M097,162.8,24,64.7,86.0,26,65.1,87.9
M097,162.8,24,64.7,86.0,28,65.6,88.3
M097,162.8,24,64.7,86.0,30,66.1,90.3
M097,162.8,24,64.7,86.0,32,66.4,92.0
M097,162.8,24,64.7,86.0,34,67.2,93.4
M097,162.8,24,64.7,86.0,36,67.9,94.8
M097,162.8,24,64.7,86.0,38,68.1,95.5
M097,162.8,24,64.7,86.0,40,68.7,98.5
M097,162.8,26,65.1,87.9,28,65.6,88.3
M097,162.8,26,65.1,87.9,30,66.1,90.3
M097,162.8,26,65.1,87.9,32,66.4,92.0
M097,162.8,26,65.1,87.9,34,67.2,93.4
M097,162.8,26,65.1,87.9,36,67.9,94.8
M097,162.8,26,65.1,87.9,38,68.1,95.5
M097,162.8,26,65.1,87.9,40,68.7,98.5
M097,162.8,28,65.6,88.3,30,66.1,90.3
M097,162.8,28,65.6,88.3,32,66.4,92.0
M097,162.8,28,65.6,88.3,34,67.2,93.4
M097,162.8,28,65.6,88.3,36,67.9,94.8
M097,162.8,28,65.6,88.3,38,68.1,95.5
M097,162.8,28,65.6,88.3,40,68.7,98.5
M097,162.8,30,66.1,90.3,32,66.4,92.0
M097,162.8,30,66.1,90.3,34,67.2,93.4
M097,162.8,30,66.1,90.3,36,67.9,94.8
M097,162.8,30,66.1,90.3,38,68.1,95.5
M097,162.8,30,66.1,90.3,40,68.7,98.5
M097,162.8,32,66.4,92.0,34,67.2,93.4
M097,162.8,32,66.4,92.0,36,67.9,94.8
M097,162.8,32,66.4,92.0,38,68.1,95.5
M097,162.8,32,66.4,92.0,40,68.7,98.5
M097,162.8,34,67.2,93.4,36,67.9,94.8
M097,162.8,34,67.2,93.4,38,68.1,95.5
M097,162.8,34,67.2,93.4,40,68.7,98.5
M097,162.8,36,67.9,94.8,38,68.1,95.5
M097,162.8,36,67.9,94.8,40,68.7,98.5
M097,162.8,38,68.1,95.5,40,68.7,98.5
M098,177.3,12,61.4,81.5,14,61.9,82.6
M098,177.3,12,61.4,81.5,16,61.9,84.6
M098,177.3,12,61.4,81.5,18,62.0,85.9
M098,177.3,12,61.4,81.5,20,62.5,88.0
M098,177.3,12,61.4,81.5,22,62.8,89.0
M098,177.3,12,61.4,81.5,24,62.9,90.6
M098,177.3,12,61.4,81.5,26,63.7,93.1
M098,177.3,12,61.4,81.5,28,64.4,94.3
M098,177.3,12,61.4,81.5,30,64.8,95.9
M098,177.3,12,61.4,81.5,32,64.8,98.0
M098,177.3,12,61.4,81.5,34,65.3,99.7
M098,177.3,12,61.4,81.5,36,65.5,101.2
M098,177.3,12,61.4,81.5,38,65.6,103.6
M098,177.3,12,61.4,81.5,40,66.4,104.7
M098,177.3,14,61.9,82.6,16,61.9,84.6
M098,177.3,14,61.9,82.6,18,62.0,85.9
M098,177.3,14,61.9,82.6,20,62.5,88.0
M098,177.3,14,61.9,82.6,22,62.8,89.0
M098,177.3,14,61.9,82.6,24,62.9,90.6
M098,177.3,14,61.9,82.6,26,63.7,93.1
M098,177.3,14,61.9,82.6,28,64.4,94.3
M098,177.3,14,61.9,82.6,30,64.8,95.9
M098,177.3,14,61.9,82.6,32,64.8,98.0
M098,177.3,14,61.9,82.6,34,65.3,99.7
M098,177.3,14,61.9,82.6,36,65.5,101.2
M098,177.3,14,61.9,82.6,38,65.6,103.6
M098,177.3,14,61.9,82.6,40,66.4,104.7
M098,177.3,16,61.9,84.6,18,62.0,85.9
M098,177.3,16,61.9,84.6,20,62.5,88.0
M098,177.3,16,61.9,84.6,22,62.8,89.0
M098,177.3,16,61.9,84.6,24,62.9,90.6
M098,177.3,16,61.9,84.6,26,63.7,93.1
M098,177.3,16,61.9,84.6,28,64.4,94.3
M098,177.3,16,61.9,84.6,30,64.8,95.9
M098,177.3,16,61.9,84.6,32,64.8,98.0
M098,177.3,16,61.9,84.6,34,65.3,99.7
M098,177.3,16,61.9,84.6,36,65.5,101.2
M098,177.3,16,61.9,84.6,38,65.6,103.6
M098,177.3,16,61.9,84.6,40,66.4,104.7
M098,177.3,18,62.0,85.9,20,62.5,88.0
M098,177.3,18,62.0,85.9,22,62.8,89.0
M098,177.3,18,62.0,85.9,24,62.9,90.6
M098,177.3,18,62.0,85.9,26,63.7,93.1
M098,177.3,18,62.0,85.9,28,64.4,94.3
M098,177.3,18,62.0,85.9,30,64.8,95.9
M098,177.3,18,62.0,85.9,32,64.8,98.0
M098,177.3,18,62.0,85.9,34,65.3,99.7
M098,177.3,18,62.0,85.9,36,65.5,101.2
M098,177.3,18,62.0,85.9,38,65.6,103.6
M098,177.3,18,62.0,85.9,40,66.4,104.7
M098,177.3,20,62.5,88.0,22,62.8,89.0
M098,177.3,20,62.5,88.0,24,62.9,90.6
M098,177.3,20,62.5,88.0,26,63.7,93.1
M098,177.3,20,62.5,88.0,28,64.4,94.3
M098,177.3,20,62.5,88.0,30,64.8,95.9
M098,177.3,20,62.5,88.0,32,64.8,98.0
M098,177.3,20,62.5,88.0,34,65.3,99.7
M098,177.3,20,62.5,88.0,36,65.5,101.2
M098,177.3,20,62.5,88.0,38,65.6,103.6
M098,177.3,20,62.5,88.0,40,66.4,104.7
M098,177.3,22,62.8,89.0,24,62.9,90.6
M098,177.3,22,62.8,89.0,26,63.7,93.1
M098,177.3,22,62.8,89.0,28,64.4,94.3
M098,177.3,22,62.8,89.0,30,64.8,95.9
M098,177.3,22,62.8,89.0,32,64.8,98.0
M098,177.3,22,62.8,89.0,34,65.3,99.7
M098,177.3,22,62.8,89.0,36,65.5,101.2
M098,177.3,22,62.8,89.0,38,65.6,103.6
M098,177.3,22,62.8,89.0,40,66.4,104.7
M098,177.3,24,62.9,90.6,26,63.7,93.1
M098,177.3,24,62.9,90.6,28,64.4,94.3
M098,177.3,24,62.9,90.6,30,64.8,95.9
M098,177.3,24,62.9,90.6,32,64.8,98.0
M098,177.3,24,62.9,90.6,34,65.3,99.7
M098,177.3,24,62.9,90.6,36,65.5,101.2
M098,177.3,24,62.9,90.6,38,65.6,103.6
M098,177.3,24,62.9,90.6,40,66.4,104.7
M098,177.3,26,63.7,93.1,28,64.4,94.3
M098,177.3,26,63.7,93.1,30,64.8,95.9
M098,177.3,26,63.7,93.1,32,64.8,98.0
M098,177.3,26,63.7,93.1,34,65.3,99.7
M098,177.3,26,63.7,93.1,36,65.5,101.2
M098,177.3,26,63.7,93.1,38,65.6,103.6
M098,177.3,26,63.7,93.1,40,66.4,104.7
M098,177.3,28,64.4,94.3,30,64.8,95.9
M098,177.3,28,64.4,94.3,32,64.8,98.0
M098,177.3,28,64.4,94.3,34,65.3,99.7
M098,177.3,28,64.4,94.3,36,65.5,101.2
M098,177.3,28,64.4,94.3,38,65.6,103.6
M098,177.3,28,64.4,94.3,40,66.4,104.7
M098,177.3,30,64.8,95.9,32,64.8,98.0
M098,177.3,30,64.8,95.9,34,65.3,99.7
M098,177.3,30,64.8,95.9,36,65.5,101.2
M098,177.3,30,64.8,95.9,38,65.6,103.6
M098,177.3,30,64.8,95.9,40,66.4,104.7
M098,177.3,32,64.8,98.0,34,65.3,99.7
M098,177.3,32,64.8,98.0,36,65.5,101.2
M098,177.3,32,64.8,98.0,38,65.6,103.6
M098,177.3,32,64.8,98.0,40,66.4,104.7
M098,177.3,34,65.3,99.7,36,65.5,101.2
M098,177.3,34,65.3,99.7,38,65.6,103.6
M098,177.3,34,65.3,99.7,40,66.4,104.7
M098,177.3,36,65.5,101.2,38,65.6,103.6
M098,177.3,36,65.5,101.2,40,66.4,104.7
M098,177.3,38,65.6,103.6,40,66.4,104.7
M099,169.8,12,61.2,75.7,14,61.8,77.5
M099,169.8,12,61.2,75.7,16,62.5,78.7
M099,169.8,12,61.2,75.7,18,63.0,80.2
M099,169.8,12,61.2,75.7,20,63.9,81.8
M099,169.8,12,61.2,75.7,22,64.6,83.7
M099,169.8,12,61.2,75.7,24,65.6,86.3
M099,169.8,12,61.2,75.7,26,66.1,87.9
M099,169.8,12,61.2,75.7,28,67.1,90.0
M099,169.8,12,61.2,75.7,30,67.8,91.9
M099,169.8,12,61.2,75.7,32,69.1,93.4
M099,169.8,12,61.2,75.7,34,69.7,95.2
M099,169.8,12,61.2,75.7,36,70.8,97.0
M099,169.8,12,61.2,75.7,38,71.5,98.9
M099,169.8,12,61.2,75.7,40,72.5,101.4
M099,169.8,14,61.8,77.5,16,62.5,78.7
M099,169.8,14,61.8,77.5,18,63.0,80.2
M099,169.8,14,61.8,77.5,20,63.9,81.8
M099,169.8,14,61.8,77.5,22,64.6,83.7
M099,169.8,14,61.8,77.5,24,65.6,86.3
M099,169.8,14,61.8,77.5,26,66.1,87.9
M099,169.8,14,61.8,77.5,28,67.1,90.0
M099,169.8,14,61.8,77.5,30,67.8,91.9
M099,169.8,14,61.8,77.5,32,69.1,93.4
M099,169.8,14,61.8,77.5,34,69.7,95.2
M099,169.8,14,61.8,77.5,36,70.8,97.0
M099,169.8,14,61.8,77.5,38,71.5,98.9
M099,169.8,14,61.8,77.5,40,72.5,101.4
M099,169.8,16,62.5,78.7,18,63.0,80.2
M099,169.8,16,62.5,78.7,20,63.9,81.8
M099,169.8,16,62.5,78.7,22,64.6,83.7
M099,169.8,16,62.5,78.7,24,65.6,86.3
M099,169.8,16,62.5,78.7,26,66.1,87.9
M099,169.8,16,62.5,78.7,28,67.1,90.0
M099,169.8,16,62.5,78.7,30,67.8,91.9
M099,169.8,16,62.5,78.7,32,69.1,93.4
M099,169.8,16,62.5,78.7,34,69.7,95.2
M099,169.8,16,62.5,78.7,36,70.8,97.0
M099,169.8,16,62.5,78.7,38,71.5,98.9
M099,169.8,16,62.5,78.7,40,72.5,101.4
M099,169.8,18,63.0,80.2,20,63.9,81.8
M099,169.8,18,63.0,80.2,22,64.6,83.7
M099,169.8,18,63.0,80.2,24,65.6,86.3
M099,169.8,18,63.0,80.2,26,66.1,87.9
M099,169.8,18,63.0,80.2,28,67.1,90.0
M099,169.8,18,63.0,80.2,30,67.8,91.9
M099,169.8,18,63.0,80.2,32,69.1,93.4
M099,169.8,18,63.0,80.2,34,69.7,95.2
M099,169.8,18,63.0,80.2,36,70.8,97.0
M099,169.8,18,63.0,80.2,38,71.5,98.9
M099,169.8,18,63.0,80.2,40,72.5,101.4
M099,169.8,20,63.9,81.8,22,64.6,83.7
M099,169.8,20,63.9,81.8,24,65.6,86.3
M099,169.8,20,63.9,81.8,26,66.1,87.9
M099,169.8,20,63.9,81.8,28,67.1,90.0
M099,169.8,20,63.9,81.8,30,67.8,91.9
M099,169.8,20,63.9,81.8,32,69.1,93.4
M099,169.8,20,63.9,81.8,34,69.7,95.2
M099,169.8,20,63.9,81.8,36,70.8,97.0
M099,169.8,20,63.9,81.8,38,71.5,98.9
M099,169.8,20,63.9,81.8,40,72.5,101.4
M099,169.8,22,64.6,83.7,24,65.6,86.3
M099,169.8,22,64.6,83.7,26,66.1,87.9
M099,169.8,22,64.6,83.7,28,67.1,90.0
M099,169.8,22,64.6,83.7,30,67.8,91.9
M099,169.8,22,64.6,83.7,32,69.1,93.4
M099,169.8,22,64.6,83.7,34,69.7,95.2
M099,169.8,22,64.6,83.7,36,70.8,97.0
M099,169.8,22,64.6,83.7,38,71.5,98.9
M099,169.8,22,64.6,83.7,40,72.5,101.4
M099,169.8,24,65.6,86.3,26,66.1,87.9
M099,169.8,24,65.6,86.3,28,67.1,90.0
M099,169.8,24,65.6,86.3,30,67.8,91.9
M099,169.8,24,65.6,86.3,32,69.1,93.4
M099,169.8,24,65.6,86.3,34,69.7,95.2
M099,169.8,24,65.6,86.3,36,70.8,97.0
M099,169.8,24,65.6,86.3,38,71.5,98.9
M099,169.8,24,65.6,86.3,40,72.5,101.4
M099,169.8,26,66.1,87.9,28,67.1,90.0
M099,169.8,26,66.1,87.9,30,67.8,91.9
M099,169.8,26,66.1,87.9,32,69.1,93.4
M099,169.8,26,66.1,87.9,34,69.7,95.2
M099,169.8,26,66.1,87.9,36,70.8,97.0
M099,169.8,26,66.1,87.9,38,71.5,98.9
M099,169.8,26,66.1,87.9,40,72.5,101.4
M099,169.8,28,67.1,90.0,30,67.8,91.9
M099,169.8,28,67.1,90.0,32,69.1,93.4
M099,169.8,28,67.1,90.0,34,69.7,95.2
M099,169.8,28,67.1,90.0,36,70.8,97.0
M099,169.8,28,67.1,90.0,38,71.5,98.9
M099,169.8,28,67.1,90.0,40,72.5,101.4
M099,169.8,30,67.8,91.9,32,69.1,93.4
M099,169.8,30,67.8,91.9,34,69.7,95.2
M099,169.8,30,67.8,91.9,36,70.8,97.0
M099,169.8,30,67.8,91.9,38,71.5,98.9
M099,169.8,30,67.8,91.9,40,72.5,101.4
M099,169.8,32,69.1,93.4,34,69.7,95.2
M099,169.8,32,69.1,93.4,36,70.8,97.0
M099,169.8,32,69.1,93.4,38,71.5,98.9
M099,169.8,32,69.1,93.4,40,72.5,101.4
M099,169.8,34,69.7,95.2,36,70.8,97.0
M099,169.8,34,69.7,95.2,38,71.5,98.9
M099,169.8,34,69.7,95.2,40,72.5,101.4
M099,169.8,36,70.8,97.0,38,71.5,98.9
M099,169.8,36,70.8,97.0,40,72.5,101.4
M099,169.8,38,71.5,98.9,40,72.5,101.4
M100,162.5,12,56.1,76.2,14,56.3,77.2
M100,162.5,12,56.1,76.2,16,56.4,79.0
M100,162.5,12,56.1,76.2,18,56.7,80.1
M100,162.5,12,56.1,76.2,20,57.7,82.1
M100,162.5,12,56.1,76.2,22,57.8,82.6
M100,162.5,12,56.1,76.2,24,58.4,85.2
M100,162.5,12,56.1,76.2,26,59.1,85.8
M100,162.5,12,56.1,76.2,28,59.8,87.3
M100,162.5,12,56.1,76.2,30,60.2,89.0
M100,162.5,12,56.1,76.2,32,60.9,90.4
M100,162.5,12,56.1,76.2,34,60.9,91.5
M100,162.5,12,56.1,76.2,36,61.4,93.4
M100,162.5,12,56.1,76.2,38,61.9,94.1
M100,162.5,12,56.1,76.2,40,62.7,95.9
M100,162.5,14,56.3,77.2,16,56.4,79.0
M100,162.5,14,56.3,77.2,18,56.7,80.1
M100,162.5,14,56.3,77.2,20,57.7,82.1
M100,162.5,14,56.3,77.2,22,57.8,82.6
M100,162.5,14,56.3,77.2,24,58.4,85.2
M100,162.5,14,56.3,77.2,26,59.1,85.8
M100,162.5,14,56.3,77.2,28,59.8,87.3
M100,162.5,14,56.3,77.2,30,60.2,89.0
M100,162.5,14,56.3,77.2,32,60.9,90.4
M100,162.5,14,56.3,77.2,34,60.9,91.5
M100,162.5,14,56.3,77.2,36,61.4,93.4
M100,162.5,14,56.3,77.2,38,61.9,94.1
M100,162.5,14,56.3,77.2,40,62.7,95.9
M100,162.5,16,56.4,79.0,18,56.7,80.1
M100,162.5,16,56.4,79.0,20,57.7,82.1
M100,162.5,16,56.4,79.0,22,57.8,82.6
M100,162.5,16,56.4,79.0,24,58.4,85.2
M100,162.5,16,56.4,79.0,26,59.1,85.8
M100,162.5,16,56.4,79.0,28,59.8,87.3
M100,162.5,16,56.4,79.0,30,60.2,89.0
M100,162.5,16,56.4,79.0,32,60.9,90.4
M100,162.5,16,56.4,79.0,34,60.9,91.5
M100,162.5,16,56.4,79.0,36,61.4,93.4
M100,162.5,16,56.4,79.0,38,61.9,94.1
M100,162.5,16,56.4,79.0,40,62.7,95.9
M100,162.5,18,56.7,80.1,20,57.7,82.1
M100,162.5,18,56.7,80.1,22,57.8,82.6
M100,162.5,18,56.7,80.1,24,58.4,85.2
M100,162.5,18,56.7,80.1,26,59.1,85.8
M100,162.5,18,56.7,80.1,28,59.8,87.3
M100,162.5,18,56.7,80.1,30,60.2,89.0
M100,162.5,18,56.7,80.1,32,60.9,90.4
M100,162.5,18,56.7,80.1,34,60.9,91.5
M100,162.5,18,56.7,80.1,36,61.4,93.4
M100,162.5,18,56.7,80.1,38,61.9,94.1
M100,162.5,18,56.7,80.1,40,62.7,95.9
M100,162.5,20,57.7,82.1,22,57.8,82.6
M100,162.5,20,57.7,82.1,24,58.4,85.2
M100,162.5,20,57.7,82.1,26,59.1,85.8
M100,162.5,20,57.7,82.1,28,59.8,87.3
M100,162.5,20,57.7,82.1,30,60.2,89.0
M100,162.5,20,57.7,82.1,32,60.9,90.4
M100,162.5,20,57.7,82.1,34,60.9,91.5
M100,162.5,20,57.7,82.1,36,61.4,93.4
M100,162.5,20,57.7,82.1,38,61.9,94.1
M100,162.5,20,57.7,82.1,40,62.7,95.9
M100,162.5,22,57.8,82.6,24,58.4,85.2
M100,162.5,22,57.8,82.6,26,59.1,85.8
M100,162.5,22,57.8,82.6,28,59.8,87.3
M100,162.5,22,57.8,82.6,30,60.2,89.0
M100,162.5,22,57.8,82.6,32,60.9,90.4
M100,162.5,22,57.8,82.6,34,60.9,91.5
M100,162.5,22,57.8,82.6,36,61.4,93.4
M100,162.5,22,57.8,82.6,38,61.9,94.1
M100,162.5,22,57.8,82.6,40,62.7,95.9
M100,162.5,24,58.4,85.2,26,59.1,85.8
M100,162.5,24,58.4,85.2,28,59.8,87.3
M100,162.5,24,58.4,85.2,30,60.2,89.0
M100,162.5,24,58.4,85.2,32,60.9,90.4
M100,162.5,24,58.4,85.2,34,60.9,91.5
M100,162.5,24,58.4,85.2,36,61.4,93.4
M100,162.5,24,58.4,85.2,38,61.9,94.1
M100,162.5,24,58.4,85.2,40,62.7,95.9
M100,162.5,26,59.1,85.8,28,59.8,87.3
M100,162.5,26,59.1,85.8,30,60.2,89.0
M100,162.5,26,59.1,85.8,32,60.9,90.4
M100,162.5,26,59.1,85.8,34,60.9,91.5
M100,162.5,26,59.1,85.8,36,61.4,93.4
M100,162.5,26,59.1,85.8,38,61.9,94.1
M100,162.5,26,59.1,85.8,40,62.7,95.9
M100,162.5,28,59.8,87.3,30,60.2,89.0
M100,162.5,28,59.8,87.3,32,60.9,90.4
M100,162.5,28,59.8,87.3,34,60.9,91.5
M100,162.5,28,59.8,87.3,36,61.4,93.4
M100,162.5,28,59.8,87.3,38,61.9,94.1
M100,162.5,28,59.8,87.3,40,62.7,95.9
M100,162.5,30,60.2,89.0,32,60.9,90.4
M100,162.5,30,60.2,89.0,34,60.9,91.5
M100,162.5,30,60.2,89.0,36,61.4,93.4
M100,162.5,30,60.2,89.0,38,61.9,94.1
M100,162.5,30,60.2,89.0,40,62.7,95.9
M100,162.5,32,60.9,90.4,34,60.9,91.5
M100,162.5,32,60.9,90.4,36,61.4,93.4
M100,162.5,32,60.9,90.4,38,61.9,94.1
M100,162.5,32,60.9,90.4,40,62.7,95.9
M100,162.5,34,60.9,91.5,36,61.4,93.4
M100,162.5,34,60.9,91.5,38,61.9,94.1
M100,162.5,34,60.9,91.5,40,62.7,95.9
M100,162.5,36,61.4,93.4,38,61.9,94.1
M100,162.5,36,61.4,93.4,40,62.7,95.9
M100,162.5,38,61.9,94.1,40,62.7,95.9
